08:21:37.574 INFO  o.s.s.web.DefaultSecurityFilterChain - Will secure any request with [org.springframework.security.web.session.DisableEncodeUrlFilter@4971a92a, org.springframework.security.web.context.request.async.WebAsyncManagerIntegrationFilter@459c7fa1, org.springframework.security.web.context.SecurityContextHolderFilter@4a105d1b, org.springframework.security.web.header.HeaderWriterFilter@5eeb7b5b, org.springframework.web.filter.CorsFilter@3b3e9814, org.springframework.security.web.authentication.logout.LogoutFilter@6d2058b1, com.example.smartschedule.security.JwtFilter@23b3afb4, org.springframework.security.web.savedrequest.RequestCacheAwareFilter@36c222ef, org.springframework.security.web.servletapi.SecurityContextHolderAwareRequestFilter@59606589, org.springframework.security.web.authentication.AnonymousAuthenticationFilter@239629ed, org.springframework.security.web.session.SessionManagementFilter@6ce45045, org.springframework.security.web.access.ExceptionTranslationFilter@9b2ce79, org.springframework.security.web.access.intercept.AuthorizationFilter@72018ba5]
08:23:36.447 DEBUG o.s.security.web.FilterChainProxy - Securing POST /api/auth/login
08:23:36.454 DEBUG o.s.s.w.a.AnonymousAuthenticationFilter - Set SecurityContextHolder to anonymous SecurityContext
08:23:36.456 DEBUG o.s.security.web.FilterChainProxy - Secured POST /api/auth/login
08:23:36.838 DEBUG o.s.s.a.d.DaoAuthenticationProvider - Authenticated user
08:25:53.153 INFO  o.s.s.web.DefaultSecurityFilterChain - Will secure any request with [org.springframework.security.web.session.DisableEncodeUrlFilter@31201bf6, org.springframework.security.web.context.request.async.WebAsyncManagerIntegrationFilter@4159113f, org.springframework.security.web.context.SecurityContextHolderFilter@31d5ce58, org.springframework.security.web.header.HeaderWriterFilter@6208a618, org.springframework.web.filter.CorsFilter@3333b099, org.springframework.security.web.authentication.logout.LogoutFilter@49bf6f8c, com.example.smartschedule.security.JwtFilter@28da5c4d, org.springframework.security.web.savedrequest.RequestCacheAwareFilter@594c830f, org.springframework.security.web.servletapi.SecurityContextHolderAwareRequestFilter@294e4c35, org.springframework.security.web.authentication.AnonymousAuthenticationFilter@281e2637, org.springframework.security.web.session.SessionManagementFilter@436dded, org.springframework.security.web.access.ExceptionTranslationFilter@4ae730ca, org.springframework.security.web.access.intercept.AuthorizationFilter@5c15d1bc]
08:25:56.965 DEBUG o.s.security.web.FilterChainProxy - Securing POST /api/auth/login
08:25:56.988 DEBUG o.s.s.w.a.AnonymousAuthenticationFilter - Set SecurityContextHolder to anonymous SecurityContext
08:25:56.992 DEBUG o.s.security.web.FilterChainProxy - Secured POST /api/auth/login
08:25:57.470 DEBUG o.s.s.a.d.DaoAuthenticationProvider - Authenticated user
08:27:02.341 DEBUG o.s.security.web.FilterChainProxy - Securing POST /api/auth/login
08:27:02.342 DEBUG o.s.s.w.a.AnonymousAuthenticationFilter - Set SecurityContextHolder to anonymous SecurityContext
08:27:02.342 DEBUG o.s.security.web.FilterChainProxy - Secured POST /api/auth/login
08:27:02.554 DEBUG o.s.s.a.d.DaoAuthenticationProvider - Authenticated user
08:27:10.568 DEBUG o.s.security.web.FilterChainProxy - Securing POST /api/auth/login
08:27:10.570 DEBUG o.s.s.w.a.AnonymousAuthenticationFilter - Set SecurityContextHolder to anonymous SecurityContext
08:27:10.570 DEBUG o.s.security.web.FilterChainProxy - Secured POST /api/auth/login
08:27:10.732 DEBUG o.s.s.a.d.DaoAuthenticationProvider - Authenticated user
08:27:42.938 DEBUG o.s.security.web.FilterChainProxy - Securing GET /api/appointments
08:27:43.010 DEBUG o.s.security.web.FilterChainProxy - Secured GET /api/appointments
08:27:43.012 DEBUG o.s.s.a.m.AuthorizationManagerBeforeMethodInterceptor - Authorizing method invocation ReflectiveMethodInvocation: public java.util.List com.example.smartschedule.controller.AppointmentController.getAppointments(org.springframework.security.core.Authentication); target is of class [com.example.smartschedule.controller.AppointmentController]
08:27:43.052 DEBUG o.s.s.a.m.AuthorizationManagerBeforeMethodInterceptor - Authorized method invocation ReflectiveMethodInvocation: public java.util.List com.example.smartschedule.controller.AppointmentController.getAppointments(org.springframework.security.core.Authentication); target is of class [com.example.smartschedule.controller.AppointmentController]
15:18:13.893 INFO  o.s.s.web.DefaultSecurityFilterChain - Will secure any request with [org.springframework.security.web.session.DisableEncodeUrlFilter@2fc70622, org.springframework.security.web.context.request.async.WebAsyncManagerIntegrationFilter@1e2d4645, org.springframework.security.web.context.SecurityContextHolderFilter@5f5efbfc, org.springframework.security.web.header.HeaderWriterFilter@239629ed, org.springframework.web.filter.CorsFilter@34eb24e2, org.springframework.security.web.authentication.logout.LogoutFilter@7df63a2d, com.example.smartschedule.security.JwtFilter@7be85f15, org.springframework.security.web.savedrequest.RequestCacheAwareFilter@6736c73e, org.springframework.security.web.servletapi.SecurityContextHolderAwareRequestFilter@4ae730ca, org.springframework.security.web.authentication.AnonymousAuthenticationFilter@4d8d21a3, org.springframework.security.web.session.SessionManagementFilter@b1caa00, org.springframework.security.web.access.ExceptionTranslationFilter@4971a92a, org.springframework.security.web.access.intercept.AuthorizationFilter@11c7756f]
15:18:17.557 DEBUG o.s.security.web.FilterChainProxy - Securing POST /api/auth/login
15:18:17.578 DEBUG o.s.s.w.a.AnonymousAuthenticationFilter - Set SecurityContextHolder to anonymous SecurityContext
15:18:17.581 DEBUG o.s.security.web.FilterChainProxy - Secured POST /api/auth/login
15:18:18.677 DEBUG o.s.s.a.d.DaoAuthenticationProvider - Authenticated user
15:37:43.029 INFO  o.s.s.web.DefaultSecurityFilterChain - Will secure any request with [org.springframework.security.web.session.DisableEncodeUrlFilter@1b3a8691, org.springframework.security.web.context.request.async.WebAsyncManagerIntegrationFilter@57d1e089, org.springframework.security.web.context.SecurityContextHolderFilter@4c110f87, org.springframework.security.web.header.HeaderWriterFilter@6697389c, org.springframework.web.filter.CorsFilter@669074df, org.springframework.security.web.authentication.logout.LogoutFilter@2935042e, com.example.smartschedule.security.JwtFilter@1e4bf55b, org.springframework.security.web.savedrequest.RequestCacheAwareFilter@60a07d77, org.springframework.security.web.servletapi.SecurityContextHolderAwareRequestFilter@76795a95, org.springframework.security.web.authentication.AnonymousAuthenticationFilter@780a021b, org.springframework.security.web.session.SessionManagementFilter@2cef365b, org.springframework.security.web.access.ExceptionTranslationFilter@6d69bdcc, org.springframework.security.web.access.intercept.AuthorizationFilter@2682fe42]
15:40:07.829 DEBUG o.s.security.web.FilterChainProxy - Securing POST /h2-console/login.do?jsessionid=9f189107ebd85a438da6b58b8fb4ccdb
15:40:07.854 DEBUG o.s.s.w.a.AnonymousAuthenticationFilter - Set SecurityContextHolder to anonymous SecurityContext
15:40:07.858 DEBUG o.s.security.web.FilterChainProxy - Secured POST /h2-console/login.do?jsessionid=9f189107ebd85a438da6b58b8fb4ccdb
15:40:07.977 DEBUG o.s.security.web.FilterChainProxy - Securing GET /h2-console/stylesheet.css
15:40:07.978 DEBUG o.s.s.w.a.AnonymousAuthenticationFilter - Set SecurityContextHolder to anonymous SecurityContext
15:40:07.979 DEBUG o.s.security.web.FilterChainProxy - Secured GET /h2-console/stylesheet.css
15:40:08.035 DEBUG o.s.security.web.FilterChainProxy - Securing GET /h2-console/login.jsp?jsessionid=35d69ecffad736039b82118b8b9c695b
15:40:08.038 DEBUG o.s.s.w.a.AnonymousAuthenticationFilter - Set SecurityContextHolder to anonymous SecurityContext
15:40:08.039 DEBUG o.s.security.web.FilterChainProxy - Secured GET /h2-console/login.jsp?jsessionid=35d69ecffad736039b82118b8b9c695b
15:40:08.096 DEBUG o.s.security.web.FilterChainProxy - Securing GET /h2-console/background.gif
15:40:08.098 DEBUG o.s.s.w.a.AnonymousAuthenticationFilter - Set SecurityContextHolder to anonymous SecurityContext
15:40:08.098 DEBUG o.s.security.web.FilterChainProxy - Secured GET /h2-console/background.gif
15:40:08.325 DEBUG o.s.security.web.FilterChainProxy - Securing GET /favicon.ico
15:40:08.327 DEBUG o.s.s.w.a.AnonymousAuthenticationFilter - Set SecurityContextHolder to anonymous SecurityContext
15:40:08.333 DEBUG o.s.s.w.a.Http403ForbiddenEntryPoint - Pre-authenticated entry point called. Rejecting access
15:40:08.384 DEBUG o.s.security.web.FilterChainProxy - Securing GET /error
15:40:08.385 DEBUG o.s.s.w.a.AnonymousAuthenticationFilter - Set SecurityContextHolder to anonymous SecurityContext
15:40:08.385 DEBUG o.s.s.w.a.Http403ForbiddenEntryPoint - Pre-authenticated entry point called. Rejecting access
15:40:09.536 DEBUG o.s.security.web.FilterChainProxy - Securing POST /h2-console/login.do?jsessionid=35d69ecffad736039b82118b8b9c695b
15:40:09.537 DEBUG o.s.s.w.a.AnonymousAuthenticationFilter - Set SecurityContextHolder to anonymous SecurityContext
15:40:09.537 DEBUG o.s.security.web.FilterChainProxy - Secured POST /h2-console/login.do?jsessionid=35d69ecffad736039b82118b8b9c695b
15:40:09.598 DEBUG o.s.security.web.FilterChainProxy - Securing GET /h2-console/header.jsp?jsessionid=35d69ecffad736039b82118b8b9c695b
15:40:09.599 DEBUG o.s.s.w.a.AnonymousAuthenticationFilter - Set SecurityContextHolder to anonymous SecurityContext
15:40:09.600 DEBUG o.s.security.web.FilterChainProxy - Secured GET /h2-console/header.jsp?jsessionid=35d69ecffad736039b82118b8b9c695b
15:40:09.611 DEBUG o.s.security.web.FilterChainProxy - Securing GET /h2-console/query.jsp?jsessionid=35d69ecffad736039b82118b8b9c695b
15:40:09.612 DEBUG o.s.s.w.a.AnonymousAuthenticationFilter - Set SecurityContextHolder to anonymous SecurityContext
15:40:09.612 DEBUG o.s.security.web.FilterChainProxy - Secured GET /h2-console/query.jsp?jsessionid=35d69ecffad736039b82118b8b9c695b
15:40:09.628 DEBUG o.s.security.web.FilterChainProxy - Securing GET /h2-console/help.jsp?jsessionid=35d69ecffad736039b82118b8b9c695b
15:40:09.628 DEBUG o.s.s.w.a.AnonymousAuthenticationFilter - Set SecurityContextHolder to anonymous SecurityContext
15:40:09.629 DEBUG o.s.security.web.FilterChainProxy - Secured GET /h2-console/help.jsp?jsessionid=35d69ecffad736039b82118b8b9c695b
15:40:09.662 DEBUG o.s.security.web.FilterChainProxy - Securing GET /h2-console/tables.do?jsessionid=35d69ecffad736039b82118b8b9c695b
15:40:09.663 DEBUG o.s.s.w.a.AnonymousAuthenticationFilter - Set SecurityContextHolder to anonymous SecurityContext
15:40:09.664 DEBUG o.s.security.web.FilterChainProxy - Secured GET /h2-console/tables.do?jsessionid=35d69ecffad736039b82118b8b9c695b
15:40:09.872 DEBUG o.s.security.web.FilterChainProxy - Securing GET /h2-console/icon_help.gif
15:40:09.873 DEBUG o.s.s.w.a.AnonymousAuthenticationFilter - Set SecurityContextHolder to anonymous SecurityContext
15:40:09.874 DEBUG o.s.security.web.FilterChainProxy - Secured GET /h2-console/icon_help.gif
15:40:09.910 DEBUG o.s.security.web.FilterChainProxy - Securing GET /h2-console/icon_run_selected.gif
15:40:09.911 DEBUG o.s.s.w.a.AnonymousAuthenticationFilter - Set SecurityContextHolder to anonymous SecurityContext
15:40:09.911 DEBUG o.s.security.web.FilterChainProxy - Secured GET /h2-console/icon_run_selected.gif
15:40:09.928 DEBUG o.s.security.web.FilterChainProxy - Securing GET /h2-console/icon_history.gif
15:40:09.929 DEBUG o.s.s.w.a.AnonymousAuthenticationFilter - Set SecurityContextHolder to anonymous SecurityContext
15:40:09.929 DEBUG o.s.security.web.FilterChainProxy - Secured GET /h2-console/icon_history.gif
15:40:09.942 DEBUG o.s.security.web.FilterChainProxy - Securing GET /h2-console/icon_help.gif
15:40:09.943 DEBUG o.s.s.w.a.AnonymousAuthenticationFilter - Set SecurityContextHolder to anonymous SecurityContext
15:40:09.944 DEBUG o.s.security.web.FilterChainProxy - Secured GET /h2-console/icon_help.gif
15:40:09.950 DEBUG o.s.security.web.FilterChainProxy - Securing GET /h2-console/icon_run_selected.gif
15:40:09.953 DEBUG o.s.s.w.a.AnonymousAuthenticationFilter - Set SecurityContextHolder to anonymous SecurityContext
15:40:09.956 DEBUG o.s.security.web.FilterChainProxy - Secured GET /h2-console/icon_run_selected.gif
15:40:09.969 DEBUG o.s.security.web.FilterChainProxy - Securing GET /h2-console/icon_stop.gif
15:40:09.971 DEBUG o.s.s.w.a.AnonymousAuthenticationFilter - Set SecurityContextHolder to anonymous SecurityContext
15:40:09.972 DEBUG o.s.security.web.FilterChainProxy - Secured GET /h2-console/icon_stop.gif
15:40:09.977 DEBUG o.s.security.web.FilterChainProxy - Securing GET /h2-console/icon_history.gif
15:40:09.978 DEBUG o.s.s.w.a.AnonymousAuthenticationFilter - Set SecurityContextHolder to anonymous SecurityContext
15:40:09.978 DEBUG o.s.security.web.FilterChainProxy - Secured GET /h2-console/icon_history.gif
15:40:09.991 DEBUG o.s.security.web.FilterChainProxy - Securing GET /h2-console/icon_disconnect.gif
15:40:09.993 DEBUG o.s.s.w.a.AnonymousAuthenticationFilter - Set SecurityContextHolder to anonymous SecurityContext
15:40:09.994 DEBUG o.s.security.web.FilterChainProxy - Secured GET /h2-console/icon_disconnect.gif
15:40:09.994 DEBUG o.s.security.web.FilterChainProxy - Securing GET /h2-console/icon_line.gif
15:40:09.994 DEBUG o.s.s.w.a.AnonymousAuthenticationFilter - Set SecurityContextHolder to anonymous SecurityContext
15:40:09.995 DEBUG o.s.security.web.FilterChainProxy - Secured GET /h2-console/icon_line.gif
15:40:10.015 DEBUG o.s.security.web.FilterChainProxy - Securing GET /h2-console/icon_disconnect.gif
15:40:10.015 DEBUG o.s.security.web.FilterChainProxy - Securing GET /h2-console/icon_refresh.gif
15:40:10.015 DEBUG o.s.s.w.a.AnonymousAuthenticationFilter - Set SecurityContextHolder to anonymous SecurityContext
15:40:10.015 DEBUG o.s.s.w.a.AnonymousAuthenticationFilter - Set SecurityContextHolder to anonymous SecurityContext
15:40:10.015 DEBUG o.s.security.web.FilterChainProxy - Secured GET /h2-console/icon_disconnect.gif
15:40:10.015 DEBUG o.s.security.web.FilterChainProxy - Secured GET /h2-console/icon_refresh.gif
15:40:10.027 DEBUG o.s.security.web.FilterChainProxy - Securing GET /h2-console/icon_rollback.gif
15:40:10.028 DEBUG o.s.s.w.a.AnonymousAuthenticationFilter - Set SecurityContextHolder to anonymous SecurityContext
15:40:10.029 DEBUG o.s.security.web.FilterChainProxy - Secured GET /h2-console/icon_rollback.gif
15:40:10.030 DEBUG o.s.security.web.FilterChainProxy - Securing GET /h2-console/icon_commit.gif
15:40:10.031 DEBUG o.s.s.w.a.AnonymousAuthenticationFilter - Set SecurityContextHolder to anonymous SecurityContext
15:40:10.031 DEBUG o.s.security.web.FilterChainProxy - Secured GET /h2-console/icon_commit.gif
15:40:10.044 DEBUG o.s.security.web.FilterChainProxy - Securing GET /h2-console/icon_run.gif
15:40:10.045 DEBUG o.s.s.w.a.AnonymousAuthenticationFilter - Set SecurityContextHolder to anonymous SecurityContext
15:40:10.045 DEBUG o.s.security.web.FilterChainProxy - Secured GET /h2-console/icon_run.gif
15:40:10.065 DEBUG o.s.security.web.FilterChainProxy - Securing GET /h2-console/icon_run.gif
15:40:10.066 DEBUG o.s.s.w.a.AnonymousAuthenticationFilter - Set SecurityContextHolder to anonymous SecurityContext
15:40:10.066 DEBUG o.s.security.web.FilterChainProxy - Secured GET /h2-console/icon_run.gif
15:40:10.133 DEBUG o.s.security.web.FilterChainProxy - Securing GET /h2-console/tree.js
15:40:10.134 DEBUG o.s.s.w.a.AnonymousAuthenticationFilter - Set SecurityContextHolder to anonymous SecurityContext
15:40:10.134 DEBUG o.s.security.web.FilterChainProxy - Secured GET /h2-console/tree.js
15:40:10.158 DEBUG o.s.security.web.FilterChainProxy - Securing GET /h2-console/tree_plus.gif
15:40:10.159 DEBUG o.s.s.w.a.AnonymousAuthenticationFilter - Set SecurityContextHolder to anonymous SecurityContext
15:40:10.159 DEBUG o.s.security.web.FilterChainProxy - Secured GET /h2-console/tree_plus.gif
15:40:10.161 DEBUG o.s.security.web.FilterChainProxy - Securing GET /h2-console/tree_database.gif
15:40:10.162 DEBUG o.s.s.w.a.AnonymousAuthenticationFilter - Set SecurityContextHolder to anonymous SecurityContext
15:40:10.162 DEBUG o.s.security.web.FilterChainProxy - Secured GET /h2-console/tree_database.gif
15:40:10.170 DEBUG o.s.security.web.FilterChainProxy - Securing GET /h2-console/tree_minus.gif
15:40:10.176 DEBUG o.s.s.w.a.AnonymousAuthenticationFilter - Set SecurityContextHolder to anonymous SecurityContext
15:40:10.176 DEBUG o.s.security.web.FilterChainProxy - Secured GET /h2-console/tree_minus.gif
15:40:10.192 DEBUG o.s.security.web.FilterChainProxy - Securing GET /h2-console/tree_table.gif
15:40:10.193 DEBUG o.s.s.w.a.AnonymousAuthenticationFilter - Set SecurityContextHolder to anonymous SecurityContext
15:40:10.194 DEBUG o.s.security.web.FilterChainProxy - Secured GET /h2-console/tree_table.gif
15:40:10.202 DEBUG o.s.security.web.FilterChainProxy - Securing GET /h2-console/tree_empty.gif
15:40:10.202 DEBUG o.s.s.w.a.AnonymousAuthenticationFilter - Set SecurityContextHolder to anonymous SecurityContext
15:40:10.204 DEBUG o.s.security.web.FilterChainProxy - Secured GET /h2-console/tree_empty.gif
15:40:10.207 DEBUG o.s.security.web.FilterChainProxy - Securing GET /h2-console/tree_column.gif
15:40:10.208 DEBUG o.s.s.w.a.AnonymousAuthenticationFilter - Set SecurityContextHolder to anonymous SecurityContext
15:40:10.209 DEBUG o.s.security.web.FilterChainProxy - Secured GET /h2-console/tree_column.gif
15:40:10.215 DEBUG o.s.security.web.FilterChainProxy - Securing GET /h2-console/tree_type.gif
15:40:10.218 DEBUG o.s.s.w.a.AnonymousAuthenticationFilter - Set SecurityContextHolder to anonymous SecurityContext
15:40:10.219 DEBUG o.s.security.web.FilterChainProxy - Secured GET /h2-console/tree_type.gif
15:40:10.232 DEBUG o.s.security.web.FilterChainProxy - Securing GET /h2-console/tree_info.gif
15:40:10.233 DEBUG o.s.s.w.a.AnonymousAuthenticationFilter - Set SecurityContextHolder to anonymous SecurityContext
15:40:10.234 DEBUG o.s.security.web.FilterChainProxy - Secured GET /h2-console/tree_info.gif
15:40:10.244 DEBUG o.s.security.web.FilterChainProxy - Securing GET /h2-console/tree_users.gif
15:40:10.245 DEBUG o.s.s.w.a.AnonymousAuthenticationFilter - Set SecurityContextHolder to anonymous SecurityContext
15:40:10.246 DEBUG o.s.security.web.FilterChainProxy - Secured GET /h2-console/tree_users.gif
15:40:10.264 DEBUG o.s.security.web.FilterChainProxy - Securing GET /h2-console/tree_index_az.gif
15:40:10.264 DEBUG o.s.s.w.a.AnonymousAuthenticationFilter - Set SecurityContextHolder to anonymous SecurityContext
15:40:10.266 DEBUG o.s.security.web.FilterChainProxy - Securing GET /h2-console/tree_folder.gif
15:40:10.266 DEBUG o.s.s.w.a.AnonymousAuthenticationFilter - Set SecurityContextHolder to anonymous SecurityContext
15:40:10.267 DEBUG o.s.security.web.FilterChainProxy - Secured GET /h2-console/tree_folder.gif
15:40:10.271 DEBUG o.s.security.web.FilterChainProxy - Secured GET /h2-console/tree_index_az.gif
15:40:10.272 DEBUG o.s.security.web.FilterChainProxy - Securing GET /h2-console/tree_index.gif
15:40:10.273 DEBUG o.s.s.w.a.AnonymousAuthenticationFilter - Set SecurityContextHolder to anonymous SecurityContext
15:40:10.274 DEBUG o.s.security.web.FilterChainProxy - Secured GET /h2-console/tree_index.gif
15:40:10.282 DEBUG o.s.security.web.FilterChainProxy - Securing GET /h2-console/tree_view.gif
15:40:10.283 DEBUG o.s.s.w.a.AnonymousAuthenticationFilter - Set SecurityContextHolder to anonymous SecurityContext
15:40:10.283 DEBUG o.s.security.web.FilterChainProxy - Secured GET /h2-console/tree_view.gif
15:40:10.286 DEBUG o.s.security.web.FilterChainProxy - Securing GET /h2-console/tree_user.gif
15:40:10.287 DEBUG o.s.s.w.a.AnonymousAuthenticationFilter - Set SecurityContextHolder to anonymous SecurityContext
15:40:10.290 DEBUG o.s.security.web.FilterChainProxy - Secured GET /h2-console/tree_user.gif
15:40:10.315 DEBUG o.s.security.web.FilterChainProxy - Securing GET /favicon.ico
15:40:10.316 DEBUG o.s.s.w.a.AnonymousAuthenticationFilter - Set SecurityContextHolder to anonymous SecurityContext
15:40:10.318 DEBUG o.s.s.w.a.Http403ForbiddenEntryPoint - Pre-authenticated entry point called. Rejecting access
15:40:10.320 DEBUG o.s.security.web.FilterChainProxy - Securing GET /error
15:40:10.321 DEBUG o.s.s.w.a.AnonymousAuthenticationFilter - Set SecurityContextHolder to anonymous SecurityContext
15:40:10.321 DEBUG o.s.s.w.a.Http403ForbiddenEntryPoint - Pre-authenticated entry point called. Rejecting access
15:40:13.522 DEBUG o.s.security.web.FilterChainProxy - Securing POST /h2-console/query.do?jsessionid=35d69ecffad736039b82118b8b9c695b
15:40:13.524 DEBUG o.s.s.w.a.AnonymousAuthenticationFilter - Set SecurityContextHolder to anonymous SecurityContext
15:40:13.525 DEBUG o.s.security.web.FilterChainProxy - Secured POST /h2-console/query.do?jsessionid=35d69ecffad736039b82118b8b9c695b
15:40:13.591 DEBUG o.s.security.web.FilterChainProxy - Securing GET /h2-console/table.js
15:40:13.592 DEBUG o.s.s.w.a.AnonymousAuthenticationFilter - Set SecurityContextHolder to anonymous SecurityContext
15:40:13.592 DEBUG o.s.security.web.FilterChainProxy - Secured GET /h2-console/table.js
15:40:32.822 DEBUG o.s.security.web.FilterChainProxy - Securing POST /api/auth/login
15:40:32.825 DEBUG o.s.s.w.a.AnonymousAuthenticationFilter - Set SecurityContextHolder to anonymous SecurityContext
15:40:32.826 DEBUG o.s.security.web.FilterChainProxy - Secured POST /api/auth/login
15:40:34.181 DEBUG o.s.s.a.d.DaoAuthenticationProvider - Authenticated user
15:41:11.303 DEBUG o.s.security.web.FilterChainProxy - Securing DELETE /api/admin/users/3
15:41:11.555 DEBUG o.s.security.web.FilterChainProxy - Secured DELETE /api/admin/users/3
15:41:11.572 DEBUG o.s.s.a.m.AuthorizationManagerBeforeMethodInterceptor - Authorizing method invocation ReflectiveMethodInvocation: public void com.example.smartschedule.controller.AdminController.deleteUser(java.lang.Long); target is of class [com.example.smartschedule.controller.AdminController]
15:41:11.669 DEBUG o.s.s.a.m.AuthorizationManagerBeforeMethodInterceptor - Authorized method invocation ReflectiveMethodInvocation: public void com.example.smartschedule.controller.AdminController.deleteUser(java.lang.Long); target is of class [com.example.smartschedule.controller.AdminController]
15:41:36.691 DEBUG o.s.security.web.FilterChainProxy - Securing POST /api/auth/register
15:41:36.691 DEBUG o.s.s.w.a.AnonymousAuthenticationFilter - Set SecurityContextHolder to anonymous SecurityContext
15:41:36.692 DEBUG o.s.security.web.FilterChainProxy - Secured POST /api/auth/register
15:41:43.430 DEBUG o.s.security.web.FilterChainProxy - Securing DELETE /api/admin/users/4
15:41:43.450 DEBUG o.s.security.web.FilterChainProxy - Secured DELETE /api/admin/users/4
15:41:43.451 DEBUG o.s.s.a.m.AuthorizationManagerBeforeMethodInterceptor - Authorizing method invocation ReflectiveMethodInvocation: public void com.example.smartschedule.controller.AdminController.deleteUser(java.lang.Long); target is of class [com.example.smartschedule.controller.AdminController]
15:41:43.451 DEBUG o.s.s.a.m.AuthorizationManagerBeforeMethodInterceptor - Authorized method invocation ReflectiveMethodInvocation: public void com.example.smartschedule.controller.AdminController.deleteUser(java.lang.Long); target is of class [com.example.smartschedule.controller.AdminController]
15:41:48.311 DEBUG o.s.security.web.FilterChainProxy - Securing POST /h2-console/query.do?jsessionid=35d69ecffad736039b82118b8b9c695b
15:41:48.312 DEBUG o.s.s.w.a.AnonymousAuthenticationFilter - Set SecurityContextHolder to anonymous SecurityContext
15:41:48.312 DEBUG o.s.security.web.FilterChainProxy - Secured POST /h2-console/query.do?jsessionid=35d69ecffad736039b82118b8b9c695b
15:41:48.323 DEBUG o.s.security.web.FilterChainProxy - Securing GET /h2-console/stylesheet.css
15:41:48.324 DEBUG o.s.s.w.a.AnonymousAuthenticationFilter - Set SecurityContextHolder to anonymous SecurityContext
15:41:48.324 DEBUG o.s.security.web.FilterChainProxy - Secured GET /h2-console/stylesheet.css
15:41:48.328 DEBUG o.s.security.web.FilterChainProxy - Securing GET /h2-console/table.js
15:41:48.328 DEBUG o.s.s.w.a.AnonymousAuthenticationFilter - Set SecurityContextHolder to anonymous SecurityContext
15:41:48.328 DEBUG o.s.security.web.FilterChainProxy - Secured GET /h2-console/table.js
15:41:49.919 DEBUG o.s.security.web.FilterChainProxy - Securing POST /h2-console/query.do?jsessionid=35d69ecffad736039b82118b8b9c695b
15:41:49.920 DEBUG o.s.s.w.a.AnonymousAuthenticationFilter - Set SecurityContextHolder to anonymous SecurityContext
15:41:49.920 DEBUG o.s.security.web.FilterChainProxy - Secured POST /h2-console/query.do?jsessionid=35d69ecffad736039b82118b8b9c695b
15:43:35.356 DEBUG o.s.security.web.FilterChainProxy - Securing PUT /api/admin/users/4
15:43:35.356 DEBUG o.s.s.w.a.AnonymousAuthenticationFilter - Set SecurityContextHolder to anonymous SecurityContext
15:43:35.357 DEBUG o.s.s.w.a.Http403ForbiddenEntryPoint - Pre-authenticated entry point called. Rejecting access
15:43:35.359 DEBUG o.s.security.web.FilterChainProxy - Securing PUT /error
15:43:35.359 DEBUG o.s.s.w.a.AnonymousAuthenticationFilter - Set SecurityContextHolder to anonymous SecurityContext
15:43:35.360 DEBUG o.s.s.w.a.Http403ForbiddenEntryPoint - Pre-authenticated entry point called. Rejecting access
15:44:19.925 DEBUG o.s.security.web.FilterChainProxy - Securing GET /ws
15:44:19.926 DEBUG o.s.s.w.a.AnonymousAuthenticationFilter - Set SecurityContextHolder to anonymous SecurityContext
15:44:19.926 DEBUG o.s.security.web.FilterChainProxy - Secured GET /ws
15:44:51.868 DEBUG o.s.security.web.FilterChainProxy - Securing POST /h2-console/query.do?jsessionid=35d69ecffad736039b82118b8b9c695b
15:44:51.869 DEBUG o.s.s.w.a.AnonymousAuthenticationFilter - Set SecurityContextHolder to anonymous SecurityContext
15:44:51.870 DEBUG o.s.security.web.FilterChainProxy - Secured POST /h2-console/query.do?jsessionid=35d69ecffad736039b82118b8b9c695b
15:44:51.905 DEBUG o.s.security.web.FilterChainProxy - Securing GET /h2-console/stylesheet.css
15:44:51.907 DEBUG o.s.s.w.a.AnonymousAuthenticationFilter - Set SecurityContextHolder to anonymous SecurityContext
15:44:51.907 DEBUG o.s.security.web.FilterChainProxy - Secured GET /h2-console/stylesheet.css
15:44:51.917 DEBUG o.s.security.web.FilterChainProxy - Securing GET /h2-console/table.js
15:44:51.917 DEBUG o.s.s.w.a.AnonymousAuthenticationFilter - Set SecurityContextHolder to anonymous SecurityContext
15:44:51.918 DEBUG o.s.security.web.FilterChainProxy - Secured GET /h2-console/table.js
15:45:01.166 DEBUG o.s.security.web.FilterChainProxy - Securing POST /api/auth/login
15:45:01.166 DEBUG o.s.s.w.a.AnonymousAuthenticationFilter - Set SecurityContextHolder to anonymous SecurityContext
15:45:01.166 DEBUG o.s.security.web.FilterChainProxy - Secured POST /api/auth/login
15:45:01.436 DEBUG o.s.s.a.d.DaoAuthenticationProvider - Authenticated user
15:45:21.543 DEBUG o.s.security.web.FilterChainProxy - Securing PUT /api/appointments/1/status?status=APPROVED
15:45:21.552 DEBUG o.s.security.web.FilterChainProxy - Secured PUT /api/appointments/1/status?status=APPROVED
15:45:21.562 DEBUG o.s.s.a.m.AuthorizationManagerBeforeMethodInterceptor - Authorizing method invocation ReflectiveMethodInvocation: public com.example.smartschedule.entity.Appointment com.example.smartschedule.controller.AppointmentController.updateStatus(java.lang.Long,com.example.smartschedule.entity.AppointmentStatus,org.springframework.security.core.Authentication); target is of class [com.example.smartschedule.controller.AppointmentController]
15:45:21.566 DEBUG o.s.s.a.m.AuthorizationManagerBeforeMethodInterceptor - Authorized method invocation ReflectiveMethodInvocation: public com.example.smartschedule.entity.Appointment com.example.smartschedule.controller.AppointmentController.updateStatus(java.lang.Long,com.example.smartschedule.entity.AppointmentStatus,org.springframework.security.core.Authentication); target is of class [com.example.smartschedule.controller.AppointmentController]
15:45:47.120 DEBUG o.s.security.web.FilterChainProxy - Securing GET /ws
15:45:47.121 DEBUG o.s.s.w.a.AnonymousAuthenticationFilter - Set SecurityContextHolder to anonymous SecurityContext
15:45:47.122 DEBUG o.s.security.web.FilterChainProxy - Secured GET /ws
15:45:53.131 DEBUG o.s.security.web.FilterChainProxy - Securing GET /ws
15:45:53.131 DEBUG o.s.s.w.a.AnonymousAuthenticationFilter - Set SecurityContextHolder to anonymous SecurityContext
15:45:53.131 DEBUG o.s.security.web.FilterChainProxy - Secured GET /ws
15:47:51.538 INFO  o.s.s.web.DefaultSecurityFilterChain - Will secure any request with [org.springframework.security.web.session.DisableEncodeUrlFilter@1e2d4645, org.springframework.security.web.context.request.async.WebAsyncManagerIntegrationFilter@34eb24e2, org.springframework.security.web.context.SecurityContextHolderFilter@317c16bd, org.springframework.security.web.header.HeaderWriterFilter@676aec4c, org.springframework.web.filter.CorsFilter@4d8d21a3, org.springframework.security.web.authentication.logout.LogoutFilter@2682fe42, com.example.smartschedule.security.JwtFilter@673fdc28, org.springframework.security.web.savedrequest.RequestCacheAwareFilter@4ae730ca, org.springframework.security.web.servletapi.SecurityContextHolderAwareRequestFilter@62ceb371, org.springframework.security.web.authentication.AnonymousAuthenticationFilter@5aecd826, org.springframework.security.web.session.SessionManagementFilter@6987f367, org.springframework.security.web.access.ExceptionTranslationFilter@459c7fa1, org.springframework.security.web.access.intercept.AuthorizationFilter@35798cd0]
15:47:56.073 DEBUG o.s.security.web.FilterChainProxy - Securing GET /ws
15:47:56.092 DEBUG o.s.s.w.a.AnonymousAuthenticationFilter - Set SecurityContextHolder to anonymous SecurityContext
15:47:56.100 DEBUG o.s.security.web.FilterChainProxy - Secured GET /ws
15:48:02.654 DEBUG o.s.security.web.FilterChainProxy - Securing PUT /api/appointments/1/status?status=APPROVED
15:48:03.360 DEBUG o.s.security.web.FilterChainProxy - Secured PUT /api/appointments/1/status?status=APPROVED
15:48:03.438 DEBUG o.s.s.a.m.AuthorizationManagerBeforeMethodInterceptor - Authorizing method invocation ReflectiveMethodInvocation: public com.example.smartschedule.entity.Appointment com.example.smartschedule.controller.AppointmentController.updateStatus(java.lang.Long,com.example.smartschedule.entity.AppointmentStatus,org.springframework.security.core.Authentication); target is of class [com.example.smartschedule.controller.AppointmentController]
15:48:03.502 DEBUG o.s.s.a.m.AuthorizationManagerBeforeMethodInterceptor - Authorized method invocation ReflectiveMethodInvocation: public com.example.smartschedule.entity.Appointment com.example.smartschedule.controller.AppointmentController.updateStatus(java.lang.Long,com.example.smartschedule.entity.AppointmentStatus,org.springframework.security.core.Authentication); target is of class [com.example.smartschedule.controller.AppointmentController]
15:48:15.157 DEBUG o.s.security.web.FilterChainProxy - Securing PUT /api/appointments/1/status?status=APPROVED
15:48:15.195 DEBUG o.s.security.web.FilterChainProxy - Securing PUT /error?status=APPROVED
15:48:15.195 DEBUG o.s.s.w.a.AnonymousAuthenticationFilter - Set SecurityContextHolder to anonymous SecurityContext
15:48:15.197 DEBUG o.s.s.w.a.Http403ForbiddenEntryPoint - Pre-authenticated entry point called. Rejecting access
15:48:20.310 DEBUG o.s.security.web.FilterChainProxy - Securing PUT /api/appointments/1/status?status=APPROVED
15:48:20.328 DEBUG o.s.security.web.FilterChainProxy - Secured PUT /api/appointments/1/status?status=APPROVED
15:48:20.329 DEBUG o.s.s.a.m.AuthorizationManagerBeforeMethodInterceptor - Authorizing method invocation ReflectiveMethodInvocation: public com.example.smartschedule.entity.Appointment com.example.smartschedule.controller.AppointmentController.updateStatus(java.lang.Long,com.example.smartschedule.entity.AppointmentStatus,org.springframework.security.core.Authentication); target is of class [com.example.smartschedule.controller.AppointmentController]
15:48:20.330 DEBUG o.s.s.a.m.AuthorizationManagerBeforeMethodInterceptor - Authorized method invocation ReflectiveMethodInvocation: public com.example.smartschedule.entity.Appointment com.example.smartschedule.controller.AppointmentController.updateStatus(java.lang.Long,com.example.smartschedule.entity.AppointmentStatus,org.springframework.security.core.Authentication); target is of class [com.example.smartschedule.controller.AppointmentController]
15:51:10.868 DEBUG o.s.security.web.FilterChainProxy - Securing PUT /api/appointments/1/status?status=APPROVED
15:51:10.887 DEBUG o.s.security.web.FilterChainProxy - Secured PUT /api/appointments/1/status?status=APPROVED
15:51:10.889 DEBUG o.s.s.a.m.AuthorizationManagerBeforeMethodInterceptor - Authorizing method invocation ReflectiveMethodInvocation: public com.example.smartschedule.entity.Appointment com.example.smartschedule.controller.AppointmentController.updateStatus(java.lang.Long,com.example.smartschedule.entity.AppointmentStatus,org.springframework.security.core.Authentication); target is of class [com.example.smartschedule.controller.AppointmentController]
15:51:10.889 DEBUG o.s.s.a.m.AuthorizationManagerBeforeMethodInterceptor - Authorized method invocation ReflectiveMethodInvocation: public com.example.smartschedule.entity.Appointment com.example.smartschedule.controller.AppointmentController.updateStatus(java.lang.Long,com.example.smartschedule.entity.AppointmentStatus,org.springframework.security.core.Authentication); target is of class [com.example.smartschedule.controller.AppointmentController]
15:54:01.154 INFO  o.s.s.web.DefaultSecurityFilterChain - Will secure any request with [org.springframework.security.web.session.DisableEncodeUrlFilter@5b933786, org.springframework.security.web.context.request.async.WebAsyncManagerIntegrationFilter@48158b86, org.springframework.security.web.context.SecurityContextHolderFilter@6d8d78a, org.springframework.security.web.header.HeaderWriterFilter@4c110f87, org.springframework.web.filter.CorsFilter@39b8313d, org.springframework.security.web.authentication.logout.LogoutFilter@6f46764d, com.example.smartschedule.security.JwtFilter@410e043b, org.springframework.security.web.savedrequest.RequestCacheAwareFilter@2655ccbd, org.springframework.security.web.servletapi.SecurityContextHolderAwareRequestFilter@62d42eb7, org.springframework.security.web.authentication.AnonymousAuthenticationFilter@49bf6f8c, org.springframework.security.web.session.SessionManagementFilter@33d6886b, org.springframework.security.web.access.ExceptionTranslationFilter@2cef365b, org.springframework.security.web.access.intercept.AuthorizationFilter@43a65f56]
15:55:34.287 DEBUG o.s.security.web.FilterChainProxy - Securing GET /ws
15:55:34.301 DEBUG o.s.s.w.a.AnonymousAuthenticationFilter - Set SecurityContextHolder to anonymous SecurityContext
15:55:34.303 DEBUG o.s.security.web.FilterChainProxy - Secured GET /ws
16:00:47.838 INFO  o.s.s.web.DefaultSecurityFilterChain - Will secure any request with [org.springframework.security.web.session.DisableEncodeUrlFilter@1bf00a6f, org.springframework.security.web.context.request.async.WebAsyncManagerIntegrationFilter@5da1d91, org.springframework.security.web.context.SecurityContextHolderFilter@39b8313d, org.springframework.security.web.header.HeaderWriterFilter@669074df, org.springframework.web.filter.CorsFilter@33c28f0d, org.springframework.security.web.authentication.logout.LogoutFilter@3d4d2e29, com.example.smartschedule.security.JwtFilter@4246f904, org.springframework.security.web.savedrequest.RequestCacheAwareFilter@b525e3a, org.springframework.security.web.servletapi.SecurityContextHolderAwareRequestFilter@6fffad6d, org.springframework.security.web.authentication.AnonymousAuthenticationFilter@2429a26f, org.springframework.security.web.session.SessionManagementFilter@6782feb8, org.springframework.security.web.access.ExceptionTranslationFilter@27f73e68, org.springframework.security.web.access.intercept.AuthorizationFilter@418ee41b]
16:00:50.473 DEBUG o.s.security.web.FilterChainProxy - Securing GET /ws-test.html
16:00:50.495 DEBUG o.s.s.w.a.AnonymousAuthenticationFilter - Set SecurityContextHolder to anonymous SecurityContext
16:00:50.500 DEBUG o.s.s.w.a.Http403ForbiddenEntryPoint - Pre-authenticated entry point called. Rejecting access
16:00:50.526 DEBUG o.s.security.web.FilterChainProxy - Securing GET /error
16:00:50.528 DEBUG o.s.s.w.a.AnonymousAuthenticationFilter - Set SecurityContextHolder to anonymous SecurityContext
16:00:50.528 DEBUG o.s.s.w.a.Http403ForbiddenEntryPoint - Pre-authenticated entry point called. Rejecting access
16:02:05.219 DEBUG o.s.security.web.FilterChainProxy - Securing GET /ws
16:02:05.220 DEBUG o.s.s.w.a.AnonymousAuthenticationFilter - Set SecurityContextHolder to anonymous SecurityContext
16:02:05.223 DEBUG o.s.security.web.FilterChainProxy - Secured GET /ws
16:02:31.244 DEBUG o.s.security.web.FilterChainProxy - Securing GET /ws
16:02:31.246 DEBUG o.s.s.w.a.AnonymousAuthenticationFilter - Set SecurityContextHolder to anonymous SecurityContext
16:02:31.248 DEBUG o.s.security.web.FilterChainProxy - Secured GET /ws
16:03:26.787 DEBUG o.s.security.web.FilterChainProxy - Securing GET /ws-test.html
16:03:26.788 DEBUG o.s.s.w.a.AnonymousAuthenticationFilter - Set SecurityContextHolder to anonymous SecurityContext
16:03:26.790 DEBUG o.s.s.w.a.Http403ForbiddenEntryPoint - Pre-authenticated entry point called. Rejecting access
16:03:26.792 DEBUG o.s.security.web.FilterChainProxy - Securing GET /error
16:03:26.794 DEBUG o.s.s.w.a.AnonymousAuthenticationFilter - Set SecurityContextHolder to anonymous SecurityContext
16:03:26.794 DEBUG o.s.s.w.a.Http403ForbiddenEntryPoint - Pre-authenticated entry point called. Rejecting access
16:04:58.771 DEBUG o.s.security.web.FilterChainProxy - Securing GET /ws-test.html
16:04:58.774 DEBUG o.s.s.w.a.AnonymousAuthenticationFilter - Set SecurityContextHolder to anonymous SecurityContext
16:04:58.777 DEBUG o.s.s.w.a.Http403ForbiddenEntryPoint - Pre-authenticated entry point called. Rejecting access
16:04:58.781 DEBUG o.s.security.web.FilterChainProxy - Securing GET /error
16:04:58.782 DEBUG o.s.s.w.a.AnonymousAuthenticationFilter - Set SecurityContextHolder to anonymous SecurityContext
16:04:58.782 DEBUG o.s.s.w.a.Http403ForbiddenEntryPoint - Pre-authenticated entry point called. Rejecting access
16:15:38.187 INFO  o.s.s.web.DefaultSecurityFilterChain - Will secure any request with [org.springframework.security.web.session.DisableEncodeUrlFilter@3f9167f7, org.springframework.security.web.context.request.async.WebAsyncManagerIntegrationFilter@6a72d301, org.springframework.security.web.context.SecurityContextHolderFilter@17b65876, org.springframework.security.web.header.HeaderWriterFilter@a95c1f6, org.springframework.web.filter.CorsFilter@4d6f83a5, org.springframework.security.web.authentication.logout.LogoutFilter@39b704f7, com.example.smartschedule.security.JwtFilter@48619f15, org.springframework.security.web.savedrequest.RequestCacheAwareFilter@3c7dbf1f, org.springframework.security.web.servletapi.SecurityContextHolderAwareRequestFilter@2efbe938, org.springframework.security.web.authentication.AnonymousAuthenticationFilter@24bc7abd, org.springframework.security.web.session.SessionManagementFilter@49bf6f8c, org.springframework.security.web.access.ExceptionTranslationFilter@780a021b, org.springframework.security.web.access.intercept.AuthorizationFilter@33c28f0d]
16:16:33.057 INFO  o.s.s.web.DefaultSecurityFilterChain - Will secure any request with [org.springframework.security.web.session.DisableEncodeUrlFilter@48158b86, org.springframework.security.web.context.request.async.WebAsyncManagerIntegrationFilter@39b8313d, org.springframework.security.web.context.SecurityContextHolderFilter@14a82ea, org.springframework.security.web.header.HeaderWriterFilter@1919b5b0, org.springframework.web.filter.CorsFilter@49bf6f8c, org.springframework.security.web.authentication.logout.LogoutFilter@a95c1f6, com.example.smartschedule.security.JwtFilter@4e7b89b6, org.springframework.security.web.savedrequest.RequestCacheAwareFilter@62d42eb7, org.springframework.security.web.servletapi.SecurityContextHolderAwareRequestFilter@22f0d1e0, org.springframework.security.web.authentication.AnonymousAuthenticationFilter@b525e3a, org.springframework.security.web.session.SessionManagementFilter@6208a618, org.springframework.security.web.access.ExceptionTranslationFilter@25f73ef, org.springframework.security.web.access.intercept.AuthorizationFilter@6782feb8]
16:17:21.294 DEBUG o.s.security.web.FilterChainProxy - Securing GET /ws-test.html
16:17:21.362 DEBUG o.s.s.w.a.AnonymousAuthenticationFilter - Set SecurityContextHolder to anonymous SecurityContext
16:17:21.384 DEBUG o.s.security.web.FilterChainProxy - Secured GET /ws-test.html
16:17:22.524 DEBUG o.s.security.web.FilterChainProxy - Securing GET /favicon.ico
16:17:22.525 DEBUG o.s.s.w.a.AnonymousAuthenticationFilter - Set SecurityContextHolder to anonymous SecurityContext
16:17:22.532 DEBUG o.s.s.w.a.Http403ForbiddenEntryPoint - Pre-authenticated entry point called. Rejecting access
16:17:22.606 DEBUG o.s.security.web.FilterChainProxy - Securing GET /error
16:17:22.610 DEBUG o.s.s.w.a.AnonymousAuthenticationFilter - Set SecurityContextHolder to anonymous SecurityContext
16:17:22.611 DEBUG o.s.s.w.a.Http403ForbiddenEntryPoint - Pre-authenticated entry point called. Rejecting access
16:17:27.754 DEBUG o.s.security.web.FilterChainProxy - Securing GET /ws
16:17:27.789 DEBUG o.s.s.w.a.AnonymousAuthenticationFilter - Set SecurityContextHolder to anonymous SecurityContext
16:17:27.791 DEBUG o.s.security.web.FilterChainProxy - Secured GET /ws
16:17:48.487 DEBUG o.s.security.web.FilterChainProxy - Securing GET /ws-test.html
16:17:48.488 DEBUG o.s.s.w.a.AnonymousAuthenticationFilter - Set SecurityContextHolder to anonymous SecurityContext
16:17:48.490 DEBUG o.s.security.web.FilterChainProxy - Secured GET /ws-test.html
16:17:49.230 DEBUG o.s.security.web.FilterChainProxy - Securing GET /favicon.ico
16:17:49.232 DEBUG o.s.s.w.a.AnonymousAuthenticationFilter - Set SecurityContextHolder to anonymous SecurityContext
16:17:49.234 DEBUG o.s.s.w.a.Http403ForbiddenEntryPoint - Pre-authenticated entry point called. Rejecting access
16:17:49.238 DEBUG o.s.security.web.FilterChainProxy - Securing GET /error
16:17:49.240 DEBUG o.s.s.w.a.AnonymousAuthenticationFilter - Set SecurityContextHolder to anonymous SecurityContext
16:17:49.241 DEBUG o.s.s.w.a.Http403ForbiddenEntryPoint - Pre-authenticated entry point called. Rejecting access
16:17:58.687 DEBUG o.s.security.web.FilterChainProxy - Securing GET /h2-console/login.do?jsessionid=35d69ecffad736039b82118b8b9c695b
16:17:58.687 DEBUG o.s.s.w.a.AnonymousAuthenticationFilter - Set SecurityContextHolder to anonymous SecurityContext
16:17:58.688 DEBUG o.s.security.web.FilterChainProxy - Secured GET /h2-console/login.do?jsessionid=35d69ecffad736039b82118b8b9c695b
16:17:58.780 DEBUG o.s.security.web.FilterChainProxy - Securing GET /h2-console/stylesheet.css
16:17:58.781 DEBUG o.s.s.w.a.AnonymousAuthenticationFilter - Set SecurityContextHolder to anonymous SecurityContext
16:17:58.781 DEBUG o.s.security.web.FilterChainProxy - Secured GET /h2-console/stylesheet.css
16:17:58.828 DEBUG o.s.security.web.FilterChainProxy - Securing GET /h2-console/login.jsp?jsessionid=504482a94377d0064513587a1ea80b1d
16:17:58.828 DEBUG o.s.s.w.a.AnonymousAuthenticationFilter - Set SecurityContextHolder to anonymous SecurityContext
16:17:58.829 DEBUG o.s.security.web.FilterChainProxy - Secured GET /h2-console/login.jsp?jsessionid=504482a94377d0064513587a1ea80b1d
16:17:58.911 DEBUG o.s.security.web.FilterChainProxy - Securing GET /h2-console/background.gif
16:17:58.912 DEBUG o.s.s.w.a.AnonymousAuthenticationFilter - Set SecurityContextHolder to anonymous SecurityContext
16:17:58.912 DEBUG o.s.security.web.FilterChainProxy - Secured GET /h2-console/background.gif
16:17:59.080 DEBUG o.s.security.web.FilterChainProxy - Securing GET /favicon.ico
16:17:59.082 DEBUG o.s.s.w.a.AnonymousAuthenticationFilter - Set SecurityContextHolder to anonymous SecurityContext
16:17:59.084 DEBUG o.s.s.w.a.Http403ForbiddenEntryPoint - Pre-authenticated entry point called. Rejecting access
16:17:59.090 DEBUG o.s.security.web.FilterChainProxy - Securing GET /error
16:17:59.093 DEBUG o.s.s.w.a.AnonymousAuthenticationFilter - Set SecurityContextHolder to anonymous SecurityContext
16:17:59.093 DEBUG o.s.s.w.a.Http403ForbiddenEntryPoint - Pre-authenticated entry point called. Rejecting access
16:18:00.502 DEBUG o.s.security.web.FilterChainProxy - Securing POST /h2-console/login.do?jsessionid=504482a94377d0064513587a1ea80b1d
16:18:00.502 DEBUG o.s.s.w.a.AnonymousAuthenticationFilter - Set SecurityContextHolder to anonymous SecurityContext
16:18:00.503 DEBUG o.s.security.web.FilterChainProxy - Secured POST /h2-console/login.do?jsessionid=504482a94377d0064513587a1ea80b1d
16:18:00.793 DEBUG o.s.security.web.FilterChainProxy - Securing GET /h2-console/header.jsp?jsessionid=504482a94377d0064513587a1ea80b1d
16:18:00.795 DEBUG o.s.s.w.a.AnonymousAuthenticationFilter - Set SecurityContextHolder to anonymous SecurityContext
16:18:00.795 DEBUG o.s.security.web.FilterChainProxy - Secured GET /h2-console/header.jsp?jsessionid=504482a94377d0064513587a1ea80b1d
16:18:00.809 DEBUG o.s.security.web.FilterChainProxy - Securing GET /h2-console/tables.do?jsessionid=504482a94377d0064513587a1ea80b1d
16:18:00.809 DEBUG o.s.s.w.a.AnonymousAuthenticationFilter - Set SecurityContextHolder to anonymous SecurityContext
16:18:00.810 DEBUG o.s.security.web.FilterChainProxy - Secured GET /h2-console/tables.do?jsessionid=504482a94377d0064513587a1ea80b1d
16:18:00.914 DEBUG o.s.security.web.FilterChainProxy - Securing GET /h2-console/help.jsp?jsessionid=504482a94377d0064513587a1ea80b1d
16:18:00.914 DEBUG o.s.s.w.a.AnonymousAuthenticationFilter - Set SecurityContextHolder to anonymous SecurityContext
16:18:00.914 DEBUG o.s.security.web.FilterChainProxy - Secured GET /h2-console/help.jsp?jsessionid=504482a94377d0064513587a1ea80b1d
16:18:00.927 DEBUG o.s.security.web.FilterChainProxy - Securing GET /h2-console/query.jsp?jsessionid=504482a94377d0064513587a1ea80b1d
16:18:00.928 DEBUG o.s.s.w.a.AnonymousAuthenticationFilter - Set SecurityContextHolder to anonymous SecurityContext
16:18:00.929 DEBUG o.s.security.web.FilterChainProxy - Secured GET /h2-console/query.jsp?jsessionid=504482a94377d0064513587a1ea80b1d
16:18:00.960 DEBUG o.s.security.web.FilterChainProxy - Securing GET /h2-console/icon_stop.gif
16:18:00.961 DEBUG o.s.s.w.a.AnonymousAuthenticationFilter - Set SecurityContextHolder to anonymous SecurityContext
16:18:00.962 DEBUG o.s.security.web.FilterChainProxy - Secured GET /h2-console/icon_stop.gif
16:18:00.990 DEBUG o.s.security.web.FilterChainProxy - Securing GET /h2-console/icon_help.gif
16:18:00.991 DEBUG o.s.s.w.a.AnonymousAuthenticationFilter - Set SecurityContextHolder to anonymous SecurityContext
16:18:00.995 DEBUG o.s.security.web.FilterChainProxy - Securing GET /h2-console/icon_run_selected.gif
16:18:00.993 DEBUG o.s.security.web.FilterChainProxy - Secured GET /h2-console/icon_help.gif
16:18:00.996 DEBUG o.s.security.web.FilterChainProxy - Securing GET /h2-console/icon_history.gif
16:18:00.996 DEBUG o.s.s.w.a.AnonymousAuthenticationFilter - Set SecurityContextHolder to anonymous SecurityContext
16:18:00.997 DEBUG o.s.s.w.a.AnonymousAuthenticationFilter - Set SecurityContextHolder to anonymous SecurityContext
16:18:00.997 DEBUG o.s.security.web.FilterChainProxy - Secured GET /h2-console/icon_history.gif
16:18:00.997 DEBUG o.s.security.web.FilterChainProxy - Secured GET /h2-console/icon_run_selected.gif
16:18:01.015 DEBUG o.s.security.web.FilterChainProxy - Securing GET /h2-console/icon_line.gif
16:18:01.016 DEBUG o.s.s.w.a.AnonymousAuthenticationFilter - Set SecurityContextHolder to anonymous SecurityContext
16:18:01.016 DEBUG o.s.security.web.FilterChainProxy - Secured GET /h2-console/icon_line.gif
16:18:01.012 DEBUG o.s.security.web.FilterChainProxy - Securing GET /h2-console/icon_disconnect.gif
16:18:01.021 DEBUG o.s.s.w.a.AnonymousAuthenticationFilter - Set SecurityContextHolder to anonymous SecurityContext
16:18:01.021 DEBUG o.s.security.web.FilterChainProxy - Securing GET /h2-console/icon_refresh.gif
16:18:01.021 DEBUG o.s.security.web.FilterChainProxy - Secured GET /h2-console/icon_disconnect.gif
16:18:01.021 DEBUG o.s.s.w.a.AnonymousAuthenticationFilter - Set SecurityContextHolder to anonymous SecurityContext
16:18:01.022 DEBUG o.s.security.web.FilterChainProxy - Secured GET /h2-console/icon_refresh.gif
16:18:01.038 DEBUG o.s.security.web.FilterChainProxy - Securing GET /h2-console/icon_help.gif
16:18:01.038 DEBUG o.s.s.w.a.AnonymousAuthenticationFilter - Set SecurityContextHolder to anonymous SecurityContext
16:18:01.038 DEBUG o.s.security.web.FilterChainProxy - Secured GET /h2-console/icon_help.gif
16:18:01.040 DEBUG o.s.security.web.FilterChainProxy - Securing GET /h2-console/icon_run_selected.gif
16:18:01.043 DEBUG o.s.s.w.a.AnonymousAuthenticationFilter - Set SecurityContextHolder to anonymous SecurityContext
16:18:01.043 DEBUG o.s.security.web.FilterChainProxy - Secured GET /h2-console/icon_run_selected.gif
16:18:01.043 DEBUG o.s.security.web.FilterChainProxy - Securing GET /h2-console/icon_history.gif
16:18:01.044 DEBUG o.s.s.w.a.AnonymousAuthenticationFilter - Set SecurityContextHolder to anonymous SecurityContext
16:18:01.045 DEBUG o.s.security.web.FilterChainProxy - Secured GET /h2-console/icon_history.gif
16:18:01.045 DEBUG o.s.security.web.FilterChainProxy - Securing GET /h2-console/icon_disconnect.gif
16:18:01.046 DEBUG o.s.s.w.a.AnonymousAuthenticationFilter - Set SecurityContextHolder to anonymous SecurityContext
16:18:01.046 DEBUG o.s.security.web.FilterChainProxy - Secured GET /h2-console/icon_disconnect.gif
16:18:01.053 DEBUG o.s.security.web.FilterChainProxy - Securing GET /h2-console/icon_rollback.gif
16:18:01.055 DEBUG o.s.s.w.a.AnonymousAuthenticationFilter - Set SecurityContextHolder to anonymous SecurityContext
16:18:01.056 DEBUG o.s.security.web.FilterChainProxy - Secured GET /h2-console/icon_rollback.gif
16:18:01.056 DEBUG o.s.security.web.FilterChainProxy - Securing GET /h2-console/icon_commit.gif
16:18:01.057 DEBUG o.s.security.web.FilterChainProxy - Securing GET /h2-console/icon_run.gif
16:18:01.057 DEBUG o.s.s.w.a.AnonymousAuthenticationFilter - Set SecurityContextHolder to anonymous SecurityContext
16:18:01.057 DEBUG o.s.s.w.a.AnonymousAuthenticationFilter - Set SecurityContextHolder to anonymous SecurityContext
16:18:01.057 DEBUG o.s.security.web.FilterChainProxy - Secured GET /h2-console/icon_commit.gif
16:18:01.057 DEBUG o.s.security.web.FilterChainProxy - Secured GET /h2-console/icon_run.gif
16:18:01.078 DEBUG o.s.security.web.FilterChainProxy - Securing GET /h2-console/icon_run.gif
16:18:01.079 DEBUG o.s.s.w.a.AnonymousAuthenticationFilter - Set SecurityContextHolder to anonymous SecurityContext
16:18:01.080 DEBUG o.s.security.web.FilterChainProxy - Secured GET /h2-console/icon_run.gif
16:18:01.169 DEBUG o.s.security.web.FilterChainProxy - Securing GET /h2-console/tree.js
16:18:01.170 DEBUG o.s.s.w.a.AnonymousAuthenticationFilter - Set SecurityContextHolder to anonymous SecurityContext
16:18:01.170 DEBUG o.s.security.web.FilterChainProxy - Secured GET /h2-console/tree.js
16:18:01.214 DEBUG o.s.security.web.FilterChainProxy - Securing GET /h2-console/tree_plus.gif
16:18:01.215 DEBUG o.s.s.w.a.AnonymousAuthenticationFilter - Set SecurityContextHolder to anonymous SecurityContext
16:18:01.217 DEBUG o.s.security.web.FilterChainProxy - Securing GET /h2-console/tree_minus.gif
16:18:01.217 DEBUG o.s.security.web.FilterChainProxy - Secured GET /h2-console/tree_plus.gif
16:18:01.218 DEBUG o.s.s.w.a.AnonymousAuthenticationFilter - Set SecurityContextHolder to anonymous SecurityContext
16:18:01.219 DEBUG o.s.security.web.FilterChainProxy - Secured GET /h2-console/tree_minus.gif
16:18:01.221 DEBUG o.s.security.web.FilterChainProxy - Securing GET /h2-console/tree_database.gif
16:18:01.221 DEBUG o.s.s.w.a.AnonymousAuthenticationFilter - Set SecurityContextHolder to anonymous SecurityContext
16:18:01.222 DEBUG o.s.security.web.FilterChainProxy - Secured GET /h2-console/tree_database.gif
16:18:01.222 DEBUG o.s.security.web.FilterChainProxy - Securing GET /h2-console/tree_table.gif
16:18:01.223 DEBUG o.s.s.w.a.AnonymousAuthenticationFilter - Set SecurityContextHolder to anonymous SecurityContext
16:18:01.224 DEBUG o.s.security.web.FilterChainProxy - Secured GET /h2-console/tree_table.gif
16:18:01.229 DEBUG o.s.security.web.FilterChainProxy - Securing GET /h2-console/tree_type.gif
16:18:01.230 DEBUG o.s.s.w.a.AnonymousAuthenticationFilter - Set SecurityContextHolder to anonymous SecurityContext
16:18:01.230 DEBUG o.s.security.web.FilterChainProxy - Securing GET /h2-console/tree_column.gif
16:18:01.231 DEBUG o.s.security.web.FilterChainProxy - Secured GET /h2-console/tree_type.gif
16:18:01.231 DEBUG o.s.s.w.a.AnonymousAuthenticationFilter - Set SecurityContextHolder to anonymous SecurityContext
16:18:01.231 DEBUG o.s.security.web.FilterChainProxy - Secured GET /h2-console/tree_column.gif
16:18:01.235 DEBUG o.s.security.web.FilterChainProxy - Securing GET /h2-console/tree_empty.gif
16:18:01.235 DEBUG o.s.s.w.a.AnonymousAuthenticationFilter - Set SecurityContextHolder to anonymous SecurityContext
16:18:01.235 DEBUG o.s.security.web.FilterChainProxy - Secured GET /h2-console/tree_empty.gif
16:18:01.236 DEBUG o.s.security.web.FilterChainProxy - Securing GET /h2-console/tree_index_az.gif
16:18:01.237 DEBUG o.s.s.w.a.AnonymousAuthenticationFilter - Set SecurityContextHolder to anonymous SecurityContext
16:18:01.237 DEBUG o.s.security.web.FilterChainProxy - Secured GET /h2-console/tree_index_az.gif
16:18:01.272 DEBUG o.s.security.web.FilterChainProxy - Securing GET /h2-console/tree_index.gif
16:18:01.273 DEBUG o.s.s.w.a.AnonymousAuthenticationFilter - Set SecurityContextHolder to anonymous SecurityContext
16:18:01.275 DEBUG o.s.security.web.FilterChainProxy - Secured GET /h2-console/tree_index.gif
16:18:01.283 DEBUG o.s.security.web.FilterChainProxy - Securing GET /h2-console/tree_view.gif
16:18:01.285 DEBUG o.s.security.web.FilterChainProxy - Securing GET /h2-console/tree_folder.gif
16:18:01.285 DEBUG o.s.s.w.a.AnonymousAuthenticationFilter - Set SecurityContextHolder to anonymous SecurityContext
16:18:01.284 DEBUG o.s.s.w.a.AnonymousAuthenticationFilter - Set SecurityContextHolder to anonymous SecurityContext
16:18:01.286 DEBUG o.s.security.web.FilterChainProxy - Secured GET /h2-console/tree_folder.gif
16:18:01.286 DEBUG o.s.security.web.FilterChainProxy - Secured GET /h2-console/tree_view.gif
16:18:01.292 DEBUG o.s.security.web.FilterChainProxy - Securing GET /h2-console/tree_users.gif
16:18:01.292 DEBUG o.s.s.w.a.AnonymousAuthenticationFilter - Set SecurityContextHolder to anonymous SecurityContext
16:18:01.292 DEBUG o.s.security.web.FilterChainProxy - Secured GET /h2-console/tree_users.gif
16:18:01.299 DEBUG o.s.security.web.FilterChainProxy - Securing GET /h2-console/tree_user.gif
16:18:01.300 DEBUG o.s.s.w.a.AnonymousAuthenticationFilter - Set SecurityContextHolder to anonymous SecurityContext
16:18:01.301 DEBUG o.s.security.web.FilterChainProxy - Secured GET /h2-console/tree_user.gif
16:18:01.301 DEBUG o.s.security.web.FilterChainProxy - Securing GET /h2-console/tree_info.gif
16:18:01.302 DEBUG o.s.s.w.a.AnonymousAuthenticationFilter - Set SecurityContextHolder to anonymous SecurityContext
16:18:01.302 DEBUG o.s.security.web.FilterChainProxy - Secured GET /h2-console/tree_info.gif
16:18:01.345 DEBUG o.s.security.web.FilterChainProxy - Securing GET /favicon.ico
16:18:01.345 DEBUG o.s.s.w.a.AnonymousAuthenticationFilter - Set SecurityContextHolder to anonymous SecurityContext
16:18:01.347 DEBUG o.s.s.w.a.Http403ForbiddenEntryPoint - Pre-authenticated entry point called. Rejecting access
16:18:01.349 DEBUG o.s.security.web.FilterChainProxy - Securing GET /error
16:18:01.350 DEBUG o.s.s.w.a.AnonymousAuthenticationFilter - Set SecurityContextHolder to anonymous SecurityContext
16:18:01.351 DEBUG o.s.s.w.a.Http403ForbiddenEntryPoint - Pre-authenticated entry point called. Rejecting access
16:18:03.890 DEBUG o.s.security.web.FilterChainProxy - Securing POST /h2-console/query.do?jsessionid=504482a94377d0064513587a1ea80b1d
16:18:03.890 DEBUG o.s.s.w.a.AnonymousAuthenticationFilter - Set SecurityContextHolder to anonymous SecurityContext
16:18:03.891 DEBUG o.s.security.web.FilterChainProxy - Secured POST /h2-console/query.do?jsessionid=504482a94377d0064513587a1ea80b1d
16:18:03.933 DEBUG o.s.security.web.FilterChainProxy - Securing GET /h2-console/table.js
16:18:03.933 DEBUG o.s.s.w.a.AnonymousAuthenticationFilter - Set SecurityContextHolder to anonymous SecurityContext
16:18:03.933 DEBUG o.s.security.web.FilterChainProxy - Secured GET /h2-console/table.js
16:18:21.824 DEBUG o.s.security.web.FilterChainProxy - Securing POST /api/auth/login
16:18:21.824 DEBUG o.s.s.w.a.AnonymousAuthenticationFilter - Set SecurityContextHolder to anonymous SecurityContext
16:18:21.824 DEBUG o.s.security.web.FilterChainProxy - Secured POST /api/auth/login
16:18:23.643 DEBUG o.s.s.a.d.DaoAuthenticationProvider - Authenticated user
16:18:35.355 DEBUG o.s.security.web.FilterChainProxy - Securing PUT /api/appointments/1/status?status=APPROVED
16:18:35.729 DEBUG o.s.security.web.FilterChainProxy - Secured PUT /api/appointments/1/status?status=APPROVED
16:18:35.751 DEBUG o.s.s.a.m.AuthorizationManagerBeforeMethodInterceptor - Authorizing method invocation ReflectiveMethodInvocation: public com.example.smartschedule.entity.Appointment com.example.smartschedule.controller.AppointmentController.updateStatus(java.lang.Long,com.example.smartschedule.entity.AppointmentStatus,org.springframework.security.core.Authentication); target is of class [com.example.smartschedule.controller.AppointmentController]
16:18:35.899 DEBUG o.s.s.a.m.AuthorizationManagerBeforeMethodInterceptor - Authorized method invocation ReflectiveMethodInvocation: public com.example.smartschedule.entity.Appointment com.example.smartschedule.controller.AppointmentController.updateStatus(java.lang.Long,com.example.smartschedule.entity.AppointmentStatus,org.springframework.security.core.Authentication); target is of class [com.example.smartschedule.controller.AppointmentController]
22:36:08.585 INFO  o.s.s.web.DefaultSecurityFilterChain - Will secure any request with [org.springframework.security.web.session.DisableEncodeUrlFilter@4c879ea5, org.springframework.security.web.context.request.async.WebAsyncManagerIntegrationFilter@31d5ce58, org.springframework.security.web.context.SecurityContextHolderFilter@459c7fa1, org.springframework.security.web.header.HeaderWriterFilter@6dcf902, org.springframework.web.filter.CorsFilter@33ea43a, org.springframework.security.web.authentication.logout.LogoutFilter@2655ccbd, com.example.smartschedule.security.JwtFilter@4e7b89b6, org.springframework.security.web.savedrequest.RequestCacheAwareFilter@239629ed, org.springframework.security.web.servletapi.SecurityContextHolderAwareRequestFilter@676aec4c, org.springframework.security.web.authentication.AnonymousAuthenticationFilter@594c830f, org.springframework.security.web.session.SessionManagementFilter@72018ba5, org.springframework.security.web.access.ExceptionTranslationFilter@70a416c, org.springframework.security.web.access.intercept.AuthorizationFilter@436dded]
22:37:51.186 DEBUG o.s.security.web.FilterChainProxy - Securing GET /api/appointments/availability?serviceId=1&date=2026-01-15
22:37:51.194 DEBUG o.s.s.w.a.AnonymousAuthenticationFilter - Set SecurityContextHolder to anonymous SecurityContext
22:37:51.196 DEBUG o.s.s.w.a.Http403ForbiddenEntryPoint - Pre-authenticated entry point called. Rejecting access
22:37:51.204 DEBUG o.s.security.web.FilterChainProxy - Securing GET /error?serviceId=1&date=2026-01-15
22:37:51.205 DEBUG o.s.s.w.a.AnonymousAuthenticationFilter - Set SecurityContextHolder to anonymous SecurityContext
22:37:51.205 DEBUG o.s.s.w.a.Http403ForbiddenEntryPoint - Pre-authenticated entry point called. Rejecting access
22:38:01.104 DEBUG o.s.security.web.FilterChainProxy - Securing POST /api/auth/login
22:38:01.104 DEBUG o.s.s.w.a.AnonymousAuthenticationFilter - Set SecurityContextHolder to anonymous SecurityContext
22:38:01.104 DEBUG o.s.security.web.FilterChainProxy - Secured POST /api/auth/login
22:38:01.526 DEBUG o.s.s.a.d.DaoAuthenticationProvider - Authenticated user
22:38:13.336 DEBUG o.s.security.web.FilterChainProxy - Securing GET /api/appointments/availability?serviceId=1&date=2026-01-15
22:38:13.433 DEBUG o.s.security.web.FilterChainProxy - Secured GET /api/appointments/availability?serviceId=1&date=2026-01-15
22:38:13.446 DEBUG o.s.s.a.m.AuthorizationManagerBeforeMethodInterceptor - Authorizing method invocation ReflectiveMethodInvocation: public java.util.List com.example.smartschedule.controller.AppointmentController.getAvailableSlots(java.lang.Long,java.time.LocalDate); target is of class [com.example.smartschedule.controller.AppointmentController]
22:38:13.509 DEBUG o.s.s.a.m.AuthorizationManagerBeforeMethodInterceptor - Authorized method invocation ReflectiveMethodInvocation: public java.util.List com.example.smartschedule.controller.AppointmentController.getAvailableSlots(java.lang.Long,java.time.LocalDate); target is of class [com.example.smartschedule.controller.AppointmentController]
23:09:47.503 DEBUG o.s.security.web.FilterChainProxy - Securing POST /api/auth/login
23:09:47.542 DEBUG o.s.security.web.FilterChainProxy - Securing POST /api/auth/login
23:09:47.581 DEBUG o.s.security.web.FilterChainProxy - Securing POST /api/auth/login
23:09:47.593 DEBUG o.s.security.web.FilterChainProxy - Securing POST /api/auth/login
23:09:47.607 DEBUG o.s.security.web.FilterChainProxy - Securing POST /api/auth/login
23:09:47.677 DEBUG o.s.security.web.FilterChainProxy - Securing POST /api/auth/login
23:09:47.700 DEBUG o.s.security.web.FilterChainProxy - Securing POST /api/auth/login
23:09:47.707 DEBUG o.s.security.web.FilterChainProxy - Securing POST /api/auth/login
23:09:47.707 DEBUG o.s.security.web.FilterChainProxy - Securing POST /api/auth/login
23:09:47.712 DEBUG o.s.security.web.FilterChainProxy - Securing POST /api/auth/login
23:09:47.716 DEBUG o.s.security.web.FilterChainProxy - Securing POST /api/auth/login
23:09:47.716 DEBUG o.s.security.web.FilterChainProxy - Securing POST /api/auth/login
23:09:47.717 DEBUG o.s.s.w.a.AnonymousAuthenticationFilter - Set SecurityContextHolder to anonymous SecurityContext
23:09:47.718 DEBUG o.s.s.w.a.AnonymousAuthenticationFilter - Set SecurityContextHolder to anonymous SecurityContext
23:09:47.718 DEBUG o.s.s.w.a.AnonymousAuthenticationFilter - Set SecurityContextHolder to anonymous SecurityContext
23:09:47.723 DEBUG o.s.security.web.FilterChainProxy - Secured POST /api/auth/login
23:09:47.723 DEBUG o.s.security.web.FilterChainProxy - Securing POST /api/auth/login
23:09:47.723 DEBUG o.s.s.w.a.AnonymousAuthenticationFilter - Set SecurityContextHolder to anonymous SecurityContext
23:09:47.723 DEBUG o.s.security.web.FilterChainProxy - Secured POST /api/auth/login
23:09:47.739 DEBUG o.s.security.web.FilterChainProxy - Securing POST /api/auth/login
23:09:47.740 DEBUG o.s.s.w.a.AnonymousAuthenticationFilter - Set SecurityContextHolder to anonymous SecurityContext
23:09:47.741 DEBUG o.s.security.web.FilterChainProxy - Secured POST /api/auth/login
23:09:47.741 DEBUG o.s.security.web.FilterChainProxy - Securing POST /api/auth/login
23:09:47.742 DEBUG o.s.s.w.a.AnonymousAuthenticationFilter - Set SecurityContextHolder to anonymous SecurityContext
23:09:47.743 DEBUG o.s.security.web.FilterChainProxy - Secured POST /api/auth/login
23:09:47.749 DEBUG o.s.security.web.FilterChainProxy - Securing POST /api/auth/login
23:09:47.750 DEBUG o.s.s.w.a.AnonymousAuthenticationFilter - Set SecurityContextHolder to anonymous SecurityContext
23:09:47.751 DEBUG o.s.security.web.FilterChainProxy - Secured POST /api/auth/login
23:09:47.755 DEBUG o.s.security.web.FilterChainProxy - Securing POST /api/auth/login
23:09:47.756 DEBUG o.s.s.w.a.AnonymousAuthenticationFilter - Set SecurityContextHolder to anonymous SecurityContext
23:09:47.757 DEBUG o.s.security.web.FilterChainProxy - Secured POST /api/auth/login
23:09:47.766 DEBUG o.s.security.web.FilterChainProxy - Securing POST /api/auth/login
23:09:47.767 DEBUG o.s.s.w.a.AnonymousAuthenticationFilter - Set SecurityContextHolder to anonymous SecurityContext
23:09:47.768 DEBUG o.s.security.web.FilterChainProxy - Securing POST /api/auth/login
23:09:47.768 DEBUG o.s.s.w.a.AnonymousAuthenticationFilter - Set SecurityContextHolder to anonymous SecurityContext
23:09:47.769 DEBUG o.s.security.web.FilterChainProxy - Secured POST /api/auth/login
23:09:47.769 DEBUG o.s.security.web.FilterChainProxy - Secured POST /api/auth/login
23:09:47.775 DEBUG o.s.security.web.FilterChainProxy - Securing POST /api/auth/login
23:09:47.776 DEBUG o.s.s.w.a.AnonymousAuthenticationFilter - Set SecurityContextHolder to anonymous SecurityContext
23:09:47.776 DEBUG o.s.security.web.FilterChainProxy - Secured POST /api/auth/login
23:09:47.786 DEBUG o.s.security.web.FilterChainProxy - Securing POST /api/auth/login
23:09:47.787 DEBUG o.s.s.w.a.AnonymousAuthenticationFilter - Set SecurityContextHolder to anonymous SecurityContext
23:09:47.788 DEBUG o.s.security.web.FilterChainProxy - Secured POST /api/auth/login
23:09:47.793 DEBUG o.s.security.web.FilterChainProxy - Securing POST /api/auth/login
23:09:47.795 DEBUG o.s.s.w.a.AnonymousAuthenticationFilter - Set SecurityContextHolder to anonymous SecurityContext
23:09:47.795 DEBUG o.s.security.web.FilterChainProxy - Secured POST /api/auth/login
23:09:47.807 DEBUG o.s.security.web.FilterChainProxy - Securing POST /api/auth/login
23:09:47.810 DEBUG o.s.security.web.FilterChainProxy - Securing POST /api/auth/login
23:09:47.810 DEBUG o.s.s.w.a.AnonymousAuthenticationFilter - Set SecurityContextHolder to anonymous SecurityContext
23:09:47.811 DEBUG o.s.security.web.FilterChainProxy - Secured POST /api/auth/login
23:09:47.811 DEBUG o.s.s.w.a.AnonymousAuthenticationFilter - Set SecurityContextHolder to anonymous SecurityContext
23:09:47.811 DEBUG o.s.security.web.FilterChainProxy - Secured POST /api/auth/login
23:09:47.821 DEBUG o.s.security.web.FilterChainProxy - Securing POST /api/auth/login
23:09:47.821 DEBUG o.s.security.web.FilterChainProxy - Securing POST /api/auth/login
23:09:47.822 DEBUG o.s.s.w.a.AnonymousAuthenticationFilter - Set SecurityContextHolder to anonymous SecurityContext
23:09:47.823 DEBUG o.s.s.w.a.AnonymousAuthenticationFilter - Set SecurityContextHolder to anonymous SecurityContext
23:09:47.823 DEBUG o.s.security.web.FilterChainProxy - Secured POST /api/auth/login
23:09:47.824 DEBUG o.s.security.web.FilterChainProxy - Secured POST /api/auth/login
23:09:47.828 DEBUG o.s.s.w.a.AnonymousAuthenticationFilter - Set SecurityContextHolder to anonymous SecurityContext
23:09:47.829 DEBUG o.s.security.web.FilterChainProxy - Secured POST /api/auth/login
23:09:47.846 DEBUG o.s.security.web.FilterChainProxy - Securing POST /api/auth/login
23:09:47.847 DEBUG o.s.s.w.a.AnonymousAuthenticationFilter - Set SecurityContextHolder to anonymous SecurityContext
23:09:47.848 DEBUG o.s.security.web.FilterChainProxy - Secured POST /api/auth/login
23:09:47.851 DEBUG o.s.s.w.a.AnonymousAuthenticationFilter - Set SecurityContextHolder to anonymous SecurityContext
23:09:47.851 DEBUG o.s.security.web.FilterChainProxy - Secured POST /api/auth/login
23:09:47.852 DEBUG o.s.s.w.a.AnonymousAuthenticationFilter - Set SecurityContextHolder to anonymous SecurityContext
23:09:47.854 DEBUG o.s.security.web.FilterChainProxy - Secured POST /api/auth/login
23:09:47.862 DEBUG o.s.s.w.a.AnonymousAuthenticationFilter - Set SecurityContextHolder to anonymous SecurityContext
23:09:47.863 DEBUG o.s.s.w.a.AnonymousAuthenticationFilter - Set SecurityContextHolder to anonymous SecurityContext
23:09:47.863 DEBUG o.s.security.web.FilterChainProxy - Secured POST /api/auth/login
23:09:47.863 DEBUG o.s.security.web.FilterChainProxy - Secured POST /api/auth/login
23:09:47.864 DEBUG o.s.s.w.a.AnonymousAuthenticationFilter - Set SecurityContextHolder to anonymous SecurityContext
23:09:47.865 DEBUG o.s.security.web.FilterChainProxy - Secured POST /api/auth/login
23:09:47.865 DEBUG o.s.s.w.a.AnonymousAuthenticationFilter - Set SecurityContextHolder to anonymous SecurityContext
23:09:47.865 DEBUG o.s.security.web.FilterChainProxy - Securing POST /api/auth/login
23:09:47.865 DEBUG o.s.s.w.a.AnonymousAuthenticationFilter - Set SecurityContextHolder to anonymous SecurityContext
23:09:47.865 DEBUG o.s.security.web.FilterChainProxy - Secured POST /api/auth/login
23:09:47.866 DEBUG o.s.s.w.a.AnonymousAuthenticationFilter - Set SecurityContextHolder to anonymous SecurityContext
23:09:47.866 DEBUG o.s.security.web.FilterChainProxy - Secured POST /api/auth/login
23:09:47.866 DEBUG o.s.security.web.FilterChainProxy - Secured POST /api/auth/login
23:09:47.867 DEBUG o.s.security.web.FilterChainProxy - Secured POST /api/auth/login
23:09:47.868 DEBUG o.s.security.web.FilterChainProxy - Secured POST /api/auth/login
23:09:47.918 DEBUG o.s.security.web.FilterChainProxy - Securing POST /api/auth/login
23:09:47.919 DEBUG o.s.s.w.a.AnonymousAuthenticationFilter - Set SecurityContextHolder to anonymous SecurityContext
23:09:47.919 DEBUG o.s.security.web.FilterChainProxy - Secured POST /api/auth/login
23:09:47.926 DEBUG o.s.s.w.a.AnonymousAuthenticationFilter - Set SecurityContextHolder to anonymous SecurityContext
23:09:47.927 DEBUG o.s.security.web.FilterChainProxy - Secured POST /api/auth/login
23:09:47.953 DEBUG o.s.security.web.FilterChainProxy - Securing POST /api/auth/login
23:09:47.953 DEBUG o.s.security.web.FilterChainProxy - Securing POST /api/auth/login
23:09:47.953 DEBUG o.s.s.w.a.AnonymousAuthenticationFilter - Set SecurityContextHolder to anonymous SecurityContext
23:09:47.953 DEBUG o.s.security.web.FilterChainProxy - Secured POST /api/auth/login
23:09:47.953 DEBUG o.s.s.w.a.AnonymousAuthenticationFilter - Set SecurityContextHolder to anonymous SecurityContext
23:09:47.966 DEBUG o.s.security.web.FilterChainProxy - Secured POST /api/auth/login
23:09:48.018 DEBUG o.s.security.web.FilterChainProxy - Securing POST /api/auth/login
23:09:48.021 DEBUG o.s.s.w.a.AnonymousAuthenticationFilter - Set SecurityContextHolder to anonymous SecurityContext
23:09:48.022 DEBUG o.s.security.web.FilterChainProxy - Secured POST /api/auth/login
23:09:48.022 DEBUG o.s.security.web.FilterChainProxy - Securing POST /api/auth/login
23:09:48.024 DEBUG o.s.security.web.FilterChainProxy - Securing POST /api/auth/login
23:09:48.025 DEBUG o.s.s.w.a.AnonymousAuthenticationFilter - Set SecurityContextHolder to anonymous SecurityContext
23:09:48.025 DEBUG o.s.s.w.a.AnonymousAuthenticationFilter - Set SecurityContextHolder to anonymous SecurityContext
23:09:48.025 DEBUG o.s.security.web.FilterChainProxy - Secured POST /api/auth/login
23:09:48.030 DEBUG o.s.security.web.FilterChainProxy - Secured POST /api/auth/login
23:09:48.051 DEBUG o.s.security.web.FilterChainProxy - Securing POST /api/auth/login
23:09:48.052 DEBUG o.s.s.w.a.AnonymousAuthenticationFilter - Set SecurityContextHolder to anonymous SecurityContext
23:09:48.053 DEBUG o.s.security.web.FilterChainProxy - Secured POST /api/auth/login
23:09:48.066 DEBUG o.s.security.web.FilterChainProxy - Securing POST /api/auth/login
23:09:48.067 DEBUG o.s.s.w.a.AnonymousAuthenticationFilter - Set SecurityContextHolder to anonymous SecurityContext
23:09:48.067 DEBUG o.s.security.web.FilterChainProxy - Secured POST /api/auth/login
23:09:48.070 DEBUG o.s.security.web.FilterChainProxy - Securing POST /api/auth/login
23:09:48.072 DEBUG o.s.s.w.a.AnonymousAuthenticationFilter - Set SecurityContextHolder to anonymous SecurityContext
23:09:48.072 DEBUG o.s.security.web.FilterChainProxy - Secured POST /api/auth/login
23:09:48.077 DEBUG o.s.security.web.FilterChainProxy - Securing POST /api/auth/login
23:09:48.078 DEBUG o.s.s.w.a.AnonymousAuthenticationFilter - Set SecurityContextHolder to anonymous SecurityContext
23:09:48.078 DEBUG o.s.security.web.FilterChainProxy - Securing POST /api/auth/login
23:09:48.079 DEBUG o.s.s.w.a.AnonymousAuthenticationFilter - Set SecurityContextHolder to anonymous SecurityContext
23:09:48.078 DEBUG o.s.security.web.FilterChainProxy - Secured POST /api/auth/login
23:09:48.081 DEBUG o.s.security.web.FilterChainProxy - Secured POST /api/auth/login
23:09:48.085 DEBUG o.s.security.web.FilterChainProxy - Securing POST /api/auth/login
23:09:48.086 DEBUG o.s.s.w.a.AnonymousAuthenticationFilter - Set SecurityContextHolder to anonymous SecurityContext
23:09:48.087 DEBUG o.s.security.web.FilterChainProxy - Securing POST /api/auth/login
23:09:48.087 DEBUG o.s.security.web.FilterChainProxy - Securing POST /api/auth/login
23:09:48.087 DEBUG o.s.security.web.FilterChainProxy - Secured POST /api/auth/login
23:09:48.087 DEBUG o.s.s.w.a.AnonymousAuthenticationFilter - Set SecurityContextHolder to anonymous SecurityContext
23:09:48.088 DEBUG o.s.security.web.FilterChainProxy - Secured POST /api/auth/login
23:09:48.089 DEBUG o.s.s.w.a.AnonymousAuthenticationFilter - Set SecurityContextHolder to anonymous SecurityContext
23:09:48.089 DEBUG o.s.security.web.FilterChainProxy - Secured POST /api/auth/login
23:09:48.090 DEBUG o.s.security.web.FilterChainProxy - Securing POST /api/auth/login
23:09:48.091 DEBUG o.s.security.web.FilterChainProxy - Securing POST /api/auth/login
23:09:48.091 DEBUG o.s.s.w.a.AnonymousAuthenticationFilter - Set SecurityContextHolder to anonymous SecurityContext
23:09:48.091 DEBUG o.s.s.w.a.AnonymousAuthenticationFilter - Set SecurityContextHolder to anonymous SecurityContext
23:09:48.091 DEBUG o.s.security.web.FilterChainProxy - Secured POST /api/auth/login
23:09:48.091 DEBUG o.s.security.web.FilterChainProxy - Securing POST /api/auth/login
23:09:48.091 DEBUG o.s.s.w.a.AnonymousAuthenticationFilter - Set SecurityContextHolder to anonymous SecurityContext
23:09:48.091 DEBUG o.s.security.web.FilterChainProxy - Secured POST /api/auth/login
23:09:48.091 DEBUG o.s.security.web.FilterChainProxy - Secured POST /api/auth/login
23:09:48.096 DEBUG o.s.security.web.FilterChainProxy - Securing POST /api/auth/login
23:09:48.097 DEBUG o.s.s.w.a.AnonymousAuthenticationFilter - Set SecurityContextHolder to anonymous SecurityContext
23:09:48.098 DEBUG o.s.security.web.FilterChainProxy - Secured POST /api/auth/login
23:09:48.110 DEBUG o.s.security.web.FilterChainProxy - Securing POST /api/auth/login
23:09:48.110 DEBUG o.s.security.web.FilterChainProxy - Securing POST /api/auth/login
23:09:48.110 DEBUG o.s.s.w.a.AnonymousAuthenticationFilter - Set SecurityContextHolder to anonymous SecurityContext
23:09:48.110 DEBUG o.s.security.web.FilterChainProxy - Secured POST /api/auth/login
23:09:48.110 DEBUG o.s.s.w.a.AnonymousAuthenticationFilter - Set SecurityContextHolder to anonymous SecurityContext
23:09:48.119 DEBUG o.s.security.web.FilterChainProxy - Securing POST /api/auth/login
23:09:48.119 DEBUG o.s.security.web.FilterChainProxy - Secured POST /api/auth/login
23:09:48.125 DEBUG o.s.s.w.a.AnonymousAuthenticationFilter - Set SecurityContextHolder to anonymous SecurityContext
23:09:48.125 DEBUG o.s.security.web.FilterChainProxy - Secured POST /api/auth/login
23:09:48.137 DEBUG o.s.security.web.FilterChainProxy - Securing POST /api/auth/login
23:09:48.137 DEBUG o.s.s.w.a.AnonymousAuthenticationFilter - Set SecurityContextHolder to anonymous SecurityContext
23:09:48.138 DEBUG o.s.security.web.FilterChainProxy - Secured POST /api/auth/login
23:09:48.145 DEBUG o.s.security.web.FilterChainProxy - Securing POST /api/auth/login
23:09:48.145 DEBUG o.s.security.web.FilterChainProxy - Securing POST /api/auth/login
23:09:48.146 DEBUG o.s.s.w.a.AnonymousAuthenticationFilter - Set SecurityContextHolder to anonymous SecurityContext
23:09:48.146 DEBUG o.s.s.w.a.AnonymousAuthenticationFilter - Set SecurityContextHolder to anonymous SecurityContext
23:09:48.146 DEBUG o.s.security.web.FilterChainProxy - Secured POST /api/auth/login
23:09:48.147 DEBUG o.s.security.web.FilterChainProxy - Secured POST /api/auth/login
23:09:48.167 DEBUG o.s.security.web.FilterChainProxy - Securing POST /api/auth/login
23:09:48.165 DEBUG o.s.security.web.FilterChainProxy - Securing POST /api/auth/login
23:09:48.169 DEBUG o.s.s.w.a.AnonymousAuthenticationFilter - Set SecurityContextHolder to anonymous SecurityContext
23:09:48.169 DEBUG o.s.security.web.FilterChainProxy - Secured POST /api/auth/login
23:09:48.169 DEBUG o.s.s.w.a.AnonymousAuthenticationFilter - Set SecurityContextHolder to anonymous SecurityContext
23:09:48.173 DEBUG o.s.security.web.FilterChainProxy - Secured POST /api/auth/login
23:09:48.429 DEBUG o.s.security.web.FilterChainProxy - Securing POST /api/auth/login
23:09:48.429 DEBUG o.s.s.w.a.AnonymousAuthenticationFilter - Set SecurityContextHolder to anonymous SecurityContext
23:09:48.429 DEBUG o.s.security.web.FilterChainProxy - Secured POST /api/auth/login
23:09:48.464 DEBUG o.s.security.web.FilterChainProxy - Securing POST /api/auth/login
23:09:48.464 DEBUG o.s.s.w.a.AnonymousAuthenticationFilter - Set SecurityContextHolder to anonymous SecurityContext
23:09:48.465 DEBUG o.s.security.web.FilterChainProxy - Secured POST /api/auth/login
23:09:48.477 DEBUG o.s.security.web.FilterChainProxy - Securing POST /api/auth/login
23:09:48.477 DEBUG o.s.s.w.a.AnonymousAuthenticationFilter - Set SecurityContextHolder to anonymous SecurityContext
23:09:48.479 DEBUG o.s.security.web.FilterChainProxy - Secured POST /api/auth/login
23:09:48.493 DEBUG o.s.security.web.FilterChainProxy - Securing POST /api/auth/login
23:09:48.494 DEBUG o.s.s.w.a.AnonymousAuthenticationFilter - Set SecurityContextHolder to anonymous SecurityContext
23:09:48.495 DEBUG o.s.security.web.FilterChainProxy - Secured POST /api/auth/login
23:09:48.502 DEBUG o.s.security.web.FilterChainProxy - Securing POST /api/auth/login
23:09:48.503 DEBUG o.s.s.w.a.AnonymousAuthenticationFilter - Set SecurityContextHolder to anonymous SecurityContext
23:09:48.503 DEBUG o.s.security.web.FilterChainProxy - Secured POST /api/auth/login
23:09:48.534 DEBUG o.s.security.web.FilterChainProxy - Securing POST /api/auth/login
23:09:48.535 DEBUG o.s.s.w.a.AnonymousAuthenticationFilter - Set SecurityContextHolder to anonymous SecurityContext
23:09:48.536 DEBUG o.s.security.web.FilterChainProxy - Secured POST /api/auth/login
23:09:48.565 DEBUG o.s.security.web.FilterChainProxy - Securing POST /api/auth/login
23:09:48.585 DEBUG o.s.s.w.a.AnonymousAuthenticationFilter - Set SecurityContextHolder to anonymous SecurityContext
23:09:48.586 DEBUG o.s.security.web.FilterChainProxy - Secured POST /api/auth/login
23:09:48.604 DEBUG o.s.security.web.FilterChainProxy - Securing POST /api/auth/login
23:09:48.604 DEBUG o.s.s.w.a.AnonymousAuthenticationFilter - Set SecurityContextHolder to anonymous SecurityContext
23:09:48.606 DEBUG o.s.security.web.FilterChainProxy - Secured POST /api/auth/login
23:09:48.887 DEBUG o.s.security.web.FilterChainProxy - Securing POST /api/auth/login
23:09:48.887 DEBUG o.s.s.w.a.AnonymousAuthenticationFilter - Set SecurityContextHolder to anonymous SecurityContext
23:09:48.887 DEBUG o.s.security.web.FilterChainProxy - Secured POST /api/auth/login
23:09:48.895 DEBUG o.s.security.web.FilterChainProxy - Securing POST /api/auth/login
23:09:48.896 DEBUG o.s.s.w.a.AnonymousAuthenticationFilter - Set SecurityContextHolder to anonymous SecurityContext
23:09:48.896 DEBUG o.s.security.web.FilterChainProxy - Secured POST /api/auth/login
23:09:48.938 DEBUG o.s.security.web.FilterChainProxy - Securing POST /api/auth/login
23:09:48.943 DEBUG o.s.security.web.FilterChainProxy - Securing POST /api/auth/login
23:09:48.945 DEBUG o.s.s.w.a.AnonymousAuthenticationFilter - Set SecurityContextHolder to anonymous SecurityContext
23:09:48.945 DEBUG o.s.security.web.FilterChainProxy - Secured POST /api/auth/login
23:09:48.955 DEBUG o.s.security.web.FilterChainProxy - Securing POST /api/auth/login
23:09:48.956 DEBUG o.s.s.w.a.AnonymousAuthenticationFilter - Set SecurityContextHolder to anonymous SecurityContext
23:09:48.957 DEBUG o.s.security.web.FilterChainProxy - Secured POST /api/auth/login
23:09:48.958 DEBUG o.s.security.web.FilterChainProxy - Securing POST /api/auth/login
23:09:48.953 DEBUG o.s.security.web.FilterChainProxy - Securing POST /api/auth/login
23:09:48.960 DEBUG o.s.s.w.a.AnonymousAuthenticationFilter - Set SecurityContextHolder to anonymous SecurityContext
23:09:48.961 DEBUG o.s.security.web.FilterChainProxy - Secured POST /api/auth/login
23:09:48.966 DEBUG o.s.security.web.FilterChainProxy - Securing POST /api/auth/login
23:09:48.959 DEBUG o.s.s.w.a.AnonymousAuthenticationFilter - Set SecurityContextHolder to anonymous SecurityContext
23:09:48.969 DEBUG o.s.security.web.FilterChainProxy - Secured POST /api/auth/login
23:09:48.976 DEBUG o.s.security.web.FilterChainProxy - Securing POST /api/auth/login
23:09:48.976 DEBUG o.s.s.w.a.AnonymousAuthenticationFilter - Set SecurityContextHolder to anonymous SecurityContext
23:09:48.976 DEBUG o.s.security.web.FilterChainProxy - Secured POST /api/auth/login
23:09:48.976 DEBUG o.s.security.web.FilterChainProxy - Securing POST /api/auth/login
23:09:48.976 DEBUG o.s.s.w.a.AnonymousAuthenticationFilter - Set SecurityContextHolder to anonymous SecurityContext
23:09:48.976 DEBUG o.s.security.web.FilterChainProxy - Secured POST /api/auth/login
23:09:48.983 DEBUG o.s.security.web.FilterChainProxy - Securing POST /api/auth/login
23:09:48.983 DEBUG o.s.s.w.a.AnonymousAuthenticationFilter - Set SecurityContextHolder to anonymous SecurityContext
23:09:48.984 DEBUG o.s.security.web.FilterChainProxy - Secured POST /api/auth/login
23:09:48.986 DEBUG o.s.security.web.FilterChainProxy - Securing POST /api/auth/login
23:09:48.988 DEBUG o.s.s.w.a.AnonymousAuthenticationFilter - Set SecurityContextHolder to anonymous SecurityContext
23:09:48.989 DEBUG o.s.security.web.FilterChainProxy - Secured POST /api/auth/login
23:09:48.991 DEBUG o.s.security.web.FilterChainProxy - Securing POST /api/auth/login
23:09:48.992 DEBUG o.s.s.w.a.AnonymousAuthenticationFilter - Set SecurityContextHolder to anonymous SecurityContext
23:09:48.992 DEBUG o.s.security.web.FilterChainProxy - Secured POST /api/auth/login
23:09:48.998 DEBUG o.s.security.web.FilterChainProxy - Securing POST /api/auth/login
23:09:48.934 DEBUG o.s.security.web.FilterChainProxy - Securing POST /api/auth/login
23:09:49.007 DEBUG o.s.security.web.FilterChainProxy - Securing POST /api/auth/login
23:09:49.008 DEBUG o.s.s.w.a.AnonymousAuthenticationFilter - Set SecurityContextHolder to anonymous SecurityContext
23:09:49.008 DEBUG o.s.s.w.a.AnonymousAuthenticationFilter - Set SecurityContextHolder to anonymous SecurityContext
23:09:49.008 DEBUG o.s.s.w.a.AnonymousAuthenticationFilter - Set SecurityContextHolder to anonymous SecurityContext
23:09:49.009 DEBUG o.s.security.web.FilterChainProxy - Secured POST /api/auth/login
23:09:49.009 DEBUG o.s.security.web.FilterChainProxy - Secured POST /api/auth/login
23:09:49.023 DEBUG o.s.security.web.FilterChainProxy - Securing POST /api/auth/login
23:09:49.024 DEBUG o.s.s.w.a.AnonymousAuthenticationFilter - Set SecurityContextHolder to anonymous SecurityContext
23:09:49.024 DEBUG o.s.security.web.FilterChainProxy - Secured POST /api/auth/login
23:09:49.027 DEBUG o.s.security.web.FilterChainProxy - Securing POST /api/auth/login
23:09:49.028 DEBUG o.s.s.w.a.AnonymousAuthenticationFilter - Set SecurityContextHolder to anonymous SecurityContext
23:09:49.028 DEBUG o.s.security.web.FilterChainProxy - Secured POST /api/auth/login
23:09:48.998 DEBUG o.s.security.web.FilterChainProxy - Securing POST /api/auth/login
23:09:49.033 DEBUG o.s.s.w.a.AnonymousAuthenticationFilter - Set SecurityContextHolder to anonymous SecurityContext
23:09:49.034 DEBUG o.s.security.web.FilterChainProxy - Secured POST /api/auth/login
23:09:49.008 DEBUG o.s.security.web.FilterChainProxy - Secured POST /api/auth/login
23:09:49.023 DEBUG o.s.security.web.FilterChainProxy - Securing POST /api/auth/login
23:09:49.039 DEBUG o.s.s.w.a.AnonymousAuthenticationFilter - Set SecurityContextHolder to anonymous SecurityContext
23:09:49.041 DEBUG o.s.security.web.FilterChainProxy - Secured POST /api/auth/login
23:09:49.055 DEBUG o.s.security.web.FilterChainProxy - Securing POST /api/auth/login
23:09:49.055 DEBUG o.s.s.w.a.AnonymousAuthenticationFilter - Set SecurityContextHolder to anonymous SecurityContext
23:09:49.058 DEBUG o.s.security.web.FilterChainProxy - Secured POST /api/auth/login
23:09:49.108 DEBUG o.s.security.web.FilterChainProxy - Securing POST /api/auth/login
23:09:49.109 DEBUG o.s.s.w.a.AnonymousAuthenticationFilter - Set SecurityContextHolder to anonymous SecurityContext
23:09:49.109 DEBUG o.s.security.web.FilterChainProxy - Secured POST /api/auth/login
23:09:49.123 DEBUG o.s.security.web.FilterChainProxy - Securing POST /api/auth/login
23:09:49.124 DEBUG o.s.s.w.a.AnonymousAuthenticationFilter - Set SecurityContextHolder to anonymous SecurityContext
23:09:49.124 DEBUG o.s.security.web.FilterChainProxy - Secured POST /api/auth/login
23:09:49.127 DEBUG o.s.security.web.FilterChainProxy - Securing POST /api/auth/login
23:09:49.128 DEBUG o.s.s.w.a.AnonymousAuthenticationFilter - Set SecurityContextHolder to anonymous SecurityContext
23:09:49.128 DEBUG o.s.security.web.FilterChainProxy - Secured POST /api/auth/login
23:09:49.135 DEBUG o.s.security.web.FilterChainProxy - Securing POST /api/auth/login
23:09:49.136 DEBUG o.s.s.w.a.AnonymousAuthenticationFilter - Set SecurityContextHolder to anonymous SecurityContext
23:09:49.137 DEBUG o.s.security.web.FilterChainProxy - Secured POST /api/auth/login
23:09:49.145 DEBUG o.s.security.web.FilterChainProxy - Securing POST /api/auth/login
23:09:49.145 DEBUG o.s.s.w.a.AnonymousAuthenticationFilter - Set SecurityContextHolder to anonymous SecurityContext
23:09:49.146 DEBUG o.s.security.web.FilterChainProxy - Secured POST /api/auth/login
23:09:49.157 DEBUG o.s.security.web.FilterChainProxy - Securing POST /api/auth/login
23:09:49.158 DEBUG o.s.s.w.a.AnonymousAuthenticationFilter - Set SecurityContextHolder to anonymous SecurityContext
23:09:49.158 DEBUG o.s.security.web.FilterChainProxy - Secured POST /api/auth/login
23:09:49.164 DEBUG o.s.security.web.FilterChainProxy - Securing POST /api/auth/login
23:09:49.164 DEBUG o.s.s.w.a.AnonymousAuthenticationFilter - Set SecurityContextHolder to anonymous SecurityContext
23:09:49.169 DEBUG o.s.security.web.FilterChainProxy - Secured POST /api/auth/login
23:09:49.170 DEBUG o.s.security.web.FilterChainProxy - Securing POST /api/auth/login
23:09:49.170 DEBUG o.s.s.w.a.AnonymousAuthenticationFilter - Set SecurityContextHolder to anonymous SecurityContext
23:09:49.171 DEBUG o.s.security.web.FilterChainProxy - Secured POST /api/auth/login
23:09:49.182 DEBUG o.s.security.web.FilterChainProxy - Securing POST /api/auth/login
23:09:49.182 DEBUG o.s.s.w.a.AnonymousAuthenticationFilter - Set SecurityContextHolder to anonymous SecurityContext
23:09:49.183 DEBUG o.s.security.web.FilterChainProxy - Secured POST /api/auth/login
23:09:49.186 DEBUG o.s.security.web.FilterChainProxy - Securing POST /api/auth/login
23:09:49.187 DEBUG o.s.s.w.a.AnonymousAuthenticationFilter - Set SecurityContextHolder to anonymous SecurityContext
23:09:49.187 DEBUG o.s.security.web.FilterChainProxy - Secured POST /api/auth/login
23:09:49.200 DEBUG o.s.security.web.FilterChainProxy - Securing POST /api/auth/login
23:09:49.201 DEBUG o.s.s.w.a.AnonymousAuthenticationFilter - Set SecurityContextHolder to anonymous SecurityContext
23:09:49.202 DEBUG o.s.security.web.FilterChainProxy - Secured POST /api/auth/login
23:09:49.220 DEBUG o.s.security.web.FilterChainProxy - Securing POST /api/auth/login
23:09:48.958 DEBUG o.s.security.web.FilterChainProxy - Securing POST /api/auth/login
23:09:49.219 DEBUG o.s.s.w.a.AnonymousAuthenticationFilter - Set SecurityContextHolder to anonymous SecurityContext
23:09:49.220 DEBUG o.s.s.w.a.AnonymousAuthenticationFilter - Set SecurityContextHolder to anonymous SecurityContext
23:09:49.220 DEBUG o.s.s.w.a.AnonymousAuthenticationFilter - Set SecurityContextHolder to anonymous SecurityContext
23:09:49.220 DEBUG o.s.security.web.FilterChainProxy - Secured POST /api/auth/login
23:09:49.221 DEBUG o.s.security.web.FilterChainProxy - Secured POST /api/auth/login
23:09:49.234 DEBUG o.s.security.web.FilterChainProxy - Securing POST /api/auth/login
23:09:49.244 DEBUG o.s.security.web.FilterChainProxy - Securing POST /api/auth/login
23:09:49.244 DEBUG o.s.s.w.a.AnonymousAuthenticationFilter - Set SecurityContextHolder to anonymous SecurityContext
23:09:49.244 DEBUG o.s.security.web.FilterChainProxy - Secured POST /api/auth/login
23:09:49.241 DEBUG o.s.s.w.a.AnonymousAuthenticationFilter - Set SecurityContextHolder to anonymous SecurityContext
23:09:49.249 DEBUG o.s.security.web.FilterChainProxy - Secured POST /api/auth/login
23:09:49.249 DEBUG o.s.security.web.FilterChainProxy - Secured POST /api/auth/login
23:09:48.967 DEBUG o.s.s.w.a.AnonymousAuthenticationFilter - Set SecurityContextHolder to anonymous SecurityContext
23:09:49.251 DEBUG o.s.security.web.FilterChainProxy - Secured POST /api/auth/login
23:09:49.268 DEBUG o.s.security.web.FilterChainProxy - Securing POST /api/auth/login
23:09:49.269 DEBUG o.s.s.w.a.AnonymousAuthenticationFilter - Set SecurityContextHolder to anonymous SecurityContext
23:09:49.269 DEBUG o.s.security.web.FilterChainProxy - Secured POST /api/auth/login
23:09:49.282 DEBUG o.s.security.web.FilterChainProxy - Securing POST /api/auth/login
23:09:49.283 DEBUG o.s.s.w.a.AnonymousAuthenticationFilter - Set SecurityContextHolder to anonymous SecurityContext
23:09:49.283 DEBUG o.s.security.web.FilterChainProxy - Secured POST /api/auth/login
23:11:19.286 DEBUG o.s.security.web.FilterChainProxy - Securing POST /api/auth/login
23:11:19.286 DEBUG o.s.s.w.a.AnonymousAuthenticationFilter - Set SecurityContextHolder to anonymous SecurityContext
23:11:19.287 DEBUG o.s.security.web.FilterChainProxy - Secured POST /api/auth/login
23:11:19.384 DEBUG o.s.security.web.FilterChainProxy - Securing POST /api/auth/login
23:11:19.385 DEBUG o.s.s.w.a.AnonymousAuthenticationFilter - Set SecurityContextHolder to anonymous SecurityContext
23:11:19.386 DEBUG o.s.security.web.FilterChainProxy - Secured POST /api/auth/login
23:11:19.403 DEBUG o.s.security.web.FilterChainProxy - Securing POST /api/auth/login
23:11:19.404 DEBUG o.s.s.w.a.AnonymousAuthenticationFilter - Set SecurityContextHolder to anonymous SecurityContext
23:11:19.406 DEBUG o.s.security.web.FilterChainProxy - Secured POST /api/auth/login
23:11:19.566 DEBUG o.s.security.web.FilterChainProxy - Securing POST /api/auth/login
23:11:19.566 DEBUG o.s.s.w.a.AnonymousAuthenticationFilter - Set SecurityContextHolder to anonymous SecurityContext
23:11:19.567 DEBUG o.s.security.web.FilterChainProxy - Secured POST /api/auth/login
23:11:19.829 DEBUG o.s.security.web.FilterChainProxy - Securing POST /api/auth/login
23:11:19.830 DEBUG o.s.s.w.a.AnonymousAuthenticationFilter - Set SecurityContextHolder to anonymous SecurityContext
23:11:19.830 DEBUG o.s.security.web.FilterChainProxy - Secured POST /api/auth/login
23:11:19.926 DEBUG o.s.security.web.FilterChainProxy - Securing POST /api/auth/login
23:11:19.926 DEBUG o.s.s.w.a.AnonymousAuthenticationFilter - Set SecurityContextHolder to anonymous SecurityContext
23:11:19.927 DEBUG o.s.security.web.FilterChainProxy - Secured POST /api/auth/login
23:11:20.047 DEBUG o.s.security.web.FilterChainProxy - Securing POST /api/auth/login
23:11:20.048 DEBUG o.s.s.w.a.AnonymousAuthenticationFilter - Set SecurityContextHolder to anonymous SecurityContext
23:11:20.049 DEBUG o.s.security.web.FilterChainProxy - Secured POST /api/auth/login
23:11:20.190 DEBUG o.s.security.web.FilterChainProxy - Securing POST /api/auth/login
23:11:20.191 DEBUG o.s.s.w.a.AnonymousAuthenticationFilter - Set SecurityContextHolder to anonymous SecurityContext
23:11:20.191 DEBUG o.s.security.web.FilterChainProxy - Secured POST /api/auth/login
23:11:20.207 DEBUG o.s.security.web.FilterChainProxy - Securing POST /api/auth/login
23:11:20.207 DEBUG o.s.s.w.a.AnonymousAuthenticationFilter - Set SecurityContextHolder to anonymous SecurityContext
23:11:20.208 DEBUG o.s.security.web.FilterChainProxy - Secured POST /api/auth/login
23:11:20.240 DEBUG o.s.security.web.FilterChainProxy - Securing POST /api/auth/login
23:11:20.240 DEBUG o.s.s.w.a.AnonymousAuthenticationFilter - Set SecurityContextHolder to anonymous SecurityContext
23:11:20.241 DEBUG o.s.security.web.FilterChainProxy - Secured POST /api/auth/login
23:11:20.327 DEBUG o.s.security.web.FilterChainProxy - Securing POST /api/auth/login
23:11:20.327 DEBUG o.s.s.w.a.AnonymousAuthenticationFilter - Set SecurityContextHolder to anonymous SecurityContext
23:11:20.328 DEBUG o.s.security.web.FilterChainProxy - Secured POST /api/auth/login
23:11:20.397 DEBUG o.s.security.web.FilterChainProxy - Securing POST /api/auth/login
23:11:20.397 DEBUG o.s.s.w.a.AnonymousAuthenticationFilter - Set SecurityContextHolder to anonymous SecurityContext
23:11:20.398 DEBUG o.s.security.web.FilterChainProxy - Secured POST /api/auth/login
23:11:20.639 DEBUG o.s.security.web.FilterChainProxy - Securing POST /api/auth/login
23:11:20.640 DEBUG o.s.s.w.a.AnonymousAuthenticationFilter - Set SecurityContextHolder to anonymous SecurityContext
23:11:20.640 DEBUG o.s.security.web.FilterChainProxy - Secured POST /api/auth/login
23:11:20.645 DEBUG o.s.security.web.FilterChainProxy - Securing POST /api/auth/login
23:11:20.645 DEBUG o.s.s.w.a.AnonymousAuthenticationFilter - Set SecurityContextHolder to anonymous SecurityContext
23:11:20.646 DEBUG o.s.security.web.FilterChainProxy - Secured POST /api/auth/login
23:11:20.713 DEBUG o.s.security.web.FilterChainProxy - Securing POST /api/auth/login
23:11:20.714 DEBUG o.s.s.w.a.AnonymousAuthenticationFilter - Set SecurityContextHolder to anonymous SecurityContext
23:11:20.715 DEBUG o.s.security.web.FilterChainProxy - Secured POST /api/auth/login
23:11:20.824 DEBUG o.s.security.web.FilterChainProxy - Securing POST /api/auth/login
23:11:20.825 DEBUG o.s.s.w.a.AnonymousAuthenticationFilter - Set SecurityContextHolder to anonymous SecurityContext
23:11:20.826 DEBUG o.s.security.web.FilterChainProxy - Secured POST /api/auth/login
23:11:20.981 DEBUG o.s.security.web.FilterChainProxy - Securing POST /api/auth/login
23:11:20.982 DEBUG o.s.s.w.a.AnonymousAuthenticationFilter - Set SecurityContextHolder to anonymous SecurityContext
23:11:20.983 DEBUG o.s.security.web.FilterChainProxy - Secured POST /api/auth/login
23:11:21.039 DEBUG o.s.security.web.FilterChainProxy - Securing POST /api/auth/login
23:11:21.041 DEBUG o.s.s.w.a.AnonymousAuthenticationFilter - Set SecurityContextHolder to anonymous SecurityContext
23:11:21.041 DEBUG o.s.security.web.FilterChainProxy - Secured POST /api/auth/login
23:11:21.109 DEBUG o.s.security.web.FilterChainProxy - Securing POST /api/auth/login
23:11:21.110 DEBUG o.s.s.w.a.AnonymousAuthenticationFilter - Set SecurityContextHolder to anonymous SecurityContext
23:11:21.111 DEBUG o.s.security.web.FilterChainProxy - Secured POST /api/auth/login
23:11:21.362 DEBUG o.s.security.web.FilterChainProxy - Securing POST /api/auth/login
23:11:21.363 DEBUG o.s.s.w.a.AnonymousAuthenticationFilter - Set SecurityContextHolder to anonymous SecurityContext
23:11:21.367 DEBUG o.s.security.web.FilterChainProxy - Secured POST /api/auth/login
23:11:21.496 DEBUG o.s.security.web.FilterChainProxy - Securing POST /api/auth/login
23:11:21.496 DEBUG o.s.s.w.a.AnonymousAuthenticationFilter - Set SecurityContextHolder to anonymous SecurityContext
23:11:21.497 DEBUG o.s.security.web.FilterChainProxy - Secured POST /api/auth/login
23:11:21.765 DEBUG o.s.security.web.FilterChainProxy - Securing POST /api/auth/login
23:11:21.765 DEBUG o.s.s.w.a.AnonymousAuthenticationFilter - Set SecurityContextHolder to anonymous SecurityContext
23:11:21.766 DEBUG o.s.security.web.FilterChainProxy - Secured POST /api/auth/login
23:11:21.914 DEBUG o.s.security.web.FilterChainProxy - Securing POST /api/auth/login
23:11:21.919 DEBUG o.s.s.w.a.AnonymousAuthenticationFilter - Set SecurityContextHolder to anonymous SecurityContext
23:11:21.921 DEBUG o.s.security.web.FilterChainProxy - Secured POST /api/auth/login
23:11:22.701 DEBUG o.s.security.web.FilterChainProxy - Securing POST /api/auth/login
23:11:22.725 DEBUG o.s.s.w.a.AnonymousAuthenticationFilter - Set SecurityContextHolder to anonymous SecurityContext
23:11:22.728 DEBUG o.s.security.web.FilterChainProxy - Secured POST /api/auth/login
23:11:22.825 DEBUG o.s.security.web.FilterChainProxy - Securing POST /api/auth/login
23:11:22.826 DEBUG o.s.s.w.a.AnonymousAuthenticationFilter - Set SecurityContextHolder to anonymous SecurityContext
23:11:22.827 DEBUG o.s.security.web.FilterChainProxy - Secured POST /api/auth/login
23:11:22.953 DEBUG o.s.security.web.FilterChainProxy - Securing POST /api/auth/login
23:11:22.954 DEBUG o.s.s.w.a.AnonymousAuthenticationFilter - Set SecurityContextHolder to anonymous SecurityContext
23:11:22.954 DEBUG o.s.security.web.FilterChainProxy - Secured POST /api/auth/login
23:11:22.985 DEBUG o.s.security.web.FilterChainProxy - Securing POST /api/auth/login
23:11:22.986 DEBUG o.s.s.w.a.AnonymousAuthenticationFilter - Set SecurityContextHolder to anonymous SecurityContext
23:11:22.986 DEBUG o.s.security.web.FilterChainProxy - Secured POST /api/auth/login
23:11:23.405 DEBUG o.s.security.web.FilterChainProxy - Securing POST /api/auth/login
23:11:23.407 DEBUG o.s.s.w.a.AnonymousAuthenticationFilter - Set SecurityContextHolder to anonymous SecurityContext
23:11:23.407 DEBUG o.s.security.web.FilterChainProxy - Secured POST /api/auth/login
23:11:23.728 DEBUG o.s.security.web.FilterChainProxy - Securing POST /api/auth/login
23:11:23.729 DEBUG o.s.s.w.a.AnonymousAuthenticationFilter - Set SecurityContextHolder to anonymous SecurityContext
23:11:23.730 DEBUG o.s.security.web.FilterChainProxy - Secured POST /api/auth/login
23:11:23.906 DEBUG o.s.security.web.FilterChainProxy - Securing POST /api/auth/login
23:11:23.907 DEBUG o.s.s.w.a.AnonymousAuthenticationFilter - Set SecurityContextHolder to anonymous SecurityContext
23:11:23.926 DEBUG o.s.security.web.FilterChainProxy - Secured POST /api/auth/login
23:11:23.926 DEBUG o.s.security.web.FilterChainProxy - Securing POST /api/auth/login
23:11:23.927 DEBUG o.s.s.w.a.AnonymousAuthenticationFilter - Set SecurityContextHolder to anonymous SecurityContext
23:11:23.927 DEBUG o.s.security.web.FilterChainProxy - Secured POST /api/auth/login
23:11:23.947 DEBUG o.s.security.web.FilterChainProxy - Securing POST /api/auth/login
23:11:23.947 DEBUG o.s.s.w.a.AnonymousAuthenticationFilter - Set SecurityContextHolder to anonymous SecurityContext
23:11:23.947 DEBUG o.s.security.web.FilterChainProxy - Secured POST /api/auth/login
23:11:24.008 DEBUG o.s.security.web.FilterChainProxy - Securing POST /api/auth/login
23:11:24.008 DEBUG o.s.s.w.a.AnonymousAuthenticationFilter - Set SecurityContextHolder to anonymous SecurityContext
23:11:24.009 DEBUG o.s.security.web.FilterChainProxy - Secured POST /api/auth/login
23:11:24.040 DEBUG o.s.security.web.FilterChainProxy - Securing POST /api/auth/login
23:11:24.040 DEBUG o.s.s.w.a.AnonymousAuthenticationFilter - Set SecurityContextHolder to anonymous SecurityContext
23:11:24.041 DEBUG o.s.security.web.FilterChainProxy - Secured POST /api/auth/login
23:11:24.222 DEBUG o.s.security.web.FilterChainProxy - Securing POST /api/auth/login
23:11:24.227 DEBUG o.s.s.w.a.AnonymousAuthenticationFilter - Set SecurityContextHolder to anonymous SecurityContext
23:11:24.227 DEBUG o.s.security.web.FilterChainProxy - Secured POST /api/auth/login
23:11:24.399 DEBUG o.s.security.web.FilterChainProxy - Securing POST /api/auth/login
23:11:24.400 DEBUG o.s.s.w.a.AnonymousAuthenticationFilter - Set SecurityContextHolder to anonymous SecurityContext
23:11:24.400 DEBUG o.s.security.web.FilterChainProxy - Secured POST /api/auth/login
23:11:24.526 DEBUG o.s.security.web.FilterChainProxy - Securing POST /api/auth/login
23:11:24.527 DEBUG o.s.s.w.a.AnonymousAuthenticationFilter - Set SecurityContextHolder to anonymous SecurityContext
23:11:24.527 DEBUG o.s.security.web.FilterChainProxy - Secured POST /api/auth/login
23:11:24.563 DEBUG o.s.security.web.FilterChainProxy - Securing POST /api/auth/login
23:11:24.564 DEBUG o.s.s.w.a.AnonymousAuthenticationFilter - Set SecurityContextHolder to anonymous SecurityContext
23:11:24.564 DEBUG o.s.security.web.FilterChainProxy - Secured POST /api/auth/login
23:11:24.590 DEBUG o.s.security.web.FilterChainProxy - Securing POST /api/auth/login
23:11:24.592 DEBUG o.s.s.w.a.AnonymousAuthenticationFilter - Set SecurityContextHolder to anonymous SecurityContext
23:11:24.592 DEBUG o.s.security.web.FilterChainProxy - Secured POST /api/auth/login
23:11:24.693 DEBUG o.s.security.web.FilterChainProxy - Securing POST /api/auth/login
23:11:24.694 DEBUG o.s.s.w.a.AnonymousAuthenticationFilter - Set SecurityContextHolder to anonymous SecurityContext
23:11:24.695 DEBUG o.s.security.web.FilterChainProxy - Secured POST /api/auth/login
23:11:24.861 DEBUG o.s.security.web.FilterChainProxy - Securing POST /api/auth/login
23:11:24.862 DEBUG o.s.s.w.a.AnonymousAuthenticationFilter - Set SecurityContextHolder to anonymous SecurityContext
23:11:24.863 DEBUG o.s.security.web.FilterChainProxy - Secured POST /api/auth/login
23:11:25.059 DEBUG o.s.security.web.FilterChainProxy - Securing POST /api/auth/login
23:11:25.060 DEBUG o.s.s.w.a.AnonymousAuthenticationFilter - Set SecurityContextHolder to anonymous SecurityContext
23:11:25.062 DEBUG o.s.security.web.FilterChainProxy - Secured POST /api/auth/login
23:11:25.115 DEBUG o.s.security.web.FilterChainProxy - Securing POST /api/auth/login
23:11:25.116 DEBUG o.s.s.w.a.AnonymousAuthenticationFilter - Set SecurityContextHolder to anonymous SecurityContext
23:11:25.116 DEBUG o.s.security.web.FilterChainProxy - Secured POST /api/auth/login
23:11:25.160 DEBUG o.s.security.web.FilterChainProxy - Securing POST /api/auth/login
23:11:25.160 DEBUG o.s.s.w.a.AnonymousAuthenticationFilter - Set SecurityContextHolder to anonymous SecurityContext
23:11:25.161 DEBUG o.s.security.web.FilterChainProxy - Secured POST /api/auth/login
23:11:25.205 DEBUG o.s.security.web.FilterChainProxy - Securing POST /api/auth/login
23:11:25.207 DEBUG o.s.s.w.a.AnonymousAuthenticationFilter - Set SecurityContextHolder to anonymous SecurityContext
23:11:25.207 DEBUG o.s.security.web.FilterChainProxy - Secured POST /api/auth/login
23:11:25.207 DEBUG o.s.security.web.FilterChainProxy - Securing POST /api/auth/login
23:11:25.209 DEBUG o.s.s.w.a.AnonymousAuthenticationFilter - Set SecurityContextHolder to anonymous SecurityContext
23:11:25.210 DEBUG o.s.security.web.FilterChainProxy - Secured POST /api/auth/login
23:11:25.210 DEBUG o.s.security.web.FilterChainProxy - Securing POST /api/auth/login
23:11:25.211 DEBUG o.s.s.w.a.AnonymousAuthenticationFilter - Set SecurityContextHolder to anonymous SecurityContext
23:11:25.211 DEBUG o.s.security.web.FilterChainProxy - Secured POST /api/auth/login
23:11:25.294 DEBUG o.s.security.web.FilterChainProxy - Securing POST /api/auth/login
23:11:25.294 DEBUG o.s.s.w.a.AnonymousAuthenticationFilter - Set SecurityContextHolder to anonymous SecurityContext
23:11:25.294 DEBUG o.s.security.web.FilterChainProxy - Secured POST /api/auth/login
23:11:25.361 DEBUG o.s.security.web.FilterChainProxy - Securing POST /api/auth/login
23:11:25.362 DEBUG o.s.s.w.a.AnonymousAuthenticationFilter - Set SecurityContextHolder to anonymous SecurityContext
23:11:25.362 DEBUG o.s.security.web.FilterChainProxy - Secured POST /api/auth/login
23:11:25.388 DEBUG o.s.security.web.FilterChainProxy - Securing POST /api/auth/login
23:11:25.389 DEBUG o.s.s.w.a.AnonymousAuthenticationFilter - Set SecurityContextHolder to anonymous SecurityContext
23:11:25.390 DEBUG o.s.security.web.FilterChainProxy - Secured POST /api/auth/login
23:11:25.427 DEBUG o.s.security.web.FilterChainProxy - Securing POST /api/auth/login
23:11:25.429 DEBUG o.s.s.w.a.AnonymousAuthenticationFilter - Set SecurityContextHolder to anonymous SecurityContext
23:11:25.429 DEBUG o.s.security.web.FilterChainProxy - Secured POST /api/auth/login
23:11:25.446 DEBUG o.s.security.web.FilterChainProxy - Securing POST /api/auth/login
23:11:25.447 DEBUG o.s.s.w.a.AnonymousAuthenticationFilter - Set SecurityContextHolder to anonymous SecurityContext
23:11:25.448 DEBUG o.s.security.web.FilterChainProxy - Secured POST /api/auth/login
23:11:25.639 DEBUG o.s.security.web.FilterChainProxy - Securing POST /api/auth/login
23:11:25.640 DEBUG o.s.s.w.a.AnonymousAuthenticationFilter - Set SecurityContextHolder to anonymous SecurityContext
23:11:25.640 DEBUG o.s.security.web.FilterChainProxy - Secured POST /api/auth/login
23:11:25.660 DEBUG o.s.security.web.FilterChainProxy - Securing POST /api/auth/login
23:11:25.661 DEBUG o.s.s.w.a.AnonymousAuthenticationFilter - Set SecurityContextHolder to anonymous SecurityContext
23:11:25.662 DEBUG o.s.security.web.FilterChainProxy - Secured POST /api/auth/login
23:11:25.768 DEBUG o.s.security.web.FilterChainProxy - Securing POST /api/auth/login
23:11:25.768 DEBUG o.s.s.w.a.AnonymousAuthenticationFilter - Set SecurityContextHolder to anonymous SecurityContext
23:11:25.768 DEBUG o.s.security.web.FilterChainProxy - Secured POST /api/auth/login
23:11:25.852 DEBUG o.s.security.web.FilterChainProxy - Securing POST /api/auth/login
23:11:25.852 DEBUG o.s.s.w.a.AnonymousAuthenticationFilter - Set SecurityContextHolder to anonymous SecurityContext
23:11:25.852 DEBUG o.s.security.web.FilterChainProxy - Secured POST /api/auth/login
23:11:25.924 DEBUG o.s.security.web.FilterChainProxy - Securing POST /api/auth/login
23:11:25.925 DEBUG o.s.s.w.a.AnonymousAuthenticationFilter - Set SecurityContextHolder to anonymous SecurityContext
23:11:25.925 DEBUG o.s.security.web.FilterChainProxy - Secured POST /api/auth/login
23:11:26.054 DEBUG o.s.security.web.FilterChainProxy - Securing POST /api/auth/login
23:11:26.055 DEBUG o.s.s.w.a.AnonymousAuthenticationFilter - Set SecurityContextHolder to anonymous SecurityContext
23:11:26.055 DEBUG o.s.security.web.FilterChainProxy - Secured POST /api/auth/login
23:11:26.222 DEBUG o.s.security.web.FilterChainProxy - Securing POST /api/auth/login
23:11:26.223 DEBUG o.s.s.w.a.AnonymousAuthenticationFilter - Set SecurityContextHolder to anonymous SecurityContext
23:11:26.224 DEBUG o.s.security.web.FilterChainProxy - Secured POST /api/auth/login
23:11:26.260 DEBUG o.s.security.web.FilterChainProxy - Securing POST /api/auth/login
23:11:26.260 DEBUG o.s.s.w.a.AnonymousAuthenticationFilter - Set SecurityContextHolder to anonymous SecurityContext
23:11:26.261 DEBUG o.s.security.web.FilterChainProxy - Secured POST /api/auth/login
23:11:26.294 DEBUG o.s.security.web.FilterChainProxy - Securing POST /api/auth/login
23:11:26.295 DEBUG o.s.s.w.a.AnonymousAuthenticationFilter - Set SecurityContextHolder to anonymous SecurityContext
23:11:26.295 DEBUG o.s.security.web.FilterChainProxy - Secured POST /api/auth/login
23:11:26.337 DEBUG o.s.security.web.FilterChainProxy - Securing POST /api/auth/login
23:11:26.338 DEBUG o.s.s.w.a.AnonymousAuthenticationFilter - Set SecurityContextHolder to anonymous SecurityContext
23:11:26.338 DEBUG o.s.security.web.FilterChainProxy - Secured POST /api/auth/login
23:11:26.349 DEBUG o.s.security.web.FilterChainProxy - Securing POST /api/auth/login
23:11:26.350 DEBUG o.s.s.w.a.AnonymousAuthenticationFilter - Set SecurityContextHolder to anonymous SecurityContext
23:11:26.351 DEBUG o.s.security.web.FilterChainProxy - Secured POST /api/auth/login
23:11:26.381 DEBUG o.s.security.web.FilterChainProxy - Securing POST /api/auth/login
23:11:26.382 DEBUG o.s.s.w.a.AnonymousAuthenticationFilter - Set SecurityContextHolder to anonymous SecurityContext
23:11:26.382 DEBUG o.s.security.web.FilterChainProxy - Secured POST /api/auth/login
23:11:26.464 DEBUG o.s.security.web.FilterChainProxy - Securing POST /api/auth/login
23:11:26.464 DEBUG o.s.s.w.a.AnonymousAuthenticationFilter - Set SecurityContextHolder to anonymous SecurityContext
23:11:26.465 DEBUG o.s.security.web.FilterChainProxy - Secured POST /api/auth/login
23:11:26.470 DEBUG o.s.security.web.FilterChainProxy - Securing POST /api/auth/login
23:11:26.471 DEBUG o.s.s.w.a.AnonymousAuthenticationFilter - Set SecurityContextHolder to anonymous SecurityContext
23:11:26.471 DEBUG o.s.security.web.FilterChainProxy - Secured POST /api/auth/login
23:11:26.495 DEBUG o.s.security.web.FilterChainProxy - Securing POST /api/auth/login
23:11:26.496 DEBUG o.s.s.w.a.AnonymousAuthenticationFilter - Set SecurityContextHolder to anonymous SecurityContext
23:11:26.496 DEBUG o.s.security.web.FilterChainProxy - Secured POST /api/auth/login
23:11:26.535 DEBUG o.s.security.web.FilterChainProxy - Securing POST /api/auth/login
23:11:26.536 DEBUG o.s.s.w.a.AnonymousAuthenticationFilter - Set SecurityContextHolder to anonymous SecurityContext
23:11:26.537 DEBUG o.s.security.web.FilterChainProxy - Secured POST /api/auth/login
23:11:26.544 DEBUG o.s.security.web.FilterChainProxy - Securing POST /api/auth/login
23:11:26.544 DEBUG o.s.s.w.a.AnonymousAuthenticationFilter - Set SecurityContextHolder to anonymous SecurityContext
23:11:26.545 DEBUG o.s.security.web.FilterChainProxy - Secured POST /api/auth/login
23:11:26.636 DEBUG o.s.security.web.FilterChainProxy - Securing POST /api/auth/login
23:11:26.638 DEBUG o.s.s.w.a.AnonymousAuthenticationFilter - Set SecurityContextHolder to anonymous SecurityContext
23:11:26.639 DEBUG o.s.security.web.FilterChainProxy - Secured POST /api/auth/login
23:11:26.657 DEBUG o.s.security.web.FilterChainProxy - Securing POST /api/auth/login
23:11:26.658 DEBUG o.s.s.w.a.AnonymousAuthenticationFilter - Set SecurityContextHolder to anonymous SecurityContext
23:11:26.658 DEBUG o.s.security.web.FilterChainProxy - Secured POST /api/auth/login
23:11:26.772 DEBUG o.s.security.web.FilterChainProxy - Securing POST /api/auth/login
23:11:26.772 DEBUG o.s.s.w.a.AnonymousAuthenticationFilter - Set SecurityContextHolder to anonymous SecurityContext
23:11:26.772 DEBUG o.s.security.web.FilterChainProxy - Secured POST /api/auth/login
23:11:26.780 DEBUG o.s.security.web.FilterChainProxy - Securing POST /api/auth/login
23:11:26.780 DEBUG o.s.s.w.a.AnonymousAuthenticationFilter - Set SecurityContextHolder to anonymous SecurityContext
23:11:26.781 DEBUG o.s.security.web.FilterChainProxy - Secured POST /api/auth/login
23:11:26.799 DEBUG o.s.security.web.FilterChainProxy - Securing POST /api/auth/login
23:11:26.799 DEBUG o.s.s.w.a.AnonymousAuthenticationFilter - Set SecurityContextHolder to anonymous SecurityContext
23:11:26.800 DEBUG o.s.security.web.FilterChainProxy - Secured POST /api/auth/login
23:11:27.250 DEBUG o.s.security.web.FilterChainProxy - Securing POST /api/auth/login
23:11:27.251 DEBUG o.s.s.w.a.AnonymousAuthenticationFilter - Set SecurityContextHolder to anonymous SecurityContext
23:11:27.252 DEBUG o.s.security.web.FilterChainProxy - Secured POST /api/auth/login
23:11:27.331 DEBUG o.s.security.web.FilterChainProxy - Securing POST /api/auth/login
23:11:27.332 DEBUG o.s.s.w.a.AnonymousAuthenticationFilter - Set SecurityContextHolder to anonymous SecurityContext
23:11:27.333 DEBUG o.s.security.web.FilterChainProxy - Secured POST /api/auth/login
23:11:27.334 DEBUG o.s.security.web.FilterChainProxy - Securing POST /api/auth/login
23:11:27.334 DEBUG o.s.s.w.a.AnonymousAuthenticationFilter - Set SecurityContextHolder to anonymous SecurityContext
23:11:27.334 DEBUG o.s.security.web.FilterChainProxy - Secured POST /api/auth/login
23:11:27.412 DEBUG o.s.security.web.FilterChainProxy - Securing POST /api/auth/login
23:11:27.413 DEBUG o.s.s.w.a.AnonymousAuthenticationFilter - Set SecurityContextHolder to anonymous SecurityContext
23:11:27.413 DEBUG o.s.security.web.FilterChainProxy - Secured POST /api/auth/login
23:11:27.473 DEBUG o.s.security.web.FilterChainProxy - Securing POST /api/auth/login
23:11:27.474 DEBUG o.s.s.w.a.AnonymousAuthenticationFilter - Set SecurityContextHolder to anonymous SecurityContext
23:11:27.474 DEBUG o.s.security.web.FilterChainProxy - Secured POST /api/auth/login
23:11:27.519 DEBUG o.s.security.web.FilterChainProxy - Securing POST /api/auth/login
23:11:27.520 DEBUG o.s.s.w.a.AnonymousAuthenticationFilter - Set SecurityContextHolder to anonymous SecurityContext
23:11:27.521 DEBUG o.s.security.web.FilterChainProxy - Secured POST /api/auth/login
23:11:27.740 DEBUG o.s.security.web.FilterChainProxy - Securing POST /api/auth/login
23:11:27.741 DEBUG o.s.s.w.a.AnonymousAuthenticationFilter - Set SecurityContextHolder to anonymous SecurityContext
23:11:27.741 DEBUG o.s.security.web.FilterChainProxy - Secured POST /api/auth/login
23:11:27.758 DEBUG o.s.security.web.FilterChainProxy - Securing POST /api/auth/login
23:11:27.758 DEBUG o.s.s.w.a.AnonymousAuthenticationFilter - Set SecurityContextHolder to anonymous SecurityContext
23:11:27.759 DEBUG o.s.security.web.FilterChainProxy - Secured POST /api/auth/login
23:11:27.801 DEBUG o.s.security.web.FilterChainProxy - Securing POST /api/auth/login
23:11:27.801 DEBUG o.s.s.w.a.AnonymousAuthenticationFilter - Set SecurityContextHolder to anonymous SecurityContext
23:11:27.802 DEBUG o.s.security.web.FilterChainProxy - Secured POST /api/auth/login
23:11:27.980 DEBUG o.s.security.web.FilterChainProxy - Securing POST /api/auth/login
23:11:27.980 DEBUG o.s.s.w.a.AnonymousAuthenticationFilter - Set SecurityContextHolder to anonymous SecurityContext
23:11:27.981 DEBUG o.s.security.web.FilterChainProxy - Secured POST /api/auth/login
23:11:28.288 DEBUG o.s.security.web.FilterChainProxy - Securing POST /api/auth/login
23:11:28.289 DEBUG o.s.s.w.a.AnonymousAuthenticationFilter - Set SecurityContextHolder to anonymous SecurityContext
23:11:28.290 DEBUG o.s.security.web.FilterChainProxy - Secured POST /api/auth/login
23:11:28.391 DEBUG o.s.security.web.FilterChainProxy - Securing POST /api/auth/login
23:11:28.392 DEBUG o.s.s.w.a.AnonymousAuthenticationFilter - Set SecurityContextHolder to anonymous SecurityContext
23:11:28.392 DEBUG o.s.security.web.FilterChainProxy - Secured POST /api/auth/login
23:11:28.439 DEBUG o.s.security.web.FilterChainProxy - Securing POST /api/auth/login
23:11:28.439 DEBUG o.s.s.w.a.AnonymousAuthenticationFilter - Set SecurityContextHolder to anonymous SecurityContext
23:11:28.439 DEBUG o.s.security.web.FilterChainProxy - Secured POST /api/auth/login
23:11:28.486 DEBUG o.s.security.web.FilterChainProxy - Securing POST /api/auth/login
23:11:28.488 DEBUG o.s.s.w.a.AnonymousAuthenticationFilter - Set SecurityContextHolder to anonymous SecurityContext
23:11:28.488 DEBUG o.s.security.web.FilterChainProxy - Secured POST /api/auth/login
23:11:28.604 DEBUG o.s.security.web.FilterChainProxy - Securing POST /api/auth/login
23:11:28.604 DEBUG o.s.s.w.a.AnonymousAuthenticationFilter - Set SecurityContextHolder to anonymous SecurityContext
23:11:28.605 DEBUG o.s.security.web.FilterChainProxy - Secured POST /api/auth/login
23:11:28.797 DEBUG o.s.security.web.FilterChainProxy - Securing POST /api/auth/login
23:11:28.797 DEBUG o.s.s.w.a.AnonymousAuthenticationFilter - Set SecurityContextHolder to anonymous SecurityContext
23:11:28.797 DEBUG o.s.security.web.FilterChainProxy - Secured POST /api/auth/login
23:11:28.838 DEBUG o.s.security.web.FilterChainProxy - Securing POST /api/auth/login
23:11:28.838 DEBUG o.s.s.w.a.AnonymousAuthenticationFilter - Set SecurityContextHolder to anonymous SecurityContext
23:11:28.839 DEBUG o.s.security.web.FilterChainProxy - Secured POST /api/auth/login
23:11:28.891 DEBUG o.s.security.web.FilterChainProxy - Securing POST /api/auth/login
23:11:28.892 DEBUG o.s.s.w.a.AnonymousAuthenticationFilter - Set SecurityContextHolder to anonymous SecurityContext
23:11:28.892 DEBUG o.s.security.web.FilterChainProxy - Secured POST /api/auth/login
23:11:28.926 DEBUG o.s.security.web.FilterChainProxy - Securing POST /api/auth/login
23:11:28.927 DEBUG o.s.s.w.a.AnonymousAuthenticationFilter - Set SecurityContextHolder to anonymous SecurityContext
23:11:28.927 DEBUG o.s.security.web.FilterChainProxy - Secured POST /api/auth/login
23:11:29.039 DEBUG o.s.security.web.FilterChainProxy - Securing POST /api/auth/login
23:11:29.039 DEBUG o.s.s.w.a.AnonymousAuthenticationFilter - Set SecurityContextHolder to anonymous SecurityContext
23:11:29.039 DEBUG o.s.security.web.FilterChainProxy - Secured POST /api/auth/login
23:11:29.087 DEBUG o.s.security.web.FilterChainProxy - Securing POST /api/auth/login
23:11:29.088 DEBUG o.s.s.w.a.AnonymousAuthenticationFilter - Set SecurityContextHolder to anonymous SecurityContext
23:11:29.088 DEBUG o.s.security.web.FilterChainProxy - Secured POST /api/auth/login
23:11:29.129 DEBUG o.s.security.web.FilterChainProxy - Securing POST /api/auth/login
23:11:29.129 DEBUG o.s.s.w.a.AnonymousAuthenticationFilter - Set SecurityContextHolder to anonymous SecurityContext
23:11:29.129 DEBUG o.s.security.web.FilterChainProxy - Secured POST /api/auth/login
23:11:29.162 DEBUG o.s.security.web.FilterChainProxy - Securing POST /api/auth/login
23:11:29.163 DEBUG o.s.s.w.a.AnonymousAuthenticationFilter - Set SecurityContextHolder to anonymous SecurityContext
23:11:29.163 DEBUG o.s.security.web.FilterChainProxy - Secured POST /api/auth/login
23:11:29.226 DEBUG o.s.security.web.FilterChainProxy - Securing POST /api/auth/login
23:11:29.226 DEBUG o.s.s.w.a.AnonymousAuthenticationFilter - Set SecurityContextHolder to anonymous SecurityContext
23:11:29.227 DEBUG o.s.security.web.FilterChainProxy - Secured POST /api/auth/login
23:11:29.332 DEBUG o.s.security.web.FilterChainProxy - Securing POST /api/auth/login
23:11:29.333 DEBUG o.s.s.w.a.AnonymousAuthenticationFilter - Set SecurityContextHolder to anonymous SecurityContext
23:11:29.335 DEBUG o.s.security.web.FilterChainProxy - Secured POST /api/auth/login
23:11:29.555 DEBUG o.s.security.web.FilterChainProxy - Securing POST /api/auth/login
23:11:29.555 DEBUG o.s.s.w.a.AnonymousAuthenticationFilter - Set SecurityContextHolder to anonymous SecurityContext
23:11:29.555 DEBUG o.s.security.web.FilterChainProxy - Secured POST /api/auth/login
23:13:13.067 DEBUG o.s.security.web.FilterChainProxy - Securing POST /api/auth/login
23:13:13.068 DEBUG o.s.s.w.a.AnonymousAuthenticationFilter - Set SecurityContextHolder to anonymous SecurityContext
23:13:13.068 DEBUG o.s.security.web.FilterChainProxy - Secured POST /api/auth/login
23:13:13.150 DEBUG o.s.security.web.FilterChainProxy - Securing POST /api/auth/login
23:13:13.150 DEBUG o.s.s.w.a.AnonymousAuthenticationFilter - Set SecurityContextHolder to anonymous SecurityContext
23:13:13.150 DEBUG o.s.security.web.FilterChainProxy - Secured POST /api/auth/login
23:13:13.276 DEBUG o.s.security.web.FilterChainProxy - Securing POST /api/auth/login
23:13:13.276 DEBUG o.s.s.w.a.AnonymousAuthenticationFilter - Set SecurityContextHolder to anonymous SecurityContext
23:13:13.277 DEBUG o.s.security.web.FilterChainProxy - Secured POST /api/auth/login
23:13:13.391 DEBUG o.s.security.web.FilterChainProxy - Securing POST /api/auth/login
23:13:13.391 DEBUG o.s.s.w.a.AnonymousAuthenticationFilter - Set SecurityContextHolder to anonymous SecurityContext
23:13:13.391 DEBUG o.s.security.web.FilterChainProxy - Secured POST /api/auth/login
23:13:13.524 DEBUG o.s.security.web.FilterChainProxy - Securing POST /api/auth/login
23:13:13.525 DEBUG o.s.s.w.a.AnonymousAuthenticationFilter - Set SecurityContextHolder to anonymous SecurityContext
23:13:13.525 DEBUG o.s.security.web.FilterChainProxy - Secured POST /api/auth/login
23:13:13.648 DEBUG o.s.s.a.d.DaoAuthenticationProvider - Authenticated user
23:13:13.673 DEBUG o.s.s.a.d.DaoAuthenticationProvider - Authenticated user
23:13:13.747 DEBUG o.s.security.web.FilterChainProxy - Securing POST /api/auth/login
23:13:13.747 DEBUG o.s.s.w.a.AnonymousAuthenticationFilter - Set SecurityContextHolder to anonymous SecurityContext
23:13:13.748 DEBUG o.s.security.web.FilterChainProxy - Secured POST /api/auth/login
23:13:13.839 DEBUG o.s.security.web.FilterChainProxy - Securing POST /api/auth/login
23:13:13.839 DEBUG o.s.s.w.a.AnonymousAuthenticationFilter - Set SecurityContextHolder to anonymous SecurityContext
23:13:13.840 DEBUG o.s.security.web.FilterChainProxy - Secured POST /api/auth/login
23:13:13.851 DEBUG o.s.s.a.d.DaoAuthenticationProvider - Authenticated user
23:13:13.939 DEBUG o.s.security.web.FilterChainProxy - Securing POST /api/auth/login
23:13:13.939 DEBUG o.s.s.w.a.AnonymousAuthenticationFilter - Set SecurityContextHolder to anonymous SecurityContext
23:13:13.939 DEBUG o.s.security.web.FilterChainProxy - Secured POST /api/auth/login
23:13:14.101 DEBUG o.s.security.web.FilterChainProxy - Securing POST /api/auth/login
23:13:14.101 DEBUG o.s.s.w.a.AnonymousAuthenticationFilter - Set SecurityContextHolder to anonymous SecurityContext
23:13:14.102 DEBUG o.s.security.web.FilterChainProxy - Secured POST /api/auth/login
23:13:14.178 DEBUG o.s.security.web.FilterChainProxy - Securing POST /api/auth/login
23:13:14.179 DEBUG o.s.s.w.a.AnonymousAuthenticationFilter - Set SecurityContextHolder to anonymous SecurityContext
23:13:14.179 DEBUG o.s.security.web.FilterChainProxy - Secured POST /api/auth/login
23:13:14.290 DEBUG o.s.security.web.FilterChainProxy - Securing POST /api/auth/login
23:13:14.290 DEBUG o.s.s.a.d.DaoAuthenticationProvider - Authenticated user
23:13:14.290 DEBUG o.s.s.w.a.AnonymousAuthenticationFilter - Set SecurityContextHolder to anonymous SecurityContext
23:13:14.291 DEBUG o.s.security.web.FilterChainProxy - Secured POST /api/auth/login
23:13:14.362 DEBUG o.s.security.web.FilterChainProxy - Securing POST /api/auth/login
23:13:14.363 DEBUG o.s.s.w.a.AnonymousAuthenticationFilter - Set SecurityContextHolder to anonymous SecurityContext
23:13:14.363 DEBUG o.s.security.web.FilterChainProxy - Secured POST /api/auth/login
23:13:14.394 DEBUG o.s.security.web.FilterChainProxy - Securing POST /api/auth/login
23:13:14.394 DEBUG o.s.s.w.a.AnonymousAuthenticationFilter - Set SecurityContextHolder to anonymous SecurityContext
23:13:14.395 DEBUG o.s.security.web.FilterChainProxy - Secured POST /api/auth/login
23:13:14.450 DEBUG o.s.s.a.d.DaoAuthenticationProvider - Authenticated user
23:13:14.683 DEBUG o.s.security.web.FilterChainProxy - Securing POST /api/auth/login
23:13:14.683 DEBUG o.s.s.w.a.AnonymousAuthenticationFilter - Set SecurityContextHolder to anonymous SecurityContext
23:13:14.683 DEBUG o.s.security.web.FilterChainProxy - Secured POST /api/auth/login
23:13:14.793 DEBUG o.s.security.web.FilterChainProxy - Securing POST /api/auth/login
23:13:14.793 DEBUG o.s.s.w.a.AnonymousAuthenticationFilter - Set SecurityContextHolder to anonymous SecurityContext
23:13:14.794 DEBUG o.s.security.web.FilterChainProxy - Secured POST /api/auth/login
23:13:14.892 DEBUG o.s.s.a.d.DaoAuthenticationProvider - Authenticated user
23:13:14.959 DEBUG o.s.s.a.d.DaoAuthenticationProvider - Authenticated user
23:13:15.016 DEBUG o.s.security.web.FilterChainProxy - Securing POST /api/auth/login
23:13:15.016 DEBUG o.s.s.w.a.AnonymousAuthenticationFilter - Set SecurityContextHolder to anonymous SecurityContext
23:13:15.017 DEBUG o.s.security.web.FilterChainProxy - Secured POST /api/auth/login
23:13:15.175 DEBUG o.s.security.web.FilterChainProxy - Securing POST /api/auth/login
23:13:15.175 DEBUG o.s.s.w.a.AnonymousAuthenticationFilter - Set SecurityContextHolder to anonymous SecurityContext
23:13:15.176 DEBUG o.s.security.web.FilterChainProxy - Secured POST /api/auth/login
23:13:15.305 DEBUG o.s.security.web.FilterChainProxy - Securing POST /api/auth/login
23:13:15.305 DEBUG o.s.s.w.a.AnonymousAuthenticationFilter - Set SecurityContextHolder to anonymous SecurityContext
23:13:15.306 DEBUG o.s.security.web.FilterChainProxy - Secured POST /api/auth/login
23:13:15.359 DEBUG o.s.security.web.FilterChainProxy - Securing POST /api/auth/login
23:13:15.359 DEBUG o.s.s.w.a.AnonymousAuthenticationFilter - Set SecurityContextHolder to anonymous SecurityContext
23:13:15.360 DEBUG o.s.security.web.FilterChainProxy - Secured POST /api/auth/login
23:13:15.469 DEBUG o.s.s.a.d.DaoAuthenticationProvider - Authenticated user
23:13:15.548 DEBUG o.s.security.web.FilterChainProxy - Securing POST /api/auth/login
23:13:15.548 DEBUG o.s.s.w.a.AnonymousAuthenticationFilter - Set SecurityContextHolder to anonymous SecurityContext
23:13:15.548 DEBUG o.s.security.web.FilterChainProxy - Secured POST /api/auth/login
23:13:15.559 DEBUG o.s.s.a.d.DaoAuthenticationProvider - Authenticated user
23:13:15.605 DEBUG o.s.s.a.d.DaoAuthenticationProvider - Authenticated user
23:13:15.689 DEBUG o.s.security.web.FilterChainProxy - Securing POST /api/auth/login
23:13:15.690 DEBUG o.s.s.w.a.AnonymousAuthenticationFilter - Set SecurityContextHolder to anonymous SecurityContext
23:13:15.690 DEBUG o.s.security.web.FilterChainProxy - Secured POST /api/auth/login
23:13:15.721 DEBUG o.s.security.web.FilterChainProxy - Securing POST /api/auth/login
23:13:15.723 DEBUG o.s.s.w.a.AnonymousAuthenticationFilter - Set SecurityContextHolder to anonymous SecurityContext
23:13:15.723 DEBUG o.s.security.web.FilterChainProxy - Secured POST /api/auth/login
23:13:15.780 DEBUG o.s.s.a.d.DaoAuthenticationProvider - Authenticated user
23:13:15.804 DEBUG o.s.security.web.FilterChainProxy - Securing POST /api/auth/login
23:13:15.805 DEBUG o.s.s.w.a.AnonymousAuthenticationFilter - Set SecurityContextHolder to anonymous SecurityContext
23:13:15.805 DEBUG o.s.security.web.FilterChainProxy - Secured POST /api/auth/login
23:13:15.853 DEBUG o.s.security.web.FilterChainProxy - Securing POST /api/auth/login
23:13:15.853 DEBUG o.s.s.w.a.AnonymousAuthenticationFilter - Set SecurityContextHolder to anonymous SecurityContext
23:13:15.854 DEBUG o.s.security.web.FilterChainProxy - Secured POST /api/auth/login
23:13:15.908 DEBUG o.s.security.web.FilterChainProxy - Securing POST /api/auth/login
23:13:15.909 DEBUG o.s.s.w.a.AnonymousAuthenticationFilter - Set SecurityContextHolder to anonymous SecurityContext
23:13:15.909 DEBUG o.s.security.web.FilterChainProxy - Secured POST /api/auth/login
23:13:16.025 DEBUG o.s.security.web.FilterChainProxy - Securing POST /api/auth/login
23:13:16.025 DEBUG o.s.s.w.a.AnonymousAuthenticationFilter - Set SecurityContextHolder to anonymous SecurityContext
23:13:16.026 DEBUG o.s.security.web.FilterChainProxy - Secured POST /api/auth/login
23:13:16.077 DEBUG o.s.s.a.d.DaoAuthenticationProvider - Authenticated user
23:13:16.145 DEBUG o.s.security.web.FilterChainProxy - Securing POST /api/auth/login
23:13:16.145 DEBUG o.s.s.w.a.AnonymousAuthenticationFilter - Set SecurityContextHolder to anonymous SecurityContext
23:13:16.145 DEBUG o.s.security.web.FilterChainProxy - Secured POST /api/auth/login
23:13:16.164 DEBUG o.s.s.a.d.DaoAuthenticationProvider - Authenticated user
23:13:16.182 DEBUG o.s.security.web.FilterChainProxy - Securing POST /api/auth/login
23:13:16.182 DEBUG o.s.s.w.a.AnonymousAuthenticationFilter - Set SecurityContextHolder to anonymous SecurityContext
23:13:16.182 DEBUG o.s.security.web.FilterChainProxy - Secured POST /api/auth/login
23:13:16.225 DEBUG o.s.security.web.FilterChainProxy - Securing POST /api/auth/login
23:13:16.225 DEBUG o.s.s.w.a.AnonymousAuthenticationFilter - Set SecurityContextHolder to anonymous SecurityContext
23:13:16.226 DEBUG o.s.security.web.FilterChainProxy - Secured POST /api/auth/login
23:13:16.484 DEBUG o.s.security.web.FilterChainProxy - Securing POST /api/auth/login
23:13:16.484 DEBUG o.s.s.w.a.AnonymousAuthenticationFilter - Set SecurityContextHolder to anonymous SecurityContext
23:13:16.484 DEBUG o.s.security.web.FilterChainProxy - Secured POST /api/auth/login
23:13:16.726 DEBUG o.s.security.web.FilterChainProxy - Securing POST /api/auth/login
23:13:16.730 DEBUG o.s.s.w.a.AnonymousAuthenticationFilter - Set SecurityContextHolder to anonymous SecurityContext
23:13:16.732 DEBUG o.s.security.web.FilterChainProxy - Secured POST /api/auth/login
23:13:16.763 DEBUG o.s.s.a.d.DaoAuthenticationProvider - Authenticated user
23:13:16.843 DEBUG o.s.security.web.FilterChainProxy - Securing POST /api/auth/login
23:13:16.844 DEBUG o.s.s.w.a.AnonymousAuthenticationFilter - Set SecurityContextHolder to anonymous SecurityContext
23:13:16.875 DEBUG o.s.security.web.FilterChainProxy - Secured POST /api/auth/login
23:13:16.932 DEBUG o.s.s.a.d.DaoAuthenticationProvider - Authenticated user
23:13:17.643 DEBUG o.s.s.a.d.DaoAuthenticationProvider - Authenticated user
23:13:17.652 DEBUG o.s.security.web.FilterChainProxy - Securing POST /api/auth/login
23:13:17.653 DEBUG o.s.s.w.a.AnonymousAuthenticationFilter - Set SecurityContextHolder to anonymous SecurityContext
23:13:17.653 DEBUG o.s.security.web.FilterChainProxy - Secured POST /api/auth/login
23:13:17.772 DEBUG o.s.s.a.d.DaoAuthenticationProvider - Authenticated user
23:13:17.844 DEBUG o.s.security.web.FilterChainProxy - Securing POST /api/auth/login
23:13:17.845 DEBUG o.s.s.w.a.AnonymousAuthenticationFilter - Set SecurityContextHolder to anonymous SecurityContext
23:13:17.845 DEBUG o.s.security.web.FilterChainProxy - Secured POST /api/auth/login
23:13:17.872 DEBUG o.s.security.web.FilterChainProxy - Securing POST /api/auth/login
23:13:17.872 DEBUG o.s.s.w.a.AnonymousAuthenticationFilter - Set SecurityContextHolder to anonymous SecurityContext
23:13:17.873 DEBUG o.s.security.web.FilterChainProxy - Secured POST /api/auth/login
23:13:18.146 DEBUG o.s.s.a.d.DaoAuthenticationProvider - Authenticated user
23:13:18.259 DEBUG o.s.security.web.FilterChainProxy - Securing POST /api/auth/login
23:13:18.260 DEBUG o.s.s.w.a.AnonymousAuthenticationFilter - Set SecurityContextHolder to anonymous SecurityContext
23:13:18.261 DEBUG o.s.security.web.FilterChainProxy - Secured POST /api/auth/login
23:13:18.265 DEBUG o.s.security.web.FilterChainProxy - Securing POST /api/auth/login
23:13:18.266 DEBUG o.s.s.w.a.AnonymousAuthenticationFilter - Set SecurityContextHolder to anonymous SecurityContext
23:13:18.266 DEBUG o.s.security.web.FilterChainProxy - Secured POST /api/auth/login
23:13:18.422 DEBUG o.s.s.a.d.DaoAuthenticationProvider - Authenticated user
23:13:18.447 DEBUG o.s.security.web.FilterChainProxy - Securing POST /api/auth/login
23:13:18.448 DEBUG o.s.s.w.a.AnonymousAuthenticationFilter - Set SecurityContextHolder to anonymous SecurityContext
23:13:18.448 DEBUG o.s.security.web.FilterChainProxy - Secured POST /api/auth/login
23:13:18.490 DEBUG o.s.security.web.FilterChainProxy - Securing POST /api/auth/login
23:13:18.490 DEBUG o.s.s.w.a.AnonymousAuthenticationFilter - Set SecurityContextHolder to anonymous SecurityContext
23:13:18.491 DEBUG o.s.security.web.FilterChainProxy - Secured POST /api/auth/login
23:13:18.593 DEBUG o.s.s.a.d.DaoAuthenticationProvider - Authenticated user
23:13:18.743 DEBUG o.s.security.web.FilterChainProxy - Securing POST /api/auth/login
23:13:18.743 DEBUG o.s.s.w.a.AnonymousAuthenticationFilter - Set SecurityContextHolder to anonymous SecurityContext
23:13:18.744 DEBUG o.s.security.web.FilterChainProxy - Secured POST /api/auth/login
23:13:18.794 DEBUG o.s.security.web.FilterChainProxy - Securing POST /api/auth/login
23:13:18.794 DEBUG o.s.s.w.a.AnonymousAuthenticationFilter - Set SecurityContextHolder to anonymous SecurityContext
23:13:18.795 DEBUG o.s.security.web.FilterChainProxy - Secured POST /api/auth/login
23:13:18.861 DEBUG o.s.s.a.d.DaoAuthenticationProvider - Authenticated user
23:13:18.920 DEBUG o.s.security.web.FilterChainProxy - Securing POST /api/auth/login
23:13:18.921 DEBUG o.s.s.w.a.AnonymousAuthenticationFilter - Set SecurityContextHolder to anonymous SecurityContext
23:13:18.921 DEBUG o.s.security.web.FilterChainProxy - Secured POST /api/auth/login
23:13:18.924 DEBUG o.s.security.web.FilterChainProxy - Securing POST /api/auth/login
23:13:18.925 DEBUG o.s.s.w.a.AnonymousAuthenticationFilter - Set SecurityContextHolder to anonymous SecurityContext
23:13:18.925 DEBUG o.s.security.web.FilterChainProxy - Secured POST /api/auth/login
23:13:19.122 DEBUG o.s.security.web.FilterChainProxy - Securing POST /api/auth/login
23:13:19.123 DEBUG o.s.s.w.a.AnonymousAuthenticationFilter - Set SecurityContextHolder to anonymous SecurityContext
23:13:19.123 DEBUG o.s.security.web.FilterChainProxy - Secured POST /api/auth/login
23:13:19.143 DEBUG o.s.security.web.FilterChainProxy - Securing POST /api/auth/login
23:13:19.144 DEBUG o.s.s.w.a.AnonymousAuthenticationFilter - Set SecurityContextHolder to anonymous SecurityContext
23:13:19.144 DEBUG o.s.security.web.FilterChainProxy - Secured POST /api/auth/login
23:13:19.159 DEBUG o.s.security.web.FilterChainProxy - Securing POST /api/auth/login
23:13:19.159 DEBUG o.s.s.w.a.AnonymousAuthenticationFilter - Set SecurityContextHolder to anonymous SecurityContext
23:13:19.159 DEBUG o.s.security.web.FilterChainProxy - Secured POST /api/auth/login
23:13:19.164 DEBUG o.s.security.web.FilterChainProxy - Securing POST /api/auth/login
23:13:19.165 DEBUG o.s.s.w.a.AnonymousAuthenticationFilter - Set SecurityContextHolder to anonymous SecurityContext
23:13:19.165 DEBUG o.s.security.web.FilterChainProxy - Secured POST /api/auth/login
23:13:19.184 DEBUG o.s.security.web.FilterChainProxy - Securing POST /api/auth/login
23:13:19.184 DEBUG o.s.s.w.a.AnonymousAuthenticationFilter - Set SecurityContextHolder to anonymous SecurityContext
23:13:19.184 DEBUG o.s.security.web.FilterChainProxy - Secured POST /api/auth/login
23:13:19.184 DEBUG o.s.security.web.FilterChainProxy - Securing POST /api/auth/login
23:13:19.185 DEBUG o.s.s.w.a.AnonymousAuthenticationFilter - Set SecurityContextHolder to anonymous SecurityContext
23:13:19.185 DEBUG o.s.security.web.FilterChainProxy - Secured POST /api/auth/login
23:13:19.200 DEBUG o.s.security.web.FilterChainProxy - Securing POST /api/auth/login
23:13:19.201 DEBUG o.s.s.w.a.AnonymousAuthenticationFilter - Set SecurityContextHolder to anonymous SecurityContext
23:13:19.201 DEBUG o.s.security.web.FilterChainProxy - Secured POST /api/auth/login
23:13:19.208 DEBUG o.s.security.web.FilterChainProxy - Securing POST /api/auth/login
23:13:19.209 DEBUG o.s.s.w.a.AnonymousAuthenticationFilter - Set SecurityContextHolder to anonymous SecurityContext
23:13:19.209 DEBUG o.s.security.web.FilterChainProxy - Secured POST /api/auth/login
23:13:19.230 DEBUG o.s.security.web.FilterChainProxy - Securing POST /api/auth/login
23:13:19.231 DEBUG o.s.s.w.a.AnonymousAuthenticationFilter - Set SecurityContextHolder to anonymous SecurityContext
23:13:19.231 DEBUG o.s.security.web.FilterChainProxy - Secured POST /api/auth/login
23:13:19.243 DEBUG o.s.s.a.d.DaoAuthenticationProvider - Authenticated user
23:13:19.331 DEBUG o.s.security.web.FilterChainProxy - Securing POST /api/auth/login
23:13:19.333 DEBUG o.s.s.w.a.AnonymousAuthenticationFilter - Set SecurityContextHolder to anonymous SecurityContext
23:13:19.333 DEBUG o.s.security.web.FilterChainProxy - Secured POST /api/auth/login
23:13:19.462 DEBUG o.s.security.web.FilterChainProxy - Securing POST /api/auth/login
23:13:19.462 DEBUG o.s.s.w.a.AnonymousAuthenticationFilter - Set SecurityContextHolder to anonymous SecurityContext
23:13:19.463 DEBUG o.s.security.web.FilterChainProxy - Secured POST /api/auth/login
23:13:19.474 DEBUG o.s.security.web.FilterChainProxy - Securing POST /api/auth/login
23:13:19.474 DEBUG o.s.s.w.a.AnonymousAuthenticationFilter - Set SecurityContextHolder to anonymous SecurityContext
23:13:19.479 DEBUG o.s.security.web.FilterChainProxy - Secured POST /api/auth/login
23:13:19.511 DEBUG o.s.security.web.FilterChainProxy - Securing POST /api/auth/login
23:13:19.512 DEBUG o.s.s.w.a.AnonymousAuthenticationFilter - Set SecurityContextHolder to anonymous SecurityContext
23:13:19.512 DEBUG o.s.security.web.FilterChainProxy - Secured POST /api/auth/login
23:13:19.634 DEBUG o.s.security.web.FilterChainProxy - Securing POST /api/auth/login
23:13:19.635 DEBUG o.s.s.w.a.AnonymousAuthenticationFilter - Set SecurityContextHolder to anonymous SecurityContext
23:13:19.635 DEBUG o.s.security.web.FilterChainProxy - Secured POST /api/auth/login
23:13:19.669 DEBUG o.s.s.a.d.DaoAuthenticationProvider - Authenticated user
23:13:19.682 DEBUG o.s.s.a.d.DaoAuthenticationProvider - Authenticated user
23:13:19.701 DEBUG o.s.security.web.FilterChainProxy - Securing POST /api/auth/login
23:13:19.702 DEBUG o.s.s.w.a.AnonymousAuthenticationFilter - Set SecurityContextHolder to anonymous SecurityContext
23:13:19.703 DEBUG o.s.security.web.FilterChainProxy - Secured POST /api/auth/login
23:13:19.729 DEBUG o.s.security.web.FilterChainProxy - Securing POST /api/auth/login
23:13:19.730 DEBUG o.s.s.w.a.AnonymousAuthenticationFilter - Set SecurityContextHolder to anonymous SecurityContext
23:13:19.730 DEBUG o.s.security.web.FilterChainProxy - Secured POST /api/auth/login
23:13:19.755 DEBUG o.s.security.web.FilterChainProxy - Securing POST /api/auth/login
23:13:19.755 DEBUG o.s.s.w.a.AnonymousAuthenticationFilter - Set SecurityContextHolder to anonymous SecurityContext
23:13:19.755 DEBUG o.s.security.web.FilterChainProxy - Secured POST /api/auth/login
23:13:19.781 DEBUG o.s.security.web.FilterChainProxy - Securing POST /api/auth/login
23:13:19.781 DEBUG o.s.s.w.a.AnonymousAuthenticationFilter - Set SecurityContextHolder to anonymous SecurityContext
23:13:19.782 DEBUG o.s.security.web.FilterChainProxy - Secured POST /api/auth/login
23:13:19.790 DEBUG o.s.s.a.d.DaoAuthenticationProvider - Authenticated user
23:13:19.796 DEBUG o.s.security.web.FilterChainProxy - Securing POST /api/auth/login
23:13:19.796 DEBUG o.s.s.w.a.AnonymousAuthenticationFilter - Set SecurityContextHolder to anonymous SecurityContext
23:13:19.796 DEBUG o.s.security.web.FilterChainProxy - Secured POST /api/auth/login
23:13:19.853 DEBUG o.s.security.web.FilterChainProxy - Securing POST /api/auth/login
23:13:19.853 DEBUG o.s.s.w.a.AnonymousAuthenticationFilter - Set SecurityContextHolder to anonymous SecurityContext
23:13:19.853 DEBUG o.s.security.web.FilterChainProxy - Secured POST /api/auth/login
23:13:19.922 DEBUG o.s.security.web.FilterChainProxy - Securing POST /api/auth/login
23:13:19.923 DEBUG o.s.s.w.a.AnonymousAuthenticationFilter - Set SecurityContextHolder to anonymous SecurityContext
23:13:19.923 DEBUG o.s.security.web.FilterChainProxy - Secured POST /api/auth/login
23:13:19.937 DEBUG o.s.s.a.d.DaoAuthenticationProvider - Authenticated user
23:13:19.970 DEBUG o.s.s.a.d.DaoAuthenticationProvider - Authenticated user
23:13:19.973 DEBUG o.s.security.web.FilterChainProxy - Securing POST /api/auth/login
23:13:19.974 DEBUG o.s.s.w.a.AnonymousAuthenticationFilter - Set SecurityContextHolder to anonymous SecurityContext
23:13:19.975 DEBUG o.s.security.web.FilterChainProxy - Secured POST /api/auth/login
23:13:20.329 DEBUG o.s.security.web.FilterChainProxy - Securing POST /api/auth/login
23:13:20.329 DEBUG o.s.s.w.a.AnonymousAuthenticationFilter - Set SecurityContextHolder to anonymous SecurityContext
23:13:20.329 DEBUG o.s.security.web.FilterChainProxy - Secured POST /api/auth/login
23:13:20.375 DEBUG o.s.security.web.FilterChainProxy - Securing POST /api/auth/login
23:13:20.375 DEBUG o.s.s.w.a.AnonymousAuthenticationFilter - Set SecurityContextHolder to anonymous SecurityContext
23:13:20.375 DEBUG o.s.security.web.FilterChainProxy - Secured POST /api/auth/login
23:13:20.402 DEBUG o.s.s.a.d.DaoAuthenticationProvider - Authenticated user
23:13:20.469 DEBUG o.s.s.a.d.DaoAuthenticationProvider - Authenticated user
23:13:20.596 DEBUG o.s.security.web.FilterChainProxy - Securing POST /api/auth/login
23:13:20.597 DEBUG o.s.s.w.a.AnonymousAuthenticationFilter - Set SecurityContextHolder to anonymous SecurityContext
23:13:20.597 DEBUG o.s.security.web.FilterChainProxy - Secured POST /api/auth/login
23:13:20.602 DEBUG o.s.security.web.FilterChainProxy - Securing POST /api/auth/login
23:13:20.602 DEBUG o.s.s.w.a.AnonymousAuthenticationFilter - Set SecurityContextHolder to anonymous SecurityContext
23:13:20.602 DEBUG o.s.security.web.FilterChainProxy - Secured POST /api/auth/login
23:13:20.612 DEBUG o.s.security.web.FilterChainProxy - Securing POST /api/auth/login
23:13:20.612 DEBUG o.s.s.w.a.AnonymousAuthenticationFilter - Set SecurityContextHolder to anonymous SecurityContext
23:13:20.612 DEBUG o.s.security.web.FilterChainProxy - Secured POST /api/auth/login
23:13:20.758 DEBUG o.s.s.a.d.DaoAuthenticationProvider - Authenticated user
23:13:20.865 DEBUG o.s.security.web.FilterChainProxy - Securing POST /api/auth/login
23:13:20.866 DEBUG o.s.s.w.a.AnonymousAuthenticationFilter - Set SecurityContextHolder to anonymous SecurityContext
23:13:20.866 DEBUG o.s.security.web.FilterChainProxy - Secured POST /api/auth/login
23:13:20.880 DEBUG o.s.s.a.d.DaoAuthenticationProvider - Authenticated user
23:13:20.934 DEBUG o.s.security.web.FilterChainProxy - Securing POST /api/auth/login
23:13:20.934 DEBUG o.s.s.w.a.AnonymousAuthenticationFilter - Set SecurityContextHolder to anonymous SecurityContext
23:13:20.934 DEBUG o.s.security.web.FilterChainProxy - Secured POST /api/auth/login
23:13:20.950 DEBUG o.s.s.a.d.DaoAuthenticationProvider - Authenticated user
23:13:20.972 DEBUG o.s.security.web.FilterChainProxy - Securing POST /api/auth/login
23:13:20.972 DEBUG o.s.s.w.a.AnonymousAuthenticationFilter - Set SecurityContextHolder to anonymous SecurityContext
23:13:20.972 DEBUG o.s.security.web.FilterChainProxy - Secured POST /api/auth/login
23:13:21.025 DEBUG o.s.security.web.FilterChainProxy - Securing POST /api/auth/login
23:13:21.025 DEBUG o.s.s.w.a.AnonymousAuthenticationFilter - Set SecurityContextHolder to anonymous SecurityContext
23:13:21.026 DEBUG o.s.security.web.FilterChainProxy - Secured POST /api/auth/login
23:13:21.027 DEBUG o.s.s.a.d.DaoAuthenticationProvider - Authenticated user
23:13:21.065 DEBUG o.s.security.web.FilterChainProxy - Securing POST /api/auth/login
23:13:21.065 DEBUG o.s.s.w.a.AnonymousAuthenticationFilter - Set SecurityContextHolder to anonymous SecurityContext
23:13:21.065 DEBUG o.s.security.web.FilterChainProxy - Secured POST /api/auth/login
23:13:21.118 DEBUG o.s.security.web.FilterChainProxy - Securing POST /api/auth/login
23:13:21.118 DEBUG o.s.s.w.a.AnonymousAuthenticationFilter - Set SecurityContextHolder to anonymous SecurityContext
23:13:21.118 DEBUG o.s.security.web.FilterChainProxy - Secured POST /api/auth/login
23:13:21.150 DEBUG o.s.security.web.FilterChainProxy - Securing POST /api/auth/login
23:13:21.154 DEBUG o.s.s.w.a.AnonymousAuthenticationFilter - Set SecurityContextHolder to anonymous SecurityContext
23:13:21.154 DEBUG o.s.security.web.FilterChainProxy - Secured POST /api/auth/login
23:13:21.168 DEBUG o.s.security.web.FilterChainProxy - Securing POST /api/auth/login
23:13:21.169 DEBUG o.s.s.w.a.AnonymousAuthenticationFilter - Set SecurityContextHolder to anonymous SecurityContext
23:13:21.169 DEBUG o.s.security.web.FilterChainProxy - Secured POST /api/auth/login
23:13:21.258 DEBUG o.s.s.a.d.DaoAuthenticationProvider - Authenticated user
23:13:21.296 DEBUG o.s.s.a.d.DaoAuthenticationProvider - Authenticated user
23:13:21.340 DEBUG o.s.s.a.d.DaoAuthenticationProvider - Authenticated user
23:13:21.391 DEBUG o.s.security.web.FilterChainProxy - Securing POST /api/auth/login
23:13:21.392 DEBUG o.s.s.w.a.AnonymousAuthenticationFilter - Set SecurityContextHolder to anonymous SecurityContext
23:13:21.392 DEBUG o.s.security.web.FilterChainProxy - Secured POST /api/auth/login
23:13:21.399 DEBUG o.s.security.web.FilterChainProxy - Securing POST /api/auth/login
23:13:21.400 DEBUG o.s.s.w.a.AnonymousAuthenticationFilter - Set SecurityContextHolder to anonymous SecurityContext
23:13:21.400 DEBUG o.s.security.web.FilterChainProxy - Secured POST /api/auth/login
23:13:21.436 DEBUG o.s.s.a.d.DaoAuthenticationProvider - Authenticated user
23:13:21.444 DEBUG o.s.security.web.FilterChainProxy - Securing POST /api/auth/login
23:13:21.445 DEBUG o.s.s.w.a.AnonymousAuthenticationFilter - Set SecurityContextHolder to anonymous SecurityContext
23:13:21.445 DEBUG o.s.security.web.FilterChainProxy - Secured POST /api/auth/login
23:13:21.465 DEBUG o.s.s.a.d.DaoAuthenticationProvider - Authenticated user
23:13:21.517 DEBUG o.s.s.a.d.DaoAuthenticationProvider - Authenticated user
23:13:21.539 DEBUG o.s.security.web.FilterChainProxy - Securing POST /api/auth/login
23:13:21.539 DEBUG o.s.s.w.a.AnonymousAuthenticationFilter - Set SecurityContextHolder to anonymous SecurityContext
23:13:21.539 DEBUG o.s.security.web.FilterChainProxy - Secured POST /api/auth/login
23:13:21.564 DEBUG o.s.security.web.FilterChainProxy - Securing POST /api/auth/login
23:13:21.565 DEBUG o.s.s.w.a.AnonymousAuthenticationFilter - Set SecurityContextHolder to anonymous SecurityContext
23:13:21.565 DEBUG o.s.security.web.FilterChainProxy - Secured POST /api/auth/login
23:13:21.596 DEBUG o.s.security.web.FilterChainProxy - Securing POST /api/auth/login
23:13:21.596 DEBUG o.s.s.w.a.AnonymousAuthenticationFilter - Set SecurityContextHolder to anonymous SecurityContext
23:13:21.596 DEBUG o.s.security.web.FilterChainProxy - Secured POST /api/auth/login
23:13:21.654 DEBUG o.s.s.a.d.DaoAuthenticationProvider - Authenticated user
23:13:21.686 DEBUG o.s.security.web.FilterChainProxy - Securing POST /api/auth/login
23:13:21.687 DEBUG o.s.s.w.a.AnonymousAuthenticationFilter - Set SecurityContextHolder to anonymous SecurityContext
23:13:21.687 DEBUG o.s.security.web.FilterChainProxy - Secured POST /api/auth/login
23:13:21.778 DEBUG o.s.security.web.FilterChainProxy - Securing POST /api/auth/login
23:13:21.778 DEBUG o.s.s.w.a.AnonymousAuthenticationFilter - Set SecurityContextHolder to anonymous SecurityContext
23:13:21.778 DEBUG o.s.security.web.FilterChainProxy - Secured POST /api/auth/login
23:13:21.871 DEBUG o.s.s.a.d.DaoAuthenticationProvider - Authenticated user
23:13:21.937 DEBUG o.s.security.web.FilterChainProxy - Securing POST /api/auth/login
23:13:21.938 DEBUG o.s.s.w.a.AnonymousAuthenticationFilter - Set SecurityContextHolder to anonymous SecurityContext
23:13:21.938 DEBUG o.s.security.web.FilterChainProxy - Secured POST /api/auth/login
23:13:21.985 DEBUG o.s.security.web.FilterChainProxy - Securing POST /api/auth/login
23:13:21.985 DEBUG o.s.s.w.a.AnonymousAuthenticationFilter - Set SecurityContextHolder to anonymous SecurityContext
23:13:21.986 DEBUG o.s.security.web.FilterChainProxy - Secured POST /api/auth/login
23:13:22.147 DEBUG o.s.security.web.FilterChainProxy - Securing POST /api/auth/login
23:13:22.147 DEBUG o.s.s.w.a.AnonymousAuthenticationFilter - Set SecurityContextHolder to anonymous SecurityContext
23:13:22.147 DEBUG o.s.security.web.FilterChainProxy - Secured POST /api/auth/login
23:13:22.188 DEBUG o.s.s.a.d.DaoAuthenticationProvider - Authenticated user
23:13:22.203 DEBUG o.s.security.web.FilterChainProxy - Securing POST /api/auth/login
23:13:22.203 DEBUG o.s.s.w.a.AnonymousAuthenticationFilter - Set SecurityContextHolder to anonymous SecurityContext
23:13:22.203 DEBUG o.s.security.web.FilterChainProxy - Secured POST /api/auth/login
23:13:22.246 DEBUG o.s.s.a.d.DaoAuthenticationProvider - Authenticated user
23:13:22.304 DEBUG o.s.security.web.FilterChainProxy - Securing POST /api/auth/login
23:13:22.304 DEBUG o.s.s.w.a.AnonymousAuthenticationFilter - Set SecurityContextHolder to anonymous SecurityContext
23:13:22.305 DEBUG o.s.security.web.FilterChainProxy - Secured POST /api/auth/login
23:13:22.320 DEBUG o.s.s.a.d.DaoAuthenticationProvider - Authenticated user
23:13:22.370 DEBUG o.s.s.a.d.DaoAuthenticationProvider - Authenticated user
23:13:22.384 DEBUG o.s.security.web.FilterChainProxy - Securing POST /api/auth/login
23:13:22.384 DEBUG o.s.s.w.a.AnonymousAuthenticationFilter - Set SecurityContextHolder to anonymous SecurityContext
23:13:22.384 DEBUG o.s.security.web.FilterChainProxy - Secured POST /api/auth/login
23:13:22.398 DEBUG o.s.s.a.d.DaoAuthenticationProvider - Authenticated user
23:13:22.416 DEBUG o.s.s.a.d.DaoAuthenticationProvider - Authenticated user
23:13:22.500 DEBUG o.s.s.a.d.DaoAuthenticationProvider - Authenticated user
23:13:22.603 DEBUG o.s.security.web.FilterChainProxy - Securing POST /api/auth/login
23:13:22.604 DEBUG o.s.s.w.a.AnonymousAuthenticationFilter - Set SecurityContextHolder to anonymous SecurityContext
23:13:22.604 DEBUG o.s.security.web.FilterChainProxy - Secured POST /api/auth/login
23:13:22.629 DEBUG o.s.security.web.FilterChainProxy - Securing POST /api/auth/login
23:13:22.630 DEBUG o.s.s.w.a.AnonymousAuthenticationFilter - Set SecurityContextHolder to anonymous SecurityContext
23:13:22.630 DEBUG o.s.security.web.FilterChainProxy - Secured POST /api/auth/login
23:13:22.668 DEBUG o.s.security.web.FilterChainProxy - Securing POST /api/auth/login
23:13:22.669 DEBUG o.s.s.w.a.AnonymousAuthenticationFilter - Set SecurityContextHolder to anonymous SecurityContext
23:13:22.669 DEBUG o.s.security.web.FilterChainProxy - Secured POST /api/auth/login
23:13:22.719 DEBUG o.s.s.a.d.DaoAuthenticationProvider - Authenticated user
23:13:22.748 DEBUG o.s.security.web.FilterChainProxy - Securing POST /api/auth/login
23:13:22.748 DEBUG o.s.s.w.a.AnonymousAuthenticationFilter - Set SecurityContextHolder to anonymous SecurityContext
23:13:22.748 DEBUG o.s.security.web.FilterChainProxy - Secured POST /api/auth/login
23:13:22.827 DEBUG o.s.security.web.FilterChainProxy - Securing POST /api/auth/login
23:13:22.827 DEBUG o.s.s.w.a.AnonymousAuthenticationFilter - Set SecurityContextHolder to anonymous SecurityContext
23:13:22.827 DEBUG o.s.security.web.FilterChainProxy - Secured POST /api/auth/login
23:13:22.937 DEBUG o.s.security.web.FilterChainProxy - Securing POST /api/auth/login
23:13:22.937 DEBUG o.s.s.w.a.AnonymousAuthenticationFilter - Set SecurityContextHolder to anonymous SecurityContext
23:13:22.938 DEBUG o.s.security.web.FilterChainProxy - Secured POST /api/auth/login
23:13:22.945 DEBUG o.s.s.a.d.DaoAuthenticationProvider - Authenticated user
23:13:22.946 DEBUG o.s.security.web.FilterChainProxy - Securing POST /api/auth/login
23:13:22.946 DEBUG o.s.s.w.a.AnonymousAuthenticationFilter - Set SecurityContextHolder to anonymous SecurityContext
23:13:22.946 DEBUG o.s.security.web.FilterChainProxy - Secured POST /api/auth/login
23:13:22.975 DEBUG o.s.s.a.d.DaoAuthenticationProvider - Authenticated user
23:13:23.037 DEBUG o.s.s.a.d.DaoAuthenticationProvider - Authenticated user
23:13:23.074 DEBUG o.s.s.a.d.DaoAuthenticationProvider - Authenticated user
23:13:23.128 DEBUG o.s.security.web.FilterChainProxy - Securing POST /api/auth/login
23:13:23.128 DEBUG o.s.s.w.a.AnonymousAuthenticationFilter - Set SecurityContextHolder to anonymous SecurityContext
23:13:23.129 DEBUG o.s.security.web.FilterChainProxy - Secured POST /api/auth/login
23:13:23.146 DEBUG o.s.s.a.d.DaoAuthenticationProvider - Authenticated user
23:13:23.162 DEBUG o.s.s.a.d.DaoAuthenticationProvider - Authenticated user
23:13:23.549 DEBUG o.s.s.a.d.DaoAuthenticationProvider - Authenticated user
23:13:23.612 DEBUG o.s.s.a.d.DaoAuthenticationProvider - Authenticated user
23:13:23.704 DEBUG o.s.s.a.d.DaoAuthenticationProvider - Authenticated user
23:13:23.765 DEBUG o.s.s.a.d.DaoAuthenticationProvider - Authenticated user
23:13:23.814 DEBUG o.s.s.a.d.DaoAuthenticationProvider - Authenticated user
23:13:23.891 DEBUG o.s.s.a.d.DaoAuthenticationProvider - Authenticated user
23:13:23.937 DEBUG o.s.s.a.d.DaoAuthenticationProvider - Authenticated user
23:13:23.942 DEBUG o.s.s.a.d.DaoAuthenticationProvider - Authenticated user
23:13:23.966 DEBUG o.s.s.a.d.DaoAuthenticationProvider - Authenticated user
23:13:24.009 DEBUG o.s.s.a.d.DaoAuthenticationProvider - Authenticated user
23:13:24.163 DEBUG o.s.s.a.d.DaoAuthenticationProvider - Authenticated user
23:13:24.329 DEBUG o.s.s.a.d.DaoAuthenticationProvider - Authenticated user
23:13:24.336 DEBUG o.s.s.a.d.DaoAuthenticationProvider - Authenticated user
23:13:24.427 DEBUG o.s.s.a.d.DaoAuthenticationProvider - Authenticated user
23:13:24.496 DEBUG o.s.s.a.d.DaoAuthenticationProvider - Authenticated user
23:13:24.506 DEBUG o.s.s.a.d.DaoAuthenticationProvider - Authenticated user
23:13:24.511 DEBUG o.s.s.a.d.DaoAuthenticationProvider - Authenticated user
23:13:24.665 DEBUG o.s.s.a.d.DaoAuthenticationProvider - Authenticated user
23:13:24.704 DEBUG o.s.s.a.d.DaoAuthenticationProvider - Authenticated user
23:13:24.856 DEBUG o.s.s.a.d.DaoAuthenticationProvider - Authenticated user
23:13:24.871 DEBUG o.s.s.a.d.DaoAuthenticationProvider - Authenticated user
23:13:25.041 DEBUG o.s.s.a.d.DaoAuthenticationProvider - Authenticated user
23:13:25.089 DEBUG o.s.s.a.d.DaoAuthenticationProvider - Authenticated user
23:13:25.096 DEBUG o.s.s.a.d.DaoAuthenticationProvider - Authenticated user
23:13:25.116 DEBUG o.s.s.a.d.DaoAuthenticationProvider - Authenticated user
23:13:25.173 DEBUG o.s.s.a.d.DaoAuthenticationProvider - Authenticated user
23:13:25.237 DEBUG o.s.s.a.d.DaoAuthenticationProvider - Authenticated user
23:13:25.359 DEBUG o.s.s.a.d.DaoAuthenticationProvider - Authenticated user
23:13:25.466 DEBUG o.s.s.a.d.DaoAuthenticationProvider - Authenticated user
23:13:25.814 DEBUG o.s.s.a.d.DaoAuthenticationProvider - Authenticated user
23:13:25.858 DEBUG o.s.s.a.d.DaoAuthenticationProvider - Authenticated user
23:13:25.867 DEBUG o.s.s.a.d.DaoAuthenticationProvider - Authenticated user
23:13:25.953 DEBUG o.s.s.a.d.DaoAuthenticationProvider - Authenticated user
23:13:26.044 DEBUG o.s.s.a.d.DaoAuthenticationProvider - Authenticated user
23:13:26.172 DEBUG o.s.s.a.d.DaoAuthenticationProvider - Authenticated user
23:13:26.225 DEBUG o.s.s.a.d.DaoAuthenticationProvider - Authenticated user
23:13:26.262 DEBUG o.s.s.a.d.DaoAuthenticationProvider - Authenticated user
23:13:26.353 DEBUG o.s.s.a.d.DaoAuthenticationProvider - Authenticated user
23:13:26.395 DEBUG o.s.s.a.d.DaoAuthenticationProvider - Authenticated user
23:13:26.441 DEBUG o.s.s.a.d.DaoAuthenticationProvider - Authenticated user
23:13:26.465 DEBUG o.s.s.a.d.DaoAuthenticationProvider - Authenticated user
23:13:26.579 DEBUG o.s.s.a.d.DaoAuthenticationProvider - Authenticated user
23:13:26.592 DEBUG o.s.s.a.d.DaoAuthenticationProvider - Authenticated user
23:13:26.602 DEBUG o.s.s.a.d.DaoAuthenticationProvider - Authenticated user
23:13:26.668 DEBUG o.s.s.a.d.DaoAuthenticationProvider - Authenticated user
23:14:24.730 DEBUG o.s.security.web.FilterChainProxy - Securing POST /api/auth/login
23:14:24.731 DEBUG o.s.s.w.a.AnonymousAuthenticationFilter - Set SecurityContextHolder to anonymous SecurityContext
23:14:24.731 DEBUG o.s.security.web.FilterChainProxy - Secured POST /api/auth/login
23:14:24.849 DEBUG o.s.security.web.FilterChainProxy - Securing POST /api/auth/login
23:14:24.849 DEBUG o.s.s.w.a.AnonymousAuthenticationFilter - Set SecurityContextHolder to anonymous SecurityContext
23:14:24.850 DEBUG o.s.security.web.FilterChainProxy - Secured POST /api/auth/login
23:14:25.013 DEBUG o.s.security.web.FilterChainProxy - Securing POST /api/auth/login
23:14:25.013 DEBUG o.s.s.w.a.AnonymousAuthenticationFilter - Set SecurityContextHolder to anonymous SecurityContext
23:14:25.013 DEBUG o.s.security.web.FilterChainProxy - Secured POST /api/auth/login
23:14:25.129 DEBUG o.s.security.web.FilterChainProxy - Securing POST /api/auth/login
23:14:25.129 DEBUG o.s.s.w.a.AnonymousAuthenticationFilter - Set SecurityContextHolder to anonymous SecurityContext
23:14:25.129 DEBUG o.s.security.web.FilterChainProxy - Secured POST /api/auth/login
23:14:25.220 DEBUG o.s.security.web.FilterChainProxy - Securing POST /api/auth/login
23:14:25.221 DEBUG o.s.s.w.a.AnonymousAuthenticationFilter - Set SecurityContextHolder to anonymous SecurityContext
23:14:25.222 DEBUG o.s.security.web.FilterChainProxy - Secured POST /api/auth/login
23:14:25.302 DEBUG o.s.security.web.FilterChainProxy - Securing POST /api/auth/login
23:14:25.302 DEBUG o.s.s.w.a.AnonymousAuthenticationFilter - Set SecurityContextHolder to anonymous SecurityContext
23:14:25.303 DEBUG o.s.security.web.FilterChainProxy - Secured POST /api/auth/login
23:14:25.424 DEBUG o.s.s.a.d.DaoAuthenticationProvider - Authenticated user
23:14:25.523 DEBUG o.s.security.web.FilterChainProxy - Securing POST /api/auth/login
23:14:25.523 DEBUG o.s.s.w.a.AnonymousAuthenticationFilter - Set SecurityContextHolder to anonymous SecurityContext
23:14:25.524 DEBUG o.s.security.web.FilterChainProxy - Secured POST /api/auth/login
23:14:25.572 DEBUG o.s.security.web.FilterChainProxy - Securing POST /api/auth/login
23:14:25.573 DEBUG o.s.s.w.a.AnonymousAuthenticationFilter - Set SecurityContextHolder to anonymous SecurityContext
23:14:25.574 DEBUG o.s.security.web.FilterChainProxy - Secured POST /api/auth/login
23:14:25.833 DEBUG o.s.security.web.FilterChainProxy - Securing POST /api/auth/login
23:14:25.889 DEBUG o.s.s.w.a.AnonymousAuthenticationFilter - Set SecurityContextHolder to anonymous SecurityContext
23:14:25.890 DEBUG o.s.security.web.FilterChainProxy - Secured POST /api/auth/login
23:14:25.909 DEBUG o.s.s.a.d.DaoAuthenticationProvider - Authenticated user
23:14:25.959 DEBUG o.s.s.a.d.DaoAuthenticationProvider - Authenticated user
23:14:25.960 DEBUG o.s.security.web.FilterChainProxy - Securing POST /api/auth/login
23:14:25.960 DEBUG o.s.s.w.a.AnonymousAuthenticationFilter - Set SecurityContextHolder to anonymous SecurityContext
23:14:25.960 DEBUG o.s.security.web.FilterChainProxy - Secured POST /api/auth/login
23:14:26.104 DEBUG o.s.security.web.FilterChainProxy - Securing POST /api/auth/login
23:14:26.105 DEBUG o.s.s.w.a.AnonymousAuthenticationFilter - Set SecurityContextHolder to anonymous SecurityContext
23:14:26.105 DEBUG o.s.security.web.FilterChainProxy - Secured POST /api/auth/login
23:14:26.133 DEBUG o.s.security.web.FilterChainProxy - Securing POST /api/auth/login
23:14:26.134 DEBUG o.s.s.w.a.AnonymousAuthenticationFilter - Set SecurityContextHolder to anonymous SecurityContext
23:14:26.134 DEBUG o.s.security.web.FilterChainProxy - Secured POST /api/auth/login
23:14:26.227 DEBUG o.s.security.web.FilterChainProxy - Securing POST /api/auth/login
23:14:26.227 DEBUG o.s.s.w.a.AnonymousAuthenticationFilter - Set SecurityContextHolder to anonymous SecurityContext
23:14:26.227 DEBUG o.s.security.web.FilterChainProxy - Secured POST /api/auth/login
23:14:26.252 DEBUG o.s.security.web.FilterChainProxy - Securing POST /api/auth/login
23:14:26.253 DEBUG o.s.s.w.a.AnonymousAuthenticationFilter - Set SecurityContextHolder to anonymous SecurityContext
23:14:26.253 DEBUG o.s.security.web.FilterChainProxy - Secured POST /api/auth/login
23:14:26.355 DEBUG o.s.s.a.d.DaoAuthenticationProvider - Authenticated user
23:14:26.417 DEBUG o.s.s.a.d.DaoAuthenticationProvider - Authenticated user
23:14:26.425 DEBUG o.s.security.web.FilterChainProxy - Securing POST /api/auth/login
23:14:26.425 DEBUG o.s.s.w.a.AnonymousAuthenticationFilter - Set SecurityContextHolder to anonymous SecurityContext
23:14:26.426 DEBUG o.s.security.web.FilterChainProxy - Secured POST /api/auth/login
23:14:26.516 DEBUG o.s.security.web.FilterChainProxy - Securing POST /api/auth/login
23:14:26.516 DEBUG o.s.s.w.a.AnonymousAuthenticationFilter - Set SecurityContextHolder to anonymous SecurityContext
23:14:26.516 DEBUG o.s.security.web.FilterChainProxy - Secured POST /api/auth/login
23:14:26.544 DEBUG o.s.security.web.FilterChainProxy - Securing POST /api/auth/login
23:14:26.544 DEBUG o.s.s.w.a.AnonymousAuthenticationFilter - Set SecurityContextHolder to anonymous SecurityContext
23:14:26.544 DEBUG o.s.security.web.FilterChainProxy - Secured POST /api/auth/login
23:14:26.625 DEBUG o.s.security.web.FilterChainProxy - Securing POST /api/auth/login
23:14:26.626 DEBUG o.s.s.w.a.AnonymousAuthenticationFilter - Set SecurityContextHolder to anonymous SecurityContext
23:14:26.626 DEBUG o.s.security.web.FilterChainProxy - Secured POST /api/auth/login
23:14:26.749 DEBUG o.s.security.web.FilterChainProxy - Securing POST /api/auth/login
23:14:26.749 DEBUG o.s.s.w.a.AnonymousAuthenticationFilter - Set SecurityContextHolder to anonymous SecurityContext
23:14:26.749 DEBUG o.s.security.web.FilterChainProxy - Secured POST /api/auth/login
23:14:26.799 DEBUG o.s.security.web.FilterChainProxy - Securing POST /api/auth/login
23:14:26.799 DEBUG o.s.s.w.a.AnonymousAuthenticationFilter - Set SecurityContextHolder to anonymous SecurityContext
23:14:26.799 DEBUG o.s.security.web.FilterChainProxy - Secured POST /api/auth/login
23:14:26.808 DEBUG o.s.s.a.d.DaoAuthenticationProvider - Authenticated user
23:14:26.964 DEBUG o.s.security.web.FilterChainProxy - Securing POST /api/auth/login
23:14:26.965 DEBUG o.s.s.w.a.AnonymousAuthenticationFilter - Set SecurityContextHolder to anonymous SecurityContext
23:14:26.965 DEBUG o.s.security.web.FilterChainProxy - Secured POST /api/auth/login
23:14:26.997 DEBUG o.s.s.a.d.DaoAuthenticationProvider - Authenticated user
23:14:27.028 DEBUG o.s.security.web.FilterChainProxy - Securing POST /api/auth/login
23:14:27.028 DEBUG o.s.s.w.a.AnonymousAuthenticationFilter - Set SecurityContextHolder to anonymous SecurityContext
23:14:27.029 DEBUG o.s.security.web.FilterChainProxy - Secured POST /api/auth/login
23:14:27.185 DEBUG o.s.security.web.FilterChainProxy - Securing POST /api/auth/login
23:14:27.185 DEBUG o.s.s.w.a.AnonymousAuthenticationFilter - Set SecurityContextHolder to anonymous SecurityContext
23:14:27.185 DEBUG o.s.security.web.FilterChainProxy - Secured POST /api/auth/login
23:14:27.273 DEBUG o.s.s.a.d.DaoAuthenticationProvider - Authenticated user
23:14:27.334 DEBUG o.s.s.a.d.DaoAuthenticationProvider - Authenticated user
23:14:27.402 DEBUG o.s.security.web.FilterChainProxy - Securing POST /api/auth/login
23:14:27.402 DEBUG o.s.s.w.a.AnonymousAuthenticationFilter - Set SecurityContextHolder to anonymous SecurityContext
23:14:27.403 DEBUG o.s.security.web.FilterChainProxy - Secured POST /api/auth/login
23:14:27.532 DEBUG o.s.security.web.FilterChainProxy - Securing POST /api/auth/login
23:14:27.533 DEBUG o.s.s.w.a.AnonymousAuthenticationFilter - Set SecurityContextHolder to anonymous SecurityContext
23:14:27.533 DEBUG o.s.security.web.FilterChainProxy - Secured POST /api/auth/login
23:14:27.567 DEBUG o.s.security.web.FilterChainProxy - Securing POST /api/auth/login
23:14:27.568 DEBUG o.s.s.w.a.AnonymousAuthenticationFilter - Set SecurityContextHolder to anonymous SecurityContext
23:14:27.568 DEBUG o.s.security.web.FilterChainProxy - Secured POST /api/auth/login
23:14:27.606 DEBUG o.s.s.a.d.DaoAuthenticationProvider - Authenticated user
23:14:27.659 DEBUG o.s.s.a.d.DaoAuthenticationProvider - Authenticated user
23:14:27.720 DEBUG o.s.security.web.FilterChainProxy - Securing POST /api/auth/login
23:14:27.721 DEBUG o.s.s.w.a.AnonymousAuthenticationFilter - Set SecurityContextHolder to anonymous SecurityContext
23:14:27.721 DEBUG o.s.security.web.FilterChainProxy - Secured POST /api/auth/login
23:14:27.749 DEBUG o.s.security.web.FilterChainProxy - Securing POST /api/auth/login
23:14:27.749 DEBUG o.s.s.w.a.AnonymousAuthenticationFilter - Set SecurityContextHolder to anonymous SecurityContext
23:14:27.749 DEBUG o.s.security.web.FilterChainProxy - Secured POST /api/auth/login
23:14:27.830 DEBUG o.s.security.web.FilterChainProxy - Securing POST /api/auth/login
23:14:27.830 DEBUG o.s.s.w.a.AnonymousAuthenticationFilter - Set SecurityContextHolder to anonymous SecurityContext
23:14:27.830 DEBUG o.s.security.web.FilterChainProxy - Secured POST /api/auth/login
23:14:27.935 DEBUG o.s.security.web.FilterChainProxy - Securing POST /api/auth/login
23:14:27.936 DEBUG o.s.security.web.FilterChainProxy - Securing POST /api/auth/login
23:14:27.936 DEBUG o.s.s.w.a.AnonymousAuthenticationFilter - Set SecurityContextHolder to anonymous SecurityContext
23:14:27.936 DEBUG o.s.s.w.a.AnonymousAuthenticationFilter - Set SecurityContextHolder to anonymous SecurityContext
23:14:27.936 DEBUG o.s.security.web.FilterChainProxy - Secured POST /api/auth/login
23:14:27.936 DEBUG o.s.security.web.FilterChainProxy - Secured POST /api/auth/login
23:14:28.042 DEBUG o.s.security.web.FilterChainProxy - Securing POST /api/auth/login
23:14:28.042 DEBUG o.s.s.w.a.AnonymousAuthenticationFilter - Set SecurityContextHolder to anonymous SecurityContext
23:14:28.043 DEBUG o.s.security.web.FilterChainProxy - Secured POST /api/auth/login
23:14:28.085 DEBUG o.s.security.web.FilterChainProxy - Securing POST /api/auth/login
23:14:28.086 DEBUG o.s.s.w.a.AnonymousAuthenticationFilter - Set SecurityContextHolder to anonymous SecurityContext
23:14:28.086 DEBUG o.s.security.web.FilterChainProxy - Secured POST /api/auth/login
23:14:28.108 DEBUG o.s.s.a.d.DaoAuthenticationProvider - Authenticated user
23:14:28.113 DEBUG o.s.security.web.FilterChainProxy - Securing POST /api/auth/login
23:14:28.113 DEBUG o.s.s.w.a.AnonymousAuthenticationFilter - Set SecurityContextHolder to anonymous SecurityContext
23:14:28.113 DEBUG o.s.security.web.FilterChainProxy - Secured POST /api/auth/login
23:14:28.126 DEBUG o.s.s.a.d.DaoAuthenticationProvider - Authenticated user
23:14:28.308 DEBUG o.s.security.web.FilterChainProxy - Securing POST /api/auth/login
23:14:28.308 DEBUG o.s.s.w.a.AnonymousAuthenticationFilter - Set SecurityContextHolder to anonymous SecurityContext
23:14:28.308 DEBUG o.s.security.web.FilterChainProxy - Secured POST /api/auth/login
23:14:28.372 DEBUG o.s.s.a.d.DaoAuthenticationProvider - Authenticated user
23:14:28.389 DEBUG o.s.s.a.d.DaoAuthenticationProvider - Authenticated user
23:14:28.509 DEBUG o.s.s.a.d.DaoAuthenticationProvider - Authenticated user
23:14:28.536 DEBUG o.s.security.web.FilterChainProxy - Securing POST /api/auth/login
23:14:28.536 DEBUG o.s.s.w.a.AnonymousAuthenticationFilter - Set SecurityContextHolder to anonymous SecurityContext
23:14:28.536 DEBUG o.s.security.web.FilterChainProxy - Secured POST /api/auth/login
23:14:28.549 DEBUG o.s.security.web.FilterChainProxy - Securing POST /api/auth/login
23:14:28.549 DEBUG o.s.s.w.a.AnonymousAuthenticationFilter - Set SecurityContextHolder to anonymous SecurityContext
23:14:28.549 DEBUG o.s.security.web.FilterChainProxy - Secured POST /api/auth/login
23:14:28.586 DEBUG o.s.s.a.d.DaoAuthenticationProvider - Authenticated user
23:14:28.614 DEBUG o.s.s.a.d.DaoAuthenticationProvider - Authenticated user
23:14:28.639 DEBUG o.s.security.web.FilterChainProxy - Securing POST /api/auth/login
23:14:28.639 DEBUG o.s.s.w.a.AnonymousAuthenticationFilter - Set SecurityContextHolder to anonymous SecurityContext
23:14:28.639 DEBUG o.s.security.web.FilterChainProxy - Secured POST /api/auth/login
23:14:28.693 DEBUG o.s.security.web.FilterChainProxy - Securing POST /api/auth/login
23:14:28.693 DEBUG o.s.s.w.a.AnonymousAuthenticationFilter - Set SecurityContextHolder to anonymous SecurityContext
23:14:28.693 DEBUG o.s.security.web.FilterChainProxy - Secured POST /api/auth/login
23:14:28.698 DEBUG o.s.s.a.d.DaoAuthenticationProvider - Authenticated user
23:14:28.801 DEBUG o.s.security.web.FilterChainProxy - Securing POST /api/auth/login
23:14:28.802 DEBUG o.s.s.w.a.AnonymousAuthenticationFilter - Set SecurityContextHolder to anonymous SecurityContext
23:14:28.802 DEBUG o.s.security.web.FilterChainProxy - Secured POST /api/auth/login
23:14:28.829 DEBUG o.s.s.a.d.DaoAuthenticationProvider - Authenticated user
23:14:28.846 DEBUG o.s.s.a.d.DaoAuthenticationProvider - Authenticated user
23:14:29.017 DEBUG o.s.s.a.d.DaoAuthenticationProvider - Authenticated user
23:14:29.077 DEBUG o.s.security.web.FilterChainProxy - Securing POST /api/auth/login
23:14:29.078 DEBUG o.s.s.w.a.AnonymousAuthenticationFilter - Set SecurityContextHolder to anonymous SecurityContext
23:14:29.078 DEBUG o.s.security.web.FilterChainProxy - Secured POST /api/auth/login
23:14:29.088 DEBUG o.s.security.web.FilterChainProxy - Securing POST /api/auth/login
23:14:29.089 DEBUG o.s.s.w.a.AnonymousAuthenticationFilter - Set SecurityContextHolder to anonymous SecurityContext
23:14:29.090 DEBUG o.s.security.web.FilterChainProxy - Secured POST /api/auth/login
23:14:29.189 DEBUG o.s.s.a.d.DaoAuthenticationProvider - Authenticated user
23:14:29.210 DEBUG o.s.security.web.FilterChainProxy - Securing POST /api/auth/login
23:14:29.211 DEBUG o.s.s.w.a.AnonymousAuthenticationFilter - Set SecurityContextHolder to anonymous SecurityContext
23:14:29.211 DEBUG o.s.security.web.FilterChainProxy - Secured POST /api/auth/login
23:14:29.286 DEBUG o.s.s.a.d.DaoAuthenticationProvider - Authenticated user
23:14:29.286 DEBUG o.s.security.web.FilterChainProxy - Securing POST /api/auth/login
23:14:29.286 DEBUG o.s.s.w.a.AnonymousAuthenticationFilter - Set SecurityContextHolder to anonymous SecurityContext
23:14:29.287 DEBUG o.s.security.web.FilterChainProxy - Secured POST /api/auth/login
23:14:29.291 DEBUG o.s.security.web.FilterChainProxy - Securing POST /api/auth/login
23:14:29.292 DEBUG o.s.s.w.a.AnonymousAuthenticationFilter - Set SecurityContextHolder to anonymous SecurityContext
23:14:29.292 DEBUG o.s.security.web.FilterChainProxy - Secured POST /api/auth/login
23:14:29.383 DEBUG o.s.security.web.FilterChainProxy - Securing POST /api/auth/login
23:14:29.383 DEBUG o.s.s.w.a.AnonymousAuthenticationFilter - Set SecurityContextHolder to anonymous SecurityContext
23:14:29.383 DEBUG o.s.security.web.FilterChainProxy - Secured POST /api/auth/login
23:14:29.423 DEBUG o.s.security.web.FilterChainProxy - Securing POST /api/auth/login
23:14:29.424 DEBUG o.s.s.w.a.AnonymousAuthenticationFilter - Set SecurityContextHolder to anonymous SecurityContext
23:14:29.424 DEBUG o.s.security.web.FilterChainProxy - Secured POST /api/auth/login
23:14:29.450 DEBUG o.s.s.a.d.DaoAuthenticationProvider - Authenticated user
23:14:29.564 DEBUG o.s.s.a.d.DaoAuthenticationProvider - Authenticated user
23:14:29.590 DEBUG o.s.security.web.FilterChainProxy - Securing POST /api/auth/login
23:14:29.590 DEBUG o.s.s.w.a.AnonymousAuthenticationFilter - Set SecurityContextHolder to anonymous SecurityContext
23:14:29.590 DEBUG o.s.security.web.FilterChainProxy - Secured POST /api/auth/login
23:14:29.600 DEBUG o.s.s.a.d.DaoAuthenticationProvider - Authenticated user
23:14:29.621 DEBUG o.s.s.a.d.DaoAuthenticationProvider - Authenticated user
23:14:29.658 DEBUG o.s.security.web.FilterChainProxy - Securing POST /api/auth/login
23:14:29.658 DEBUG o.s.s.w.a.AnonymousAuthenticationFilter - Set SecurityContextHolder to anonymous SecurityContext
23:14:29.658 DEBUG o.s.security.web.FilterChainProxy - Secured POST /api/auth/login
23:14:29.672 DEBUG o.s.s.a.d.DaoAuthenticationProvider - Authenticated user
23:14:29.780 DEBUG o.s.security.web.FilterChainProxy - Securing POST /api/auth/login
23:14:29.780 DEBUG o.s.s.w.a.AnonymousAuthenticationFilter - Set SecurityContextHolder to anonymous SecurityContext
23:14:29.780 DEBUG o.s.security.web.FilterChainProxy - Secured POST /api/auth/login
23:14:29.825 DEBUG o.s.security.web.FilterChainProxy - Securing POST /api/auth/login
23:14:29.825 DEBUG o.s.s.w.a.AnonymousAuthenticationFilter - Set SecurityContextHolder to anonymous SecurityContext
23:14:29.826 DEBUG o.s.security.web.FilterChainProxy - Secured POST /api/auth/login
23:14:30.002 DEBUG o.s.security.web.FilterChainProxy - Securing POST /api/auth/login
23:14:30.003 DEBUG o.s.s.w.a.AnonymousAuthenticationFilter - Set SecurityContextHolder to anonymous SecurityContext
23:14:30.003 DEBUG o.s.security.web.FilterChainProxy - Secured POST /api/auth/login
23:14:30.071 DEBUG o.s.security.web.FilterChainProxy - Securing POST /api/auth/login
23:14:30.072 DEBUG o.s.s.w.a.AnonymousAuthenticationFilter - Set SecurityContextHolder to anonymous SecurityContext
23:14:30.072 DEBUG o.s.security.web.FilterChainProxy - Secured POST /api/auth/login
23:14:30.104 DEBUG o.s.security.web.FilterChainProxy - Securing POST /api/auth/login
23:14:30.104 DEBUG o.s.s.w.a.AnonymousAuthenticationFilter - Set SecurityContextHolder to anonymous SecurityContext
23:14:30.105 DEBUG o.s.security.web.FilterChainProxy - Secured POST /api/auth/login
23:14:30.109 DEBUG o.s.s.a.d.DaoAuthenticationProvider - Authenticated user
23:14:30.188 DEBUG o.s.s.a.d.DaoAuthenticationProvider - Authenticated user
23:14:30.236 DEBUG o.s.s.a.d.DaoAuthenticationProvider - Authenticated user
23:14:30.312 DEBUG o.s.s.a.d.DaoAuthenticationProvider - Authenticated user
23:14:30.340 DEBUG o.s.s.a.d.DaoAuthenticationProvider - Authenticated user
23:14:30.342 DEBUG o.s.security.web.FilterChainProxy - Securing POST /api/auth/login
23:14:30.343 DEBUG o.s.s.w.a.AnonymousAuthenticationFilter - Set SecurityContextHolder to anonymous SecurityContext
23:14:30.343 DEBUG o.s.security.web.FilterChainProxy - Secured POST /api/auth/login
23:14:30.353 DEBUG o.s.security.web.FilterChainProxy - Securing POST /api/auth/login
23:14:30.353 DEBUG o.s.s.w.a.AnonymousAuthenticationFilter - Set SecurityContextHolder to anonymous SecurityContext
23:14:30.354 DEBUG o.s.security.web.FilterChainProxy - Secured POST /api/auth/login
23:14:30.362 DEBUG o.s.s.a.d.DaoAuthenticationProvider - Authenticated user
23:14:30.565 DEBUG o.s.s.a.d.DaoAuthenticationProvider - Authenticated user
23:14:30.578 DEBUG o.s.security.web.FilterChainProxy - Securing POST /api/auth/login
23:14:30.578 DEBUG o.s.s.w.a.AnonymousAuthenticationFilter - Set SecurityContextHolder to anonymous SecurityContext
23:14:30.579 DEBUG o.s.security.web.FilterChainProxy - Secured POST /api/auth/login
23:14:30.598 DEBUG o.s.security.web.FilterChainProxy - Securing POST /api/auth/login
23:14:30.599 DEBUG o.s.s.w.a.AnonymousAuthenticationFilter - Set SecurityContextHolder to anonymous SecurityContext
23:14:30.599 DEBUG o.s.security.web.FilterChainProxy - Secured POST /api/auth/login
23:14:30.802 DEBUG o.s.s.a.d.DaoAuthenticationProvider - Authenticated user
23:14:31.006 DEBUG o.s.security.web.FilterChainProxy - Securing POST /api/auth/login
23:14:31.007 DEBUG o.s.s.w.a.AnonymousAuthenticationFilter - Set SecurityContextHolder to anonymous SecurityContext
23:14:31.007 DEBUG o.s.security.web.FilterChainProxy - Secured POST /api/auth/login
23:14:31.109 DEBUG o.s.s.a.d.DaoAuthenticationProvider - Authenticated user
23:14:31.118 DEBUG o.s.security.web.FilterChainProxy - Securing POST /api/auth/login
23:14:31.118 DEBUG o.s.s.w.a.AnonymousAuthenticationFilter - Set SecurityContextHolder to anonymous SecurityContext
23:14:31.119 DEBUG o.s.security.web.FilterChainProxy - Secured POST /api/auth/login
23:14:31.198 DEBUG o.s.security.web.FilterChainProxy - Securing POST /api/auth/login
23:14:31.198 DEBUG o.s.s.w.a.AnonymousAuthenticationFilter - Set SecurityContextHolder to anonymous SecurityContext
23:14:31.199 DEBUG o.s.security.web.FilterChainProxy - Secured POST /api/auth/login
23:14:31.326 DEBUG o.s.s.a.d.DaoAuthenticationProvider - Authenticated user
23:14:31.366 DEBUG o.s.security.web.FilterChainProxy - Securing POST /api/auth/login
23:14:31.367 DEBUG o.s.s.w.a.AnonymousAuthenticationFilter - Set SecurityContextHolder to anonymous SecurityContext
23:14:31.367 DEBUG o.s.security.web.FilterChainProxy - Secured POST /api/auth/login
23:14:31.378 DEBUG o.s.security.web.FilterChainProxy - Securing POST /api/auth/login
23:14:31.378 DEBUG o.s.s.w.a.AnonymousAuthenticationFilter - Set SecurityContextHolder to anonymous SecurityContext
23:14:31.378 DEBUG o.s.security.web.FilterChainProxy - Secured POST /api/auth/login
23:14:31.427 DEBUG o.s.security.web.FilterChainProxy - Securing POST /api/auth/login
23:14:31.427 DEBUG o.s.s.w.a.AnonymousAuthenticationFilter - Set SecurityContextHolder to anonymous SecurityContext
23:14:31.428 DEBUG o.s.security.web.FilterChainProxy - Secured POST /api/auth/login
23:14:31.497 DEBUG o.s.security.web.FilterChainProxy - Securing POST /api/auth/login
23:14:31.498 DEBUG o.s.s.w.a.AnonymousAuthenticationFilter - Set SecurityContextHolder to anonymous SecurityContext
23:14:31.498 DEBUG o.s.security.web.FilterChainProxy - Secured POST /api/auth/login
23:14:31.546 DEBUG o.s.security.web.FilterChainProxy - Securing POST /api/auth/login
23:14:31.547 DEBUG o.s.s.w.a.AnonymousAuthenticationFilter - Set SecurityContextHolder to anonymous SecurityContext
23:14:31.547 DEBUG o.s.security.web.FilterChainProxy - Secured POST /api/auth/login
23:14:31.696 DEBUG o.s.security.web.FilterChainProxy - Securing POST /api/auth/login
23:14:31.696 DEBUG o.s.s.w.a.AnonymousAuthenticationFilter - Set SecurityContextHolder to anonymous SecurityContext
23:14:31.696 DEBUG o.s.security.web.FilterChainProxy - Secured POST /api/auth/login
23:14:31.724 DEBUG o.s.security.web.FilterChainProxy - Securing POST /api/auth/login
23:14:31.725 DEBUG o.s.s.w.a.AnonymousAuthenticationFilter - Set SecurityContextHolder to anonymous SecurityContext
23:14:31.725 DEBUG o.s.security.web.FilterChainProxy - Secured POST /api/auth/login
23:14:31.759 DEBUG o.s.security.web.FilterChainProxy - Securing POST /api/auth/login
23:14:31.759 DEBUG o.s.s.w.a.AnonymousAuthenticationFilter - Set SecurityContextHolder to anonymous SecurityContext
23:14:31.760 DEBUG o.s.security.web.FilterChainProxy - Secured POST /api/auth/login
23:14:31.785 DEBUG o.s.s.a.d.DaoAuthenticationProvider - Authenticated user
23:14:31.886 DEBUG o.s.s.a.d.DaoAuthenticationProvider - Authenticated user
23:14:31.902 DEBUG o.s.s.a.d.DaoAuthenticationProvider - Authenticated user
23:14:31.963 DEBUG o.s.security.web.FilterChainProxy - Securing POST /api/auth/login
23:14:31.964 DEBUG o.s.s.w.a.AnonymousAuthenticationFilter - Set SecurityContextHolder to anonymous SecurityContext
23:14:31.964 DEBUG o.s.security.web.FilterChainProxy - Secured POST /api/auth/login
23:14:31.983 DEBUG o.s.security.web.FilterChainProxy - Securing POST /api/auth/login
23:14:31.984 DEBUG o.s.s.w.a.AnonymousAuthenticationFilter - Set SecurityContextHolder to anonymous SecurityContext
23:14:31.984 DEBUG o.s.security.web.FilterChainProxy - Secured POST /api/auth/login
23:14:32.013 DEBUG o.s.security.web.FilterChainProxy - Securing POST /api/auth/login
23:14:32.013 DEBUG o.s.s.w.a.AnonymousAuthenticationFilter - Set SecurityContextHolder to anonymous SecurityContext
23:14:32.013 DEBUG o.s.security.web.FilterChainProxy - Secured POST /api/auth/login
23:14:32.155 DEBUG o.s.s.a.d.DaoAuthenticationProvider - Authenticated user
23:14:32.163 DEBUG o.s.security.web.FilterChainProxy - Securing POST /api/auth/login
23:14:32.164 DEBUG o.s.s.w.a.AnonymousAuthenticationFilter - Set SecurityContextHolder to anonymous SecurityContext
23:14:32.164 DEBUG o.s.security.web.FilterChainProxy - Secured POST /api/auth/login
23:14:32.223 DEBUG o.s.s.a.d.DaoAuthenticationProvider - Authenticated user
23:14:32.270 DEBUG o.s.s.a.d.DaoAuthenticationProvider - Authenticated user
23:14:32.302 DEBUG o.s.security.web.FilterChainProxy - Securing POST /api/auth/login
23:14:32.303 DEBUG o.s.s.w.a.AnonymousAuthenticationFilter - Set SecurityContextHolder to anonymous SecurityContext
23:14:32.304 DEBUG o.s.security.web.FilterChainProxy - Secured POST /api/auth/login
23:14:32.324 DEBUG o.s.security.web.FilterChainProxy - Securing POST /api/auth/login
23:14:32.324 DEBUG o.s.s.w.a.AnonymousAuthenticationFilter - Set SecurityContextHolder to anonymous SecurityContext
23:14:32.325 DEBUG o.s.security.web.FilterChainProxy - Secured POST /api/auth/login
23:14:32.356 DEBUG o.s.s.a.d.DaoAuthenticationProvider - Authenticated user
23:14:32.404 DEBUG o.s.security.web.FilterChainProxy - Securing POST /api/auth/login
23:14:32.404 DEBUG o.s.s.w.a.AnonymousAuthenticationFilter - Set SecurityContextHolder to anonymous SecurityContext
23:14:32.404 DEBUG o.s.security.web.FilterChainProxy - Secured POST /api/auth/login
23:14:32.461 DEBUG o.s.s.a.d.DaoAuthenticationProvider - Authenticated user
23:14:32.478 DEBUG o.s.s.a.d.DaoAuthenticationProvider - Authenticated user
23:14:32.485 DEBUG o.s.security.web.FilterChainProxy - Securing POST /api/auth/login
23:14:32.485 DEBUG o.s.s.w.a.AnonymousAuthenticationFilter - Set SecurityContextHolder to anonymous SecurityContext
23:14:32.485 DEBUG o.s.security.web.FilterChainProxy - Secured POST /api/auth/login
23:14:32.572 DEBUG o.s.security.web.FilterChainProxy - Securing POST /api/auth/login
23:14:32.573 DEBUG o.s.s.w.a.AnonymousAuthenticationFilter - Set SecurityContextHolder to anonymous SecurityContext
23:14:32.573 DEBUG o.s.security.web.FilterChainProxy - Secured POST /api/auth/login
23:14:32.641 DEBUG o.s.security.web.FilterChainProxy - Securing POST /api/auth/login
23:14:32.641 DEBUG o.s.s.w.a.AnonymousAuthenticationFilter - Set SecurityContextHolder to anonymous SecurityContext
23:14:32.641 DEBUG o.s.security.web.FilterChainProxy - Secured POST /api/auth/login
23:14:32.797 DEBUG o.s.security.web.FilterChainProxy - Securing POST /api/auth/login
23:14:32.799 DEBUG o.s.s.w.a.AnonymousAuthenticationFilter - Set SecurityContextHolder to anonymous SecurityContext
23:14:32.799 DEBUG o.s.security.web.FilterChainProxy - Secured POST /api/auth/login
23:14:32.810 DEBUG o.s.s.a.d.DaoAuthenticationProvider - Authenticated user
23:14:32.852 DEBUG o.s.s.a.d.DaoAuthenticationProvider - Authenticated user
23:14:33.086 DEBUG o.s.security.web.FilterChainProxy - Securing POST /api/auth/login
23:14:33.086 DEBUG o.s.s.w.a.AnonymousAuthenticationFilter - Set SecurityContextHolder to anonymous SecurityContext
23:14:33.087 DEBUG o.s.security.web.FilterChainProxy - Secured POST /api/auth/login
23:14:33.088 DEBUG o.s.security.web.FilterChainProxy - Securing POST /api/auth/login
23:14:33.088 DEBUG o.s.s.w.a.AnonymousAuthenticationFilter - Set SecurityContextHolder to anonymous SecurityContext
23:14:33.088 DEBUG o.s.security.web.FilterChainProxy - Secured POST /api/auth/login
23:14:33.119 DEBUG o.s.s.a.d.DaoAuthenticationProvider - Authenticated user
23:14:33.239 DEBUG o.s.security.web.FilterChainProxy - Securing POST /api/auth/login
23:14:33.239 DEBUG o.s.s.w.a.AnonymousAuthenticationFilter - Set SecurityContextHolder to anonymous SecurityContext
23:14:33.239 DEBUG o.s.security.web.FilterChainProxy - Secured POST /api/auth/login
23:14:33.312 DEBUG o.s.security.web.FilterChainProxy - Securing POST /api/auth/login
23:14:33.313 DEBUG o.s.s.w.a.AnonymousAuthenticationFilter - Set SecurityContextHolder to anonymous SecurityContext
23:14:33.313 DEBUG o.s.security.web.FilterChainProxy - Secured POST /api/auth/login
23:14:33.406 DEBUG o.s.security.web.FilterChainProxy - Securing POST /api/auth/login
23:14:33.407 DEBUG o.s.s.w.a.AnonymousAuthenticationFilter - Set SecurityContextHolder to anonymous SecurityContext
23:14:33.407 DEBUG o.s.security.web.FilterChainProxy - Secured POST /api/auth/login
23:14:33.459 DEBUG o.s.security.web.FilterChainProxy - Securing POST /api/auth/login
23:14:33.459 DEBUG o.s.s.w.a.AnonymousAuthenticationFilter - Set SecurityContextHolder to anonymous SecurityContext
23:14:33.459 DEBUG o.s.security.web.FilterChainProxy - Secured POST /api/auth/login
23:14:33.581 DEBUG o.s.security.web.FilterChainProxy - Securing POST /api/auth/login
23:14:33.581 DEBUG o.s.s.w.a.AnonymousAuthenticationFilter - Set SecurityContextHolder to anonymous SecurityContext
23:14:33.582 DEBUG o.s.security.web.FilterChainProxy - Secured POST /api/auth/login
23:14:33.602 DEBUG o.s.security.web.FilterChainProxy - Securing POST /api/auth/login
23:14:33.603 DEBUG o.s.s.w.a.AnonymousAuthenticationFilter - Set SecurityContextHolder to anonymous SecurityContext
23:14:33.603 DEBUG o.s.security.web.FilterChainProxy - Secured POST /api/auth/login
23:14:33.605 DEBUG o.s.s.a.d.DaoAuthenticationProvider - Authenticated user
23:14:33.624 DEBUG o.s.s.a.d.DaoAuthenticationProvider - Authenticated user
23:14:33.680 DEBUG o.s.s.a.d.DaoAuthenticationProvider - Authenticated user
23:14:33.763 DEBUG o.s.s.a.d.DaoAuthenticationProvider - Authenticated user
23:14:33.898 DEBUG o.s.security.web.FilterChainProxy - Securing POST /api/auth/login
23:14:33.898 DEBUG o.s.s.w.a.AnonymousAuthenticationFilter - Set SecurityContextHolder to anonymous SecurityContext
23:14:33.898 DEBUG o.s.security.web.FilterChainProxy - Secured POST /api/auth/login
23:14:33.962 DEBUG o.s.s.a.d.DaoAuthenticationProvider - Authenticated user
23:14:34.010 DEBUG o.s.security.web.FilterChainProxy - Securing POST /api/auth/login
23:14:34.010 DEBUG o.s.s.w.a.AnonymousAuthenticationFilter - Set SecurityContextHolder to anonymous SecurityContext
23:14:34.011 DEBUG o.s.security.web.FilterChainProxy - Secured POST /api/auth/login
23:14:34.081 DEBUG o.s.security.web.FilterChainProxy - Securing POST /api/auth/login
23:14:34.081 DEBUG o.s.s.w.a.AnonymousAuthenticationFilter - Set SecurityContextHolder to anonymous SecurityContext
23:14:34.081 DEBUG o.s.security.web.FilterChainProxy - Secured POST /api/auth/login
23:14:34.084 DEBUG o.s.security.web.FilterChainProxy - Securing POST /api/auth/login
23:14:34.085 DEBUG o.s.s.w.a.AnonymousAuthenticationFilter - Set SecurityContextHolder to anonymous SecurityContext
23:14:34.085 DEBUG o.s.security.web.FilterChainProxy - Secured POST /api/auth/login
23:14:34.093 DEBUG o.s.security.web.FilterChainProxy - Securing POST /api/auth/login
23:14:34.094 DEBUG o.s.s.w.a.AnonymousAuthenticationFilter - Set SecurityContextHolder to anonymous SecurityContext
23:14:34.094 DEBUG o.s.security.web.FilterChainProxy - Secured POST /api/auth/login
23:14:34.147 DEBUG o.s.s.a.d.DaoAuthenticationProvider - Authenticated user
23:14:34.170 DEBUG o.s.s.a.d.DaoAuthenticationProvider - Authenticated user
23:14:34.312 DEBUG o.s.security.web.FilterChainProxy - Securing POST /api/auth/login
23:14:34.313 DEBUG o.s.s.w.a.AnonymousAuthenticationFilter - Set SecurityContextHolder to anonymous SecurityContext
23:14:34.313 DEBUG o.s.security.web.FilterChainProxy - Secured POST /api/auth/login
23:14:34.335 DEBUG o.s.security.web.FilterChainProxy - Securing POST /api/auth/login
23:14:34.335 DEBUG o.s.s.a.d.DaoAuthenticationProvider - Authenticated user
23:14:34.336 DEBUG o.s.s.w.a.AnonymousAuthenticationFilter - Set SecurityContextHolder to anonymous SecurityContext
23:14:34.336 DEBUG o.s.security.web.FilterChainProxy - Secured POST /api/auth/login
23:14:34.340 DEBUG o.s.s.a.d.DaoAuthenticationProvider - Authenticated user
23:14:34.518 DEBUG o.s.security.web.FilterChainProxy - Securing POST /api/auth/login
23:14:34.520 DEBUG o.s.s.w.a.AnonymousAuthenticationFilter - Set SecurityContextHolder to anonymous SecurityContext
23:14:34.521 DEBUG o.s.security.web.FilterChainProxy - Secured POST /api/auth/login
23:14:34.548 DEBUG o.s.s.a.d.DaoAuthenticationProvider - Authenticated user
23:14:34.626 DEBUG o.s.security.web.FilterChainProxy - Securing POST /api/auth/login
23:14:34.626 DEBUG o.s.s.w.a.AnonymousAuthenticationFilter - Set SecurityContextHolder to anonymous SecurityContext
23:14:34.626 DEBUG o.s.security.web.FilterChainProxy - Secured POST /api/auth/login
23:14:34.626 DEBUG o.s.security.web.FilterChainProxy - Securing POST /api/auth/login
23:14:34.626 DEBUG o.s.s.w.a.AnonymousAuthenticationFilter - Set SecurityContextHolder to anonymous SecurityContext
23:14:34.626 DEBUG o.s.security.web.FilterChainProxy - Secured POST /api/auth/login
23:14:34.661 DEBUG o.s.security.web.FilterChainProxy - Securing POST /api/auth/login
23:14:34.661 DEBUG o.s.s.w.a.AnonymousAuthenticationFilter - Set SecurityContextHolder to anonymous SecurityContext
23:14:34.662 DEBUG o.s.security.web.FilterChainProxy - Secured POST /api/auth/login
23:14:34.662 DEBUG o.s.s.a.d.DaoAuthenticationProvider - Authenticated user
23:14:34.666 DEBUG o.s.security.web.FilterChainProxy - Securing POST /api/auth/login
23:14:34.666 DEBUG o.s.s.w.a.AnonymousAuthenticationFilter - Set SecurityContextHolder to anonymous SecurityContext
23:14:34.666 DEBUG o.s.security.web.FilterChainProxy - Secured POST /api/auth/login
23:14:34.680 DEBUG o.s.s.a.d.DaoAuthenticationProvider - Authenticated user
23:14:34.830 DEBUG o.s.s.a.d.DaoAuthenticationProvider - Authenticated user
23:14:34.968 DEBUG o.s.s.a.d.DaoAuthenticationProvider - Authenticated user
23:14:35.127 DEBUG o.s.s.a.d.DaoAuthenticationProvider - Authenticated user
23:14:35.137 DEBUG o.s.s.a.d.DaoAuthenticationProvider - Authenticated user
23:14:35.251 DEBUG o.s.s.a.d.DaoAuthenticationProvider - Authenticated user
23:14:35.278 DEBUG o.s.s.a.d.DaoAuthenticationProvider - Authenticated user
23:14:35.506 DEBUG o.s.s.a.d.DaoAuthenticationProvider - Authenticated user
23:14:35.521 DEBUG o.s.s.a.d.DaoAuthenticationProvider - Authenticated user
23:14:35.570 DEBUG o.s.s.a.d.DaoAuthenticationProvider - Authenticated user
23:14:35.612 DEBUG o.s.s.a.d.DaoAuthenticationProvider - Authenticated user
23:14:35.677 DEBUG o.s.s.a.d.DaoAuthenticationProvider - Authenticated user
23:14:35.806 DEBUG o.s.s.a.d.DaoAuthenticationProvider - Authenticated user
23:14:35.985 DEBUG o.s.s.a.d.DaoAuthenticationProvider - Authenticated user
23:14:36.248 DEBUG o.s.s.a.d.DaoAuthenticationProvider - Authenticated user
23:14:36.281 DEBUG o.s.s.a.d.DaoAuthenticationProvider - Authenticated user
23:14:36.319 DEBUG o.s.s.a.d.DaoAuthenticationProvider - Authenticated user
23:14:36.321 DEBUG o.s.s.a.d.DaoAuthenticationProvider - Authenticated user
23:14:36.554 DEBUG o.s.s.a.d.DaoAuthenticationProvider - Authenticated user
23:14:36.604 DEBUG o.s.s.a.d.DaoAuthenticationProvider - Authenticated user
23:14:36.651 DEBUG o.s.s.a.d.DaoAuthenticationProvider - Authenticated user
23:14:36.703 DEBUG o.s.s.a.d.DaoAuthenticationProvider - Authenticated user
23:14:36.970 DEBUG o.s.s.a.d.DaoAuthenticationProvider - Authenticated user
23:14:36.971 DEBUG o.s.s.a.d.DaoAuthenticationProvider - Authenticated user
23:14:37.019 DEBUG o.s.s.a.d.DaoAuthenticationProvider - Authenticated user
23:14:37.039 DEBUG o.s.s.a.d.DaoAuthenticationProvider - Authenticated user
23:14:37.326 DEBUG o.s.s.a.d.DaoAuthenticationProvider - Authenticated user
23:14:37.326 DEBUG o.s.s.a.d.DaoAuthenticationProvider - Authenticated user
23:14:37.625 DEBUG o.s.s.a.d.DaoAuthenticationProvider - Authenticated user
23:14:37.764 DEBUG o.s.s.a.d.DaoAuthenticationProvider - Authenticated user
23:14:37.806 DEBUG o.s.s.a.d.DaoAuthenticationProvider - Authenticated user
23:14:37.937 DEBUG o.s.s.a.d.DaoAuthenticationProvider - Authenticated user
23:14:38.042 DEBUG o.s.s.a.d.DaoAuthenticationProvider - Authenticated user
23:14:38.059 DEBUG o.s.s.a.d.DaoAuthenticationProvider - Authenticated user
23:14:38.169 DEBUG o.s.s.a.d.DaoAuthenticationProvider - Authenticated user
23:14:38.230 DEBUG o.s.s.a.d.DaoAuthenticationProvider - Authenticated user
23:14:38.252 DEBUG o.s.s.a.d.DaoAuthenticationProvider - Authenticated user
23:14:38.267 DEBUG o.s.s.a.d.DaoAuthenticationProvider - Authenticated user
23:14:47.707 DEBUG o.s.security.web.FilterChainProxy - Securing POST /api/auth/login
23:14:47.707 DEBUG o.s.security.web.FilterChainProxy - Securing POST /api/auth/login
23:14:47.707 DEBUG o.s.s.w.a.AnonymousAuthenticationFilter - Set SecurityContextHolder to anonymous SecurityContext
23:14:47.707 DEBUG o.s.security.web.FilterChainProxy - Secured POST /api/auth/login
23:14:47.707 DEBUG o.s.s.w.a.AnonymousAuthenticationFilter - Set SecurityContextHolder to anonymous SecurityContext
23:14:47.712 DEBUG o.s.security.web.FilterChainProxy - Secured POST /api/auth/login
23:14:47.737 DEBUG o.s.security.web.FilterChainProxy - Securing POST /api/auth/login
23:14:47.737 DEBUG o.s.s.w.a.AnonymousAuthenticationFilter - Set SecurityContextHolder to anonymous SecurityContext
23:14:47.737 DEBUG o.s.security.web.FilterChainProxy - Secured POST /api/auth/login
23:14:49.121 DEBUG o.s.security.web.FilterChainProxy - Securing POST /api/auth/login
23:14:49.121 DEBUG o.s.s.w.a.AnonymousAuthenticationFilter - Set SecurityContextHolder to anonymous SecurityContext
23:14:49.121 DEBUG o.s.security.web.FilterChainProxy - Secured POST /api/auth/login
23:14:51.920 DEBUG o.s.security.web.FilterChainProxy - Securing POST /api/auth/login
23:14:51.921 DEBUG o.s.s.w.a.AnonymousAuthenticationFilter - Set SecurityContextHolder to anonymous SecurityContext
23:14:51.921 DEBUG o.s.security.web.FilterChainProxy - Secured POST /api/auth/login
23:14:53.239 DEBUG o.s.security.web.FilterChainProxy - Securing POST /api/auth/login
23:14:53.239 DEBUG o.s.s.w.a.AnonymousAuthenticationFilter - Set SecurityContextHolder to anonymous SecurityContext
23:14:53.239 DEBUG o.s.security.web.FilterChainProxy - Securing POST /api/auth/login
23:14:53.239 DEBUG o.s.security.web.FilterChainProxy - Secured POST /api/auth/login
23:14:53.240 DEBUG o.s.s.w.a.AnonymousAuthenticationFilter - Set SecurityContextHolder to anonymous SecurityContext
23:14:53.240 DEBUG o.s.security.web.FilterChainProxy - Secured POST /api/auth/login
23:14:53.247 DEBUG o.s.security.web.FilterChainProxy - Securing POST /api/auth/login
23:14:53.247 DEBUG o.s.s.w.a.AnonymousAuthenticationFilter - Set SecurityContextHolder to anonymous SecurityContext
23:14:53.248 DEBUG o.s.security.web.FilterChainProxy - Secured POST /api/auth/login
23:14:53.306 DEBUG o.s.security.web.FilterChainProxy - Securing POST /api/auth/login
23:14:53.307 DEBUG o.s.s.w.a.AnonymousAuthenticationFilter - Set SecurityContextHolder to anonymous SecurityContext
23:14:53.307 DEBUG o.s.security.web.FilterChainProxy - Secured POST /api/auth/login
23:14:53.333 DEBUG o.s.security.web.FilterChainProxy - Securing POST /api/auth/login
23:14:53.333 DEBUG o.s.s.w.a.AnonymousAuthenticationFilter - Set SecurityContextHolder to anonymous SecurityContext
23:14:53.333 DEBUG o.s.security.web.FilterChainProxy - Secured POST /api/auth/login
23:14:53.449 DEBUG o.s.security.web.FilterChainProxy - Securing POST /api/auth/login
23:14:53.450 DEBUG o.s.s.w.a.AnonymousAuthenticationFilter - Set SecurityContextHolder to anonymous SecurityContext
23:14:53.450 DEBUG o.s.security.web.FilterChainProxy - Secured POST /api/auth/login
23:14:54.395 DEBUG o.s.security.web.FilterChainProxy - Securing POST /api/auth/login
23:14:54.395 DEBUG o.s.s.w.a.AnonymousAuthenticationFilter - Set SecurityContextHolder to anonymous SecurityContext
23:14:54.396 DEBUG o.s.security.web.FilterChainProxy - Secured POST /api/auth/login
23:14:54.402 DEBUG o.s.security.web.FilterChainProxy - Securing POST /api/auth/login
23:14:54.403 DEBUG o.s.s.w.a.AnonymousAuthenticationFilter - Set SecurityContextHolder to anonymous SecurityContext
23:14:54.403 DEBUG o.s.security.web.FilterChainProxy - Secured POST /api/auth/login
23:14:54.440 DEBUG o.s.security.web.FilterChainProxy - Securing POST /api/auth/login
23:14:54.441 DEBUG o.s.s.w.a.AnonymousAuthenticationFilter - Set SecurityContextHolder to anonymous SecurityContext
23:14:54.441 DEBUG o.s.security.web.FilterChainProxy - Secured POST /api/auth/login
23:14:56.667 DEBUG o.s.s.a.d.DaoAuthenticationProvider - Authenticated user
23:14:58.447 DEBUG o.s.s.a.d.DaoAuthenticationProvider - Authenticated user
23:14:59.099 DEBUG o.s.security.web.FilterChainProxy - Securing POST /api/auth/login
23:14:59.099 DEBUG o.s.s.w.a.AnonymousAuthenticationFilter - Set SecurityContextHolder to anonymous SecurityContext
23:14:59.099 DEBUG o.s.security.web.FilterChainProxy - Secured POST /api/auth/login
23:14:59.121 DEBUG o.s.security.web.FilterChainProxy - Securing POST /api/auth/login
23:14:59.121 DEBUG o.s.s.w.a.AnonymousAuthenticationFilter - Set SecurityContextHolder to anonymous SecurityContext
23:14:59.122 DEBUG o.s.security.web.FilterChainProxy - Secured POST /api/auth/login
23:14:59.132 DEBUG o.s.security.web.FilterChainProxy - Securing POST /api/auth/login
23:14:59.132 DEBUG o.s.s.w.a.AnonymousAuthenticationFilter - Set SecurityContextHolder to anonymous SecurityContext
23:14:59.133 DEBUG o.s.security.web.FilterChainProxy - Secured POST /api/auth/login
23:14:59.167 DEBUG o.s.security.web.FilterChainProxy - Securing POST /api/auth/login
23:14:59.167 DEBUG o.s.s.w.a.AnonymousAuthenticationFilter - Set SecurityContextHolder to anonymous SecurityContext
23:14:59.167 DEBUG o.s.security.web.FilterChainProxy - Secured POST /api/auth/login
23:14:59.677 DEBUG o.s.security.web.FilterChainProxy - Securing POST /api/auth/login
23:14:59.678 DEBUG o.s.s.w.a.AnonymousAuthenticationFilter - Set SecurityContextHolder to anonymous SecurityContext
23:14:59.678 DEBUG o.s.security.web.FilterChainProxy - Secured POST /api/auth/login
23:15:00.404 DEBUG o.s.security.web.FilterChainProxy - Securing POST /api/auth/login
23:15:00.404 DEBUG o.s.s.w.a.AnonymousAuthenticationFilter - Set SecurityContextHolder to anonymous SecurityContext
23:15:00.404 DEBUG o.s.security.web.FilterChainProxy - Secured POST /api/auth/login
23:15:00.417 DEBUG o.s.security.web.FilterChainProxy - Securing POST /api/auth/login
23:15:00.417 DEBUG o.s.s.w.a.AnonymousAuthenticationFilter - Set SecurityContextHolder to anonymous SecurityContext
23:15:00.418 DEBUG o.s.security.web.FilterChainProxy - Secured POST /api/auth/login
23:15:00.474 DEBUG o.s.security.web.FilterChainProxy - Securing POST /api/auth/login
23:15:00.474 DEBUG o.s.s.w.a.AnonymousAuthenticationFilter - Set SecurityContextHolder to anonymous SecurityContext
23:15:00.474 DEBUG o.s.security.web.FilterChainProxy - Secured POST /api/auth/login
23:15:00.698 DEBUG o.s.s.a.d.DaoAuthenticationProvider - Authenticated user
23:15:01.278 DEBUG o.s.security.web.FilterChainProxy - Securing POST /api/auth/login
23:15:01.278 DEBUG o.s.s.w.a.AnonymousAuthenticationFilter - Set SecurityContextHolder to anonymous SecurityContext
23:15:01.278 DEBUG o.s.security.web.FilterChainProxy - Secured POST /api/auth/login
23:15:01.308 DEBUG o.s.security.web.FilterChainProxy - Securing POST /api/auth/login
23:15:01.308 DEBUG o.s.s.w.a.AnonymousAuthenticationFilter - Set SecurityContextHolder to anonymous SecurityContext
23:15:01.308 DEBUG o.s.security.web.FilterChainProxy - Secured POST /api/auth/login
23:15:01.378 DEBUG o.s.security.web.FilterChainProxy - Securing POST /api/auth/login
23:15:01.378 DEBUG o.s.s.w.a.AnonymousAuthenticationFilter - Set SecurityContextHolder to anonymous SecurityContext
23:15:01.378 DEBUG o.s.security.web.FilterChainProxy - Secured POST /api/auth/login
23:15:02.133 DEBUG o.s.security.web.FilterChainProxy - Securing POST /api/auth/login
23:15:02.133 DEBUG o.s.s.w.a.AnonymousAuthenticationFilter - Set SecurityContextHolder to anonymous SecurityContext
23:15:02.133 DEBUG o.s.security.web.FilterChainProxy - Secured POST /api/auth/login
23:15:02.659 DEBUG o.s.s.a.d.DaoAuthenticationProvider - Authenticated user
23:15:02.718 DEBUG o.s.security.web.FilterChainProxy - Securing POST /api/auth/login
23:15:02.718 DEBUG o.s.s.w.a.AnonymousAuthenticationFilter - Set SecurityContextHolder to anonymous SecurityContext
23:15:02.719 DEBUG o.s.security.web.FilterChainProxy - Secured POST /api/auth/login
23:15:02.730 DEBUG o.s.security.web.FilterChainProxy - Securing POST /api/auth/login
23:15:02.731 DEBUG o.s.s.w.a.AnonymousAuthenticationFilter - Set SecurityContextHolder to anonymous SecurityContext
23:15:02.731 DEBUG o.s.security.web.FilterChainProxy - Secured POST /api/auth/login
23:15:02.731 DEBUG o.s.s.a.d.DaoAuthenticationProvider - Authenticated user
23:15:02.827 DEBUG o.s.security.web.FilterChainProxy - Securing POST /api/auth/login
23:15:02.827 DEBUG o.s.s.w.a.AnonymousAuthenticationFilter - Set SecurityContextHolder to anonymous SecurityContext
23:15:02.829 DEBUG o.s.security.web.FilterChainProxy - Secured POST /api/auth/login
23:15:02.858 DEBUG o.s.security.web.FilterChainProxy - Securing POST /api/auth/login
23:15:02.858 DEBUG o.s.s.w.a.AnonymousAuthenticationFilter - Set SecurityContextHolder to anonymous SecurityContext
23:15:02.861 DEBUG o.s.security.web.FilterChainProxy - Secured POST /api/auth/login
23:15:02.883 DEBUG o.s.security.web.FilterChainProxy - Securing POST /api/auth/login
23:15:02.883 DEBUG o.s.s.w.a.AnonymousAuthenticationFilter - Set SecurityContextHolder to anonymous SecurityContext
23:15:02.884 DEBUG o.s.security.web.FilterChainProxy - Secured POST /api/auth/login
23:15:02.896 DEBUG o.s.security.web.FilterChainProxy - Securing POST /api/auth/login
23:15:02.897 DEBUG o.s.s.w.a.AnonymousAuthenticationFilter - Set SecurityContextHolder to anonymous SecurityContext
23:15:02.897 DEBUG o.s.security.web.FilterChainProxy - Secured POST /api/auth/login
23:15:02.899 DEBUG o.s.security.web.FilterChainProxy - Securing POST /api/auth/login
23:15:02.900 DEBUG o.s.s.w.a.AnonymousAuthenticationFilter - Set SecurityContextHolder to anonymous SecurityContext
23:15:02.900 DEBUG o.s.security.web.FilterChainProxy - Secured POST /api/auth/login
23:15:02.901 DEBUG o.s.security.web.FilterChainProxy - Securing POST /api/auth/login
23:15:02.902 DEBUG o.s.s.w.a.AnonymousAuthenticationFilter - Set SecurityContextHolder to anonymous SecurityContext
23:15:02.902 DEBUG o.s.security.web.FilterChainProxy - Secured POST /api/auth/login
23:15:02.965 DEBUG o.s.security.web.FilterChainProxy - Securing POST /api/auth/login
23:15:02.966 DEBUG o.s.s.w.a.AnonymousAuthenticationFilter - Set SecurityContextHolder to anonymous SecurityContext
23:15:02.966 DEBUG o.s.security.web.FilterChainProxy - Secured POST /api/auth/login
23:15:02.966 DEBUG o.s.security.web.FilterChainProxy - Securing POST /api/auth/login
23:15:02.968 DEBUG o.s.s.w.a.AnonymousAuthenticationFilter - Set SecurityContextHolder to anonymous SecurityContext
23:15:02.968 DEBUG o.s.security.web.FilterChainProxy - Secured POST /api/auth/login
23:15:02.973 DEBUG o.s.security.web.FilterChainProxy - Securing POST /api/auth/login
23:15:02.975 DEBUG o.s.s.w.a.AnonymousAuthenticationFilter - Set SecurityContextHolder to anonymous SecurityContext
23:15:02.975 DEBUG o.s.security.web.FilterChainProxy - Secured POST /api/auth/login
23:15:02.975 DEBUG o.s.security.web.FilterChainProxy - Securing POST /api/auth/login
23:15:02.976 DEBUG o.s.s.w.a.AnonymousAuthenticationFilter - Set SecurityContextHolder to anonymous SecurityContext
23:15:02.976 DEBUG o.s.security.web.FilterChainProxy - Secured POST /api/auth/login
23:15:03.134 DEBUG o.s.security.web.FilterChainProxy - Securing POST /api/auth/login
23:15:03.134 DEBUG o.s.security.web.FilterChainProxy - Securing POST /api/auth/login
23:15:03.134 DEBUG o.s.s.w.a.AnonymousAuthenticationFilter - Set SecurityContextHolder to anonymous SecurityContext
23:15:03.134 DEBUG o.s.security.web.FilterChainProxy - Securing POST /api/auth/login
23:15:03.134 DEBUG o.s.s.w.a.AnonymousAuthenticationFilter - Set SecurityContextHolder to anonymous SecurityContext
23:15:03.135 DEBUG o.s.s.w.a.AnonymousAuthenticationFilter - Set SecurityContextHolder to anonymous SecurityContext
23:15:03.135 DEBUG o.s.security.web.FilterChainProxy - Secured POST /api/auth/login
23:15:03.140 DEBUG o.s.security.web.FilterChainProxy - Securing POST /api/auth/login
23:15:03.141 DEBUG o.s.s.w.a.AnonymousAuthenticationFilter - Set SecurityContextHolder to anonymous SecurityContext
23:15:03.141 DEBUG o.s.security.web.FilterChainProxy - Secured POST /api/auth/login
23:15:03.142 DEBUG o.s.security.web.FilterChainProxy - Securing POST /api/auth/login
23:15:03.142 DEBUG o.s.s.w.a.AnonymousAuthenticationFilter - Set SecurityContextHolder to anonymous SecurityContext
23:15:03.143 DEBUG o.s.security.web.FilterChainProxy - Securing POST /api/auth/login
23:15:03.143 DEBUG o.s.s.w.a.AnonymousAuthenticationFilter - Set SecurityContextHolder to anonymous SecurityContext
23:15:03.143 DEBUG o.s.security.web.FilterChainProxy - Secured POST /api/auth/login
23:15:03.148 DEBUG o.s.security.web.FilterChainProxy - Securing POST /api/auth/login
23:15:03.149 DEBUG o.s.s.w.a.AnonymousAuthenticationFilter - Set SecurityContextHolder to anonymous SecurityContext
23:15:03.149 DEBUG o.s.security.web.FilterChainProxy - Secured POST /api/auth/login
23:15:03.151 DEBUG o.s.security.web.FilterChainProxy - Securing POST /api/auth/login
23:15:03.152 DEBUG o.s.s.w.a.AnonymousAuthenticationFilter - Set SecurityContextHolder to anonymous SecurityContext
23:15:03.152 DEBUG o.s.security.web.FilterChainProxy - Secured POST /api/auth/login
23:15:03.159 DEBUG o.s.security.web.FilterChainProxy - Securing POST /api/auth/login
23:15:03.159 DEBUG o.s.s.w.a.AnonymousAuthenticationFilter - Set SecurityContextHolder to anonymous SecurityContext
23:15:03.159 DEBUG o.s.security.web.FilterChainProxy - Secured POST /api/auth/login
23:15:03.161 DEBUG o.s.security.web.FilterChainProxy - Securing POST /api/auth/login
23:15:03.161 DEBUG o.s.s.w.a.AnonymousAuthenticationFilter - Set SecurityContextHolder to anonymous SecurityContext
23:15:03.161 DEBUG o.s.security.web.FilterChainProxy - Secured POST /api/auth/login
23:15:03.170 DEBUG o.s.security.web.FilterChainProxy - Securing POST /api/auth/login
23:15:03.171 DEBUG o.s.s.w.a.AnonymousAuthenticationFilter - Set SecurityContextHolder to anonymous SecurityContext
23:15:03.171 DEBUG o.s.security.web.FilterChainProxy - Secured POST /api/auth/login
23:15:03.178 DEBUG o.s.security.web.FilterChainProxy - Securing POST /api/auth/login
23:15:03.179 DEBUG o.s.s.w.a.AnonymousAuthenticationFilter - Set SecurityContextHolder to anonymous SecurityContext
23:15:03.179 DEBUG o.s.security.web.FilterChainProxy - Secured POST /api/auth/login
23:15:03.182 DEBUG o.s.security.web.FilterChainProxy - Securing POST /api/auth/login
23:15:03.182 DEBUG o.s.s.w.a.AnonymousAuthenticationFilter - Set SecurityContextHolder to anonymous SecurityContext
23:15:03.182 DEBUG o.s.security.web.FilterChainProxy - Secured POST /api/auth/login
23:15:03.189 DEBUG o.s.security.web.FilterChainProxy - Securing POST /api/auth/login
23:15:03.192 DEBUG o.s.s.w.a.AnonymousAuthenticationFilter - Set SecurityContextHolder to anonymous SecurityContext
23:15:03.193 DEBUG o.s.security.web.FilterChainProxy - Securing POST /api/auth/login
23:15:03.194 DEBUG o.s.s.w.a.AnonymousAuthenticationFilter - Set SecurityContextHolder to anonymous SecurityContext
23:15:03.194 DEBUG o.s.security.web.FilterChainProxy - Secured POST /api/auth/login
23:15:03.213 DEBUG o.s.security.web.FilterChainProxy - Securing POST /api/auth/login
23:15:03.213 DEBUG o.s.s.w.a.AnonymousAuthenticationFilter - Set SecurityContextHolder to anonymous SecurityContext
23:15:03.213 DEBUG o.s.security.web.FilterChainProxy - Secured POST /api/auth/login
23:15:03.246 DEBUG o.s.security.web.FilterChainProxy - Securing POST /api/auth/login
23:15:03.246 DEBUG o.s.s.w.a.AnonymousAuthenticationFilter - Set SecurityContextHolder to anonymous SecurityContext
23:15:03.247 DEBUG o.s.security.web.FilterChainProxy - Secured POST /api/auth/login
23:15:03.268 DEBUG o.s.security.web.FilterChainProxy - Securing POST /api/auth/login
23:15:03.269 DEBUG o.s.s.w.a.AnonymousAuthenticationFilter - Set SecurityContextHolder to anonymous SecurityContext
23:15:03.269 DEBUG o.s.security.web.FilterChainProxy - Secured POST /api/auth/login
23:15:03.303 DEBUG o.s.security.web.FilterChainProxy - Securing POST /api/auth/login
23:15:03.304 DEBUG o.s.s.w.a.AnonymousAuthenticationFilter - Set SecurityContextHolder to anonymous SecurityContext
23:15:03.304 DEBUG o.s.security.web.FilterChainProxy - Secured POST /api/auth/login
23:15:03.319 DEBUG o.s.security.web.FilterChainProxy - Securing POST /api/auth/login
23:15:03.320 DEBUG o.s.s.w.a.AnonymousAuthenticationFilter - Set SecurityContextHolder to anonymous SecurityContext
23:15:03.320 DEBUG o.s.security.web.FilterChainProxy - Secured POST /api/auth/login
23:15:03.359 DEBUG o.s.security.web.FilterChainProxy - Securing POST /api/auth/login
23:15:03.360 DEBUG o.s.s.w.a.AnonymousAuthenticationFilter - Set SecurityContextHolder to anonymous SecurityContext
23:15:03.361 DEBUG o.s.security.web.FilterChainProxy - Secured POST /api/auth/login
23:15:03.361 DEBUG o.s.security.web.FilterChainProxy - Securing POST /api/auth/login
23:15:03.362 DEBUG o.s.s.w.a.AnonymousAuthenticationFilter - Set SecurityContextHolder to anonymous SecurityContext
23:15:03.362 DEBUG o.s.security.web.FilterChainProxy - Secured POST /api/auth/login
23:15:03.367 DEBUG o.s.security.web.FilterChainProxy - Securing POST /api/auth/login
23:15:03.367 DEBUG o.s.s.w.a.AnonymousAuthenticationFilter - Set SecurityContextHolder to anonymous SecurityContext
23:15:03.367 DEBUG o.s.security.web.FilterChainProxy - Secured POST /api/auth/login
23:15:03.371 DEBUG o.s.security.web.FilterChainProxy - Securing POST /api/auth/login
23:15:03.372 DEBUG o.s.s.w.a.AnonymousAuthenticationFilter - Set SecurityContextHolder to anonymous SecurityContext
23:15:03.372 DEBUG o.s.security.web.FilterChainProxy - Secured POST /api/auth/login
23:15:03.404 DEBUG o.s.security.web.FilterChainProxy - Securing POST /api/auth/login
23:15:03.404 DEBUG o.s.s.w.a.AnonymousAuthenticationFilter - Set SecurityContextHolder to anonymous SecurityContext
23:15:03.405 DEBUG o.s.security.web.FilterChainProxy - Secured POST /api/auth/login
23:15:03.134 DEBUG o.s.security.web.FilterChainProxy - Secured POST /api/auth/login
23:15:03.135 DEBUG o.s.security.web.FilterChainProxy - Secured POST /api/auth/login
23:15:03.143 DEBUG o.s.security.web.FilterChainProxy - Secured POST /api/auth/login
23:15:03.171 DEBUG o.s.security.web.FilterChainProxy - Securing POST /api/auth/login
23:15:04.577 DEBUG o.s.s.w.a.AnonymousAuthenticationFilter - Set SecurityContextHolder to anonymous SecurityContext
23:15:04.577 DEBUG o.s.security.web.FilterChainProxy - Secured POST /api/auth/login
23:15:04.975 DEBUG o.s.security.web.FilterChainProxy - Secured POST /api/auth/login
23:15:04.975 DEBUG o.s.security.web.FilterChainProxy - Securing POST /api/auth/login
23:15:04.976 DEBUG o.s.s.w.a.AnonymousAuthenticationFilter - Set SecurityContextHolder to anonymous SecurityContext
23:15:04.976 DEBUG o.s.security.web.FilterChainProxy - Secured POST /api/auth/login
23:15:04.976 DEBUG o.s.security.web.FilterChainProxy - Securing POST /api/auth/login
23:15:04.977 DEBUG o.s.s.w.a.AnonymousAuthenticationFilter - Set SecurityContextHolder to anonymous SecurityContext
23:15:04.977 DEBUG o.s.security.web.FilterChainProxy - Secured POST /api/auth/login
23:15:04.978 DEBUG o.s.security.web.FilterChainProxy - Securing POST /api/auth/login
23:15:04.979 DEBUG o.s.s.w.a.AnonymousAuthenticationFilter - Set SecurityContextHolder to anonymous SecurityContext
23:15:04.979 DEBUG o.s.security.web.FilterChainProxy - Secured POST /api/auth/login
23:15:04.975 DEBUG o.s.security.web.FilterChainProxy - Securing POST /api/auth/login
23:15:04.983 DEBUG o.s.s.w.a.AnonymousAuthenticationFilter - Set SecurityContextHolder to anonymous SecurityContext
23:15:04.983 DEBUG o.s.security.web.FilterChainProxy - Secured POST /api/auth/login
23:15:04.984 DEBUG o.s.security.web.FilterChainProxy - Securing POST /api/auth/login
23:15:04.984 DEBUG o.s.s.w.a.AnonymousAuthenticationFilter - Set SecurityContextHolder to anonymous SecurityContext
23:15:04.984 DEBUG o.s.security.web.FilterChainProxy - Secured POST /api/auth/login
23:15:04.985 DEBUG o.s.security.web.FilterChainProxy - Securing POST /api/auth/login
23:15:04.985 DEBUG o.s.security.web.FilterChainProxy - Securing POST /api/auth/login
23:15:04.985 DEBUG o.s.s.w.a.AnonymousAuthenticationFilter - Set SecurityContextHolder to anonymous SecurityContext
23:15:04.985 DEBUG o.s.security.web.FilterChainProxy - Secured POST /api/auth/login
23:15:04.989 DEBUG o.s.security.web.FilterChainProxy - Securing POST /api/auth/login
23:15:04.975 DEBUG o.s.security.web.FilterChainProxy - Securing POST /api/auth/login
23:15:04.989 DEBUG o.s.s.w.a.AnonymousAuthenticationFilter - Set SecurityContextHolder to anonymous SecurityContext
23:15:04.985 DEBUG o.s.s.w.a.AnonymousAuthenticationFilter - Set SecurityContextHolder to anonymous SecurityContext
23:15:04.990 DEBUG o.s.security.web.FilterChainProxy - Secured POST /api/auth/login
23:15:04.990 DEBUG o.s.s.w.a.AnonymousAuthenticationFilter - Set SecurityContextHolder to anonymous SecurityContext
23:15:04.990 DEBUG o.s.security.web.FilterChainProxy - Secured POST /api/auth/login
23:15:04.990 DEBUG o.s.security.web.FilterChainProxy - Secured POST /api/auth/login
23:15:04.992 DEBUG o.s.security.web.FilterChainProxy - Securing POST /api/auth/login
23:15:04.993 DEBUG o.s.s.w.a.AnonymousAuthenticationFilter - Set SecurityContextHolder to anonymous SecurityContext
23:15:04.993 DEBUG o.s.security.web.FilterChainProxy - Secured POST /api/auth/login
23:15:04.994 DEBUG o.s.security.web.FilterChainProxy - Securing POST /api/auth/login
23:15:04.994 DEBUG o.s.s.w.a.AnonymousAuthenticationFilter - Set SecurityContextHolder to anonymous SecurityContext
23:15:04.994 DEBUG o.s.security.web.FilterChainProxy - Secured POST /api/auth/login
23:15:04.998 DEBUG o.s.security.web.FilterChainProxy - Securing POST /api/auth/login
23:15:04.999 DEBUG o.s.s.w.a.AnonymousAuthenticationFilter - Set SecurityContextHolder to anonymous SecurityContext
23:15:04.999 DEBUG o.s.security.web.FilterChainProxy - Secured POST /api/auth/login
23:15:05.007 DEBUG o.s.security.web.FilterChainProxy - Securing POST /api/auth/login
23:15:05.007 DEBUG o.s.s.w.a.AnonymousAuthenticationFilter - Set SecurityContextHolder to anonymous SecurityContext
23:15:05.008 DEBUG o.s.security.web.FilterChainProxy - Secured POST /api/auth/login
23:15:05.012 DEBUG o.s.security.web.FilterChainProxy - Securing POST /api/auth/login
23:15:05.013 DEBUG o.s.s.w.a.AnonymousAuthenticationFilter - Set SecurityContextHolder to anonymous SecurityContext
23:15:05.013 DEBUG o.s.security.web.FilterChainProxy - Secured POST /api/auth/login
23:15:05.015 DEBUG o.s.security.web.FilterChainProxy - Securing POST /api/auth/login
23:15:05.015 DEBUG o.s.s.w.a.AnonymousAuthenticationFilter - Set SecurityContextHolder to anonymous SecurityContext
23:15:05.015 DEBUG o.s.security.web.FilterChainProxy - Secured POST /api/auth/login
23:15:05.020 DEBUG o.s.security.web.FilterChainProxy - Securing POST /api/auth/login
23:15:05.020 DEBUG o.s.security.web.FilterChainProxy - Securing POST /api/auth/login
23:15:05.020 DEBUG o.s.s.w.a.AnonymousAuthenticationFilter - Set SecurityContextHolder to anonymous SecurityContext
23:15:05.020 DEBUG o.s.s.w.a.AnonymousAuthenticationFilter - Set SecurityContextHolder to anonymous SecurityContext
23:15:05.020 DEBUG o.s.security.web.FilterChainProxy - Secured POST /api/auth/login
23:15:05.021 DEBUG o.s.security.web.FilterChainProxy - Securing POST /api/auth/login
23:15:05.021 DEBUG o.s.s.w.a.AnonymousAuthenticationFilter - Set SecurityContextHolder to anonymous SecurityContext
23:15:05.021 DEBUG o.s.security.web.FilterChainProxy - Secured POST /api/auth/login
23:15:05.022 DEBUG o.s.security.web.FilterChainProxy - Securing POST /api/auth/login
23:15:05.022 DEBUG o.s.s.w.a.AnonymousAuthenticationFilter - Set SecurityContextHolder to anonymous SecurityContext
23:15:05.022 DEBUG o.s.security.web.FilterChainProxy - Secured POST /api/auth/login
23:15:05.025 DEBUG o.s.security.web.FilterChainProxy - Securing POST /api/auth/login
23:15:05.026 DEBUG o.s.s.w.a.AnonymousAuthenticationFilter - Set SecurityContextHolder to anonymous SecurityContext
23:15:05.026 DEBUG o.s.security.web.FilterChainProxy - Secured POST /api/auth/login
23:15:05.026 DEBUG o.s.security.web.FilterChainProxy - Securing POST /api/auth/login
23:15:05.027 DEBUG o.s.s.w.a.AnonymousAuthenticationFilter - Set SecurityContextHolder to anonymous SecurityContext
23:15:05.027 DEBUG o.s.security.web.FilterChainProxy - Secured POST /api/auth/login
23:15:05.029 DEBUG o.s.security.web.FilterChainProxy - Securing POST /api/auth/login
23:15:05.029 DEBUG o.s.s.w.a.AnonymousAuthenticationFilter - Set SecurityContextHolder to anonymous SecurityContext
23:15:05.031 DEBUG o.s.security.web.FilterChainProxy - Secured POST /api/auth/login
23:15:05.035 DEBUG o.s.security.web.FilterChainProxy - Securing POST /api/auth/login
23:15:05.035 DEBUG o.s.s.w.a.AnonymousAuthenticationFilter - Set SecurityContextHolder to anonymous SecurityContext
23:15:05.035 DEBUG o.s.security.web.FilterChainProxy - Securing POST /api/auth/login
23:15:05.036 DEBUG o.s.s.w.a.AnonymousAuthenticationFilter - Set SecurityContextHolder to anonymous SecurityContext
23:15:05.036 DEBUG o.s.security.web.FilterChainProxy - Secured POST /api/auth/login
23:15:05.038 DEBUG o.s.security.web.FilterChainProxy - Securing POST /api/auth/login
23:15:05.039 DEBUG o.s.s.w.a.AnonymousAuthenticationFilter - Set SecurityContextHolder to anonymous SecurityContext
23:15:05.039 DEBUG o.s.security.web.FilterChainProxy - Secured POST /api/auth/login
23:15:05.039 DEBUG o.s.security.web.FilterChainProxy - Securing POST /api/auth/login
23:15:05.040 DEBUG o.s.s.w.a.AnonymousAuthenticationFilter - Set SecurityContextHolder to anonymous SecurityContext
23:15:05.040 DEBUG o.s.security.web.FilterChainProxy - Secured POST /api/auth/login
23:15:05.040 DEBUG o.s.security.web.FilterChainProxy - Securing POST /api/auth/login
23:15:05.041 DEBUG o.s.s.w.a.AnonymousAuthenticationFilter - Set SecurityContextHolder to anonymous SecurityContext
23:15:05.041 DEBUG o.s.security.web.FilterChainProxy - Secured POST /api/auth/login
23:15:05.048 DEBUG o.s.security.web.FilterChainProxy - Securing POST /api/auth/login
23:15:05.048 DEBUG o.s.s.w.a.AnonymousAuthenticationFilter - Set SecurityContextHolder to anonymous SecurityContext
23:15:05.049 DEBUG o.s.security.web.FilterChainProxy - Secured POST /api/auth/login
23:15:05.050 DEBUG o.s.security.web.FilterChainProxy - Securing POST /api/auth/login
23:15:05.050 DEBUG o.s.s.w.a.AnonymousAuthenticationFilter - Set SecurityContextHolder to anonymous SecurityContext
23:15:05.051 DEBUG o.s.security.web.FilterChainProxy - Secured POST /api/auth/login
23:15:05.053 DEBUG o.s.security.web.FilterChainProxy - Securing POST /api/auth/login
23:15:05.053 DEBUG o.s.s.w.a.AnonymousAuthenticationFilter - Set SecurityContextHolder to anonymous SecurityContext
23:15:05.053 DEBUG o.s.security.web.FilterChainProxy - Secured POST /api/auth/login
23:15:05.057 DEBUG o.s.security.web.FilterChainProxy - Securing POST /api/auth/login
23:15:05.057 DEBUG o.s.s.w.a.AnonymousAuthenticationFilter - Set SecurityContextHolder to anonymous SecurityContext
23:15:05.057 DEBUG o.s.security.web.FilterChainProxy - Secured POST /api/auth/login
23:15:05.065 DEBUG o.s.security.web.FilterChainProxy - Securing POST /api/auth/login
23:15:05.066 DEBUG o.s.s.w.a.AnonymousAuthenticationFilter - Set SecurityContextHolder to anonymous SecurityContext
23:15:05.066 DEBUG o.s.security.web.FilterChainProxy - Secured POST /api/auth/login
23:15:05.067 DEBUG o.s.security.web.FilterChainProxy - Securing POST /api/auth/login
23:15:05.067 DEBUG o.s.s.w.a.AnonymousAuthenticationFilter - Set SecurityContextHolder to anonymous SecurityContext
23:15:05.068 DEBUG o.s.security.web.FilterChainProxy - Secured POST /api/auth/login
23:15:05.071 DEBUG o.s.security.web.FilterChainProxy - Securing POST /api/auth/login
23:15:05.071 DEBUG o.s.s.w.a.AnonymousAuthenticationFilter - Set SecurityContextHolder to anonymous SecurityContext
23:15:05.071 DEBUG o.s.security.web.FilterChainProxy - Secured POST /api/auth/login
23:15:05.079 DEBUG o.s.security.web.FilterChainProxy - Securing POST /api/auth/login
23:15:05.080 DEBUG o.s.s.w.a.AnonymousAuthenticationFilter - Set SecurityContextHolder to anonymous SecurityContext
23:15:05.081 DEBUG o.s.security.web.FilterChainProxy - Secured POST /api/auth/login
23:15:05.081 DEBUG o.s.security.web.FilterChainProxy - Securing POST /api/auth/login
23:15:05.081 DEBUG o.s.s.w.a.AnonymousAuthenticationFilter - Set SecurityContextHolder to anonymous SecurityContext
23:15:05.081 DEBUG o.s.security.web.FilterChainProxy - Secured POST /api/auth/login
23:15:05.082 DEBUG o.s.security.web.FilterChainProxy - Securing POST /api/auth/login
23:15:05.082 DEBUG o.s.s.w.a.AnonymousAuthenticationFilter - Set SecurityContextHolder to anonymous SecurityContext
23:15:05.082 DEBUG o.s.security.web.FilterChainProxy - Secured POST /api/auth/login
23:15:05.088 DEBUG o.s.security.web.FilterChainProxy - Securing POST /api/auth/login
23:15:05.089 DEBUG o.s.s.w.a.AnonymousAuthenticationFilter - Set SecurityContextHolder to anonymous SecurityContext
23:15:05.089 DEBUG o.s.security.web.FilterChainProxy - Secured POST /api/auth/login
23:15:05.091 DEBUG o.s.security.web.FilterChainProxy - Securing POST /api/auth/login
23:15:05.091 DEBUG o.s.s.w.a.AnonymousAuthenticationFilter - Set SecurityContextHolder to anonymous SecurityContext
23:15:05.092 DEBUG o.s.security.web.FilterChainProxy - Secured POST /api/auth/login
23:15:05.095 DEBUG o.s.security.web.FilterChainProxy - Securing POST /api/auth/login
23:15:05.095 DEBUG o.s.s.w.a.AnonymousAuthenticationFilter - Set SecurityContextHolder to anonymous SecurityContext
23:15:05.096 DEBUG o.s.security.web.FilterChainProxy - Secured POST /api/auth/login
23:15:05.102 DEBUG o.s.security.web.FilterChainProxy - Securing POST /api/auth/login
23:15:05.102 DEBUG o.s.s.w.a.AnonymousAuthenticationFilter - Set SecurityContextHolder to anonymous SecurityContext
23:15:05.103 DEBUG o.s.security.web.FilterChainProxy - Secured POST /api/auth/login
23:15:05.105 DEBUG o.s.security.web.FilterChainProxy - Securing POST /api/auth/login
23:15:05.106 DEBUG o.s.s.w.a.AnonymousAuthenticationFilter - Set SecurityContextHolder to anonymous SecurityContext
23:15:05.106 DEBUG o.s.security.web.FilterChainProxy - Secured POST /api/auth/login
23:15:05.108 DEBUG o.s.security.web.FilterChainProxy - Securing POST /api/auth/login
23:15:05.109 DEBUG o.s.s.w.a.AnonymousAuthenticationFilter - Set SecurityContextHolder to anonymous SecurityContext
23:15:05.109 DEBUG o.s.security.web.FilterChainProxy - Secured POST /api/auth/login
23:15:05.110 DEBUG o.s.security.web.FilterChainProxy - Securing POST /api/auth/login
23:15:05.110 DEBUG o.s.s.w.a.AnonymousAuthenticationFilter - Set SecurityContextHolder to anonymous SecurityContext
23:15:05.111 DEBUG o.s.security.web.FilterChainProxy - Secured POST /api/auth/login
23:15:05.112 DEBUG o.s.security.web.FilterChainProxy - Securing POST /api/auth/login
23:15:05.113 DEBUG o.s.s.w.a.AnonymousAuthenticationFilter - Set SecurityContextHolder to anonymous SecurityContext
23:15:05.113 DEBUG o.s.security.web.FilterChainProxy - Secured POST /api/auth/login
23:15:05.118 DEBUG o.s.security.web.FilterChainProxy - Securing POST /api/auth/login
23:15:05.119 DEBUG o.s.security.web.FilterChainProxy - Securing POST /api/auth/login
23:15:05.119 DEBUG o.s.s.w.a.AnonymousAuthenticationFilter - Set SecurityContextHolder to anonymous SecurityContext
23:15:05.119 DEBUG o.s.security.web.FilterChainProxy - Secured POST /api/auth/login
23:15:05.123 DEBUG o.s.security.web.FilterChainProxy - Securing POST /api/auth/login
23:15:05.123 DEBUG o.s.s.w.a.AnonymousAuthenticationFilter - Set SecurityContextHolder to anonymous SecurityContext
23:15:05.123 DEBUG o.s.security.web.FilterChainProxy - Secured POST /api/auth/login
23:15:05.124 DEBUG o.s.security.web.FilterChainProxy - Securing POST /api/auth/login
23:15:05.125 DEBUG o.s.s.w.a.AnonymousAuthenticationFilter - Set SecurityContextHolder to anonymous SecurityContext
23:15:05.125 DEBUG o.s.security.web.FilterChainProxy - Secured POST /api/auth/login
23:15:05.126 DEBUG o.s.security.web.FilterChainProxy - Securing POST /api/auth/login
23:15:05.127 DEBUG o.s.s.w.a.AnonymousAuthenticationFilter - Set SecurityContextHolder to anonymous SecurityContext
23:15:05.127 DEBUG o.s.security.web.FilterChainProxy - Secured POST /api/auth/login
23:15:05.138 DEBUG o.s.security.web.FilterChainProxy - Securing POST /api/auth/login
23:15:05.138 DEBUG o.s.s.w.a.AnonymousAuthenticationFilter - Set SecurityContextHolder to anonymous SecurityContext
23:15:05.138 DEBUG o.s.security.web.FilterChainProxy - Secured POST /api/auth/login
23:15:05.145 DEBUG o.s.security.web.FilterChainProxy - Securing POST /api/auth/login
23:15:05.146 DEBUG o.s.s.w.a.AnonymousAuthenticationFilter - Set SecurityContextHolder to anonymous SecurityContext
23:15:05.147 DEBUG o.s.security.web.FilterChainProxy - Secured POST /api/auth/login
23:15:05.154 DEBUG o.s.security.web.FilterChainProxy - Securing POST /api/auth/login
23:15:05.154 DEBUG o.s.s.w.a.AnonymousAuthenticationFilter - Set SecurityContextHolder to anonymous SecurityContext
23:15:05.154 DEBUG o.s.security.web.FilterChainProxy - Secured POST /api/auth/login
23:15:05.161 DEBUG o.s.security.web.FilterChainProxy - Securing POST /api/auth/login
23:15:05.161 DEBUG o.s.s.w.a.AnonymousAuthenticationFilter - Set SecurityContextHolder to anonymous SecurityContext
23:15:05.161 DEBUG o.s.security.web.FilterChainProxy - Secured POST /api/auth/login
23:15:05.165 DEBUG o.s.security.web.FilterChainProxy - Securing POST /api/auth/login
23:15:05.166 DEBUG o.s.s.w.a.AnonymousAuthenticationFilter - Set SecurityContextHolder to anonymous SecurityContext
23:15:05.166 DEBUG o.s.security.web.FilterChainProxy - Secured POST /api/auth/login
23:15:05.175 DEBUG o.s.security.web.FilterChainProxy - Securing POST /api/auth/login
23:15:05.176 DEBUG o.s.s.w.a.AnonymousAuthenticationFilter - Set SecurityContextHolder to anonymous SecurityContext
23:15:05.176 DEBUG o.s.security.web.FilterChainProxy - Secured POST /api/auth/login
23:15:05.214 DEBUG o.s.security.web.FilterChainProxy - Securing POST /api/auth/login
23:15:05.215 DEBUG o.s.security.web.FilterChainProxy - Securing POST /api/auth/login
23:15:05.215 DEBUG o.s.s.w.a.AnonymousAuthenticationFilter - Set SecurityContextHolder to anonymous SecurityContext
23:15:05.215 DEBUG o.s.s.w.a.AnonymousAuthenticationFilter - Set SecurityContextHolder to anonymous SecurityContext
23:15:05.215 DEBUG o.s.security.web.FilterChainProxy - Secured POST /api/auth/login
23:15:05.228 DEBUG o.s.security.web.FilterChainProxy - Securing POST /api/auth/login
23:15:05.228 DEBUG o.s.s.w.a.AnonymousAuthenticationFilter - Set SecurityContextHolder to anonymous SecurityContext
23:15:05.228 DEBUG o.s.security.web.FilterChainProxy - Secured POST /api/auth/login
23:15:05.249 DEBUG o.s.security.web.FilterChainProxy - Securing POST /api/auth/login
23:15:05.249 DEBUG o.s.s.w.a.AnonymousAuthenticationFilter - Set SecurityContextHolder to anonymous SecurityContext
23:15:05.249 DEBUG o.s.security.web.FilterChainProxy - Secured POST /api/auth/login
23:15:05.264 DEBUG o.s.s.a.d.DaoAuthenticationProvider - Authenticated user
23:15:05.266 DEBUG o.s.security.web.FilterChainProxy - Securing POST /api/auth/login
23:15:05.268 DEBUG o.s.s.w.a.AnonymousAuthenticationFilter - Set SecurityContextHolder to anonymous SecurityContext
23:15:05.268 DEBUG o.s.security.web.FilterChainProxy - Secured POST /api/auth/login
23:15:05.268 DEBUG o.s.security.web.FilterChainProxy - Securing POST /api/auth/login
23:15:05.268 DEBUG o.s.s.w.a.AnonymousAuthenticationFilter - Set SecurityContextHolder to anonymous SecurityContext
23:15:05.268 DEBUG o.s.security.web.FilterChainProxy - Secured POST /api/auth/login
23:15:05.314 DEBUG o.s.security.web.FilterChainProxy - Securing POST /api/auth/login
23:15:05.314 DEBUG o.s.s.w.a.AnonymousAuthenticationFilter - Set SecurityContextHolder to anonymous SecurityContext
23:15:05.314 DEBUG o.s.security.web.FilterChainProxy - Secured POST /api/auth/login
23:15:05.314 DEBUG o.s.security.web.FilterChainProxy - Securing POST /api/auth/login
23:15:05.314 DEBUG o.s.s.w.a.AnonymousAuthenticationFilter - Set SecurityContextHolder to anonymous SecurityContext
23:15:05.314 DEBUG o.s.security.web.FilterChainProxy - Secured POST /api/auth/login
23:15:05.314 DEBUG o.s.security.web.FilterChainProxy - Securing POST /api/auth/login
23:15:05.325 DEBUG o.s.s.w.a.AnonymousAuthenticationFilter - Set SecurityContextHolder to anonymous SecurityContext
23:15:05.326 DEBUG o.s.security.web.FilterChainProxy - Secured POST /api/auth/login
23:15:05.020 DEBUG o.s.security.web.FilterChainProxy - Secured POST /api/auth/login
23:15:05.035 DEBUG o.s.security.web.FilterChainProxy - Secured POST /api/auth/login
23:15:05.082 DEBUG o.s.security.web.FilterChainProxy - Securing POST /api/auth/login
23:15:05.329 DEBUG o.s.s.w.a.AnonymousAuthenticationFilter - Set SecurityContextHolder to anonymous SecurityContext
23:15:05.330 DEBUG o.s.security.web.FilterChainProxy - Secured POST /api/auth/login
23:15:05.119 DEBUG o.s.s.w.a.AnonymousAuthenticationFilter - Set SecurityContextHolder to anonymous SecurityContext
23:15:05.330 DEBUG o.s.security.web.FilterChainProxy - Secured POST /api/auth/login
23:15:05.331 DEBUG o.s.security.web.FilterChainProxy - Securing POST /api/auth/login
23:15:05.331 DEBUG o.s.s.w.a.AnonymousAuthenticationFilter - Set SecurityContextHolder to anonymous SecurityContext
23:15:05.332 DEBUG o.s.security.web.FilterChainProxy - Secured POST /api/auth/login
23:15:05.215 DEBUG o.s.security.web.FilterChainProxy - Secured POST /api/auth/login
23:15:05.406 DEBUG o.s.security.web.FilterChainProxy - Securing POST /api/auth/login
23:15:05.409 DEBUG o.s.s.w.a.AnonymousAuthenticationFilter - Set SecurityContextHolder to anonymous SecurityContext
23:15:05.409 DEBUG o.s.security.web.FilterChainProxy - Secured POST /api/auth/login
23:15:05.454 DEBUG o.s.security.web.FilterChainProxy - Securing POST /api/auth/login
23:15:05.454 DEBUG o.s.s.w.a.AnonymousAuthenticationFilter - Set SecurityContextHolder to anonymous SecurityContext
23:15:05.454 DEBUG o.s.security.web.FilterChainProxy - Secured POST /api/auth/login
23:15:05.482 DEBUG o.s.security.web.FilterChainProxy - Securing POST /api/auth/login
23:15:05.482 DEBUG o.s.security.web.FilterChainProxy - Securing POST /api/auth/login
23:15:05.482 DEBUG o.s.security.web.FilterChainProxy - Securing POST /api/auth/login
23:15:05.482 DEBUG o.s.s.w.a.AnonymousAuthenticationFilter - Set SecurityContextHolder to anonymous SecurityContext
23:15:05.482 DEBUG o.s.s.w.a.AnonymousAuthenticationFilter - Set SecurityContextHolder to anonymous SecurityContext
23:15:05.482 DEBUG o.s.s.w.a.AnonymousAuthenticationFilter - Set SecurityContextHolder to anonymous SecurityContext
23:15:05.482 DEBUG o.s.security.web.FilterChainProxy - Secured POST /api/auth/login
23:15:05.482 DEBUG o.s.security.web.FilterChainProxy - Secured POST /api/auth/login
23:15:05.482 DEBUG o.s.security.web.FilterChainProxy - Securing POST /api/auth/login
23:15:05.482 DEBUG o.s.security.web.FilterChainProxy - Securing POST /api/auth/login
23:15:05.482 DEBUG o.s.security.web.FilterChainProxy - Securing POST /api/auth/login
23:15:05.482 DEBUG o.s.s.w.a.AnonymousAuthenticationFilter - Set SecurityContextHolder to anonymous SecurityContext
23:15:05.482 DEBUG o.s.s.w.a.AnonymousAuthenticationFilter - Set SecurityContextHolder to anonymous SecurityContext
23:15:05.482 DEBUG o.s.security.web.FilterChainProxy - Secured POST /api/auth/login
23:15:05.482 DEBUG o.s.security.web.FilterChainProxy - Secured POST /api/auth/login
23:15:05.482 DEBUG o.s.security.web.FilterChainProxy - Secured POST /api/auth/login
23:15:05.482 DEBUG o.s.s.w.a.AnonymousAuthenticationFilter - Set SecurityContextHolder to anonymous SecurityContext
23:15:05.485 DEBUG o.s.security.web.FilterChainProxy - Secured POST /api/auth/login
23:15:05.482 DEBUG o.s.security.web.FilterChainProxy - Securing POST /api/auth/login
23:15:05.486 DEBUG o.s.s.w.a.AnonymousAuthenticationFilter - Set SecurityContextHolder to anonymous SecurityContext
23:15:05.485 DEBUG o.s.security.web.FilterChainProxy - Securing POST /api/auth/login
23:15:05.486 DEBUG o.s.security.web.FilterChainProxy - Secured POST /api/auth/login
23:15:05.486 DEBUG o.s.s.w.a.AnonymousAuthenticationFilter - Set SecurityContextHolder to anonymous SecurityContext
23:15:05.486 DEBUG o.s.security.web.FilterChainProxy - Secured POST /api/auth/login
23:15:05.488 DEBUG o.s.security.web.FilterChainProxy - Securing POST /api/auth/login
23:15:05.489 DEBUG o.s.s.w.a.AnonymousAuthenticationFilter - Set SecurityContextHolder to anonymous SecurityContext
23:15:05.489 DEBUG o.s.security.web.FilterChainProxy - Secured POST /api/auth/login
23:15:05.485 DEBUG o.s.security.web.FilterChainProxy - Securing POST /api/auth/login
23:15:05.489 DEBUG o.s.s.w.a.AnonymousAuthenticationFilter - Set SecurityContextHolder to anonymous SecurityContext
23:15:05.489 DEBUG o.s.security.web.FilterChainProxy - Securing POST /api/auth/login
23:15:05.489 DEBUG o.s.security.web.FilterChainProxy - Secured POST /api/auth/login
23:15:05.490 DEBUG o.s.s.w.a.AnonymousAuthenticationFilter - Set SecurityContextHolder to anonymous SecurityContext
23:15:05.490 DEBUG o.s.security.web.FilterChainProxy - Secured POST /api/auth/login
23:15:05.486 DEBUG o.s.security.web.FilterChainProxy - Securing POST /api/auth/login
23:15:05.493 DEBUG o.s.security.web.FilterChainProxy - Securing POST /api/auth/login
23:15:05.493 DEBUG o.s.s.w.a.AnonymousAuthenticationFilter - Set SecurityContextHolder to anonymous SecurityContext
23:15:05.493 DEBUG o.s.s.w.a.AnonymousAuthenticationFilter - Set SecurityContextHolder to anonymous SecurityContext
23:15:05.493 DEBUG o.s.security.web.FilterChainProxy - Secured POST /api/auth/login
23:15:05.493 DEBUG o.s.security.web.FilterChainProxy - Secured POST /api/auth/login
23:15:05.495 DEBUG o.s.security.web.FilterChainProxy - Securing POST /api/auth/login
23:15:05.496 DEBUG o.s.security.web.FilterChainProxy - Securing POST /api/auth/login
23:15:05.496 DEBUG o.s.s.w.a.AnonymousAuthenticationFilter - Set SecurityContextHolder to anonymous SecurityContext
23:15:05.496 DEBUG o.s.s.w.a.AnonymousAuthenticationFilter - Set SecurityContextHolder to anonymous SecurityContext
23:15:05.496 DEBUG o.s.security.web.FilterChainProxy - Secured POST /api/auth/login
23:15:05.498 DEBUG o.s.security.web.FilterChainProxy - Securing POST /api/auth/login
23:15:05.499 DEBUG o.s.s.w.a.AnonymousAuthenticationFilter - Set SecurityContextHolder to anonymous SecurityContext
23:15:05.499 DEBUG o.s.security.web.FilterChainProxy - Secured POST /api/auth/login
23:15:05.496 DEBUG o.s.security.web.FilterChainProxy - Secured POST /api/auth/login
23:15:05.499 DEBUG o.s.security.web.FilterChainProxy - Securing POST /api/auth/login
23:15:05.501 DEBUG o.s.s.w.a.AnonymousAuthenticationFilter - Set SecurityContextHolder to anonymous SecurityContext
23:15:05.502 DEBUG o.s.security.web.FilterChainProxy - Secured POST /api/auth/login
23:15:05.504 DEBUG o.s.security.web.FilterChainProxy - Securing POST /api/auth/login
23:15:05.504 DEBUG o.s.s.w.a.AnonymousAuthenticationFilter - Set SecurityContextHolder to anonymous SecurityContext
23:15:05.505 DEBUG o.s.security.web.FilterChainProxy - Secured POST /api/auth/login
23:15:05.505 DEBUG o.s.security.web.FilterChainProxy - Securing POST /api/auth/login
23:15:05.505 DEBUG o.s.s.w.a.AnonymousAuthenticationFilter - Set SecurityContextHolder to anonymous SecurityContext
23:15:05.505 DEBUG o.s.security.web.FilterChainProxy - Secured POST /api/auth/login
23:15:05.505 DEBUG o.s.security.web.FilterChainProxy - Securing POST /api/auth/login
23:15:05.505 DEBUG o.s.s.w.a.AnonymousAuthenticationFilter - Set SecurityContextHolder to anonymous SecurityContext
23:15:05.505 DEBUG o.s.security.web.FilterChainProxy - Secured POST /api/auth/login
23:15:05.511 DEBUG o.s.security.web.FilterChainProxy - Securing POST /api/auth/login
23:15:05.511 DEBUG o.s.s.w.a.AnonymousAuthenticationFilter - Set SecurityContextHolder to anonymous SecurityContext
23:15:05.511 DEBUG o.s.security.web.FilterChainProxy - Secured POST /api/auth/login
23:15:05.513 DEBUG o.s.security.web.FilterChainProxy - Securing POST /api/auth/login
23:15:05.513 DEBUG o.s.s.w.a.AnonymousAuthenticationFilter - Set SecurityContextHolder to anonymous SecurityContext
23:15:05.513 DEBUG o.s.security.web.FilterChainProxy - Secured POST /api/auth/login
23:15:05.514 DEBUG o.s.security.web.FilterChainProxy - Securing POST /api/auth/login
23:15:05.514 DEBUG o.s.s.w.a.AnonymousAuthenticationFilter - Set SecurityContextHolder to anonymous SecurityContext
23:15:05.514 DEBUG o.s.security.web.FilterChainProxy - Securing POST /api/auth/login
23:15:05.516 DEBUG o.s.s.w.a.AnonymousAuthenticationFilter - Set SecurityContextHolder to anonymous SecurityContext
23:15:05.516 DEBUG o.s.security.web.FilterChainProxy - Secured POST /api/auth/login
23:15:05.516 DEBUG o.s.security.web.FilterChainProxy - Securing POST /api/auth/login
23:15:05.514 DEBUG o.s.security.web.FilterChainProxy - Secured POST /api/auth/login
23:15:05.517 DEBUG o.s.s.w.a.AnonymousAuthenticationFilter - Set SecurityContextHolder to anonymous SecurityContext
23:15:05.517 DEBUG o.s.security.web.FilterChainProxy - Secured POST /api/auth/login
23:15:05.518 DEBUG o.s.security.web.FilterChainProxy - Securing POST /api/auth/login
23:15:05.518 DEBUG o.s.s.w.a.AnonymousAuthenticationFilter - Set SecurityContextHolder to anonymous SecurityContext
23:15:05.518 DEBUG o.s.security.web.FilterChainProxy - Secured POST /api/auth/login
23:15:05.518 DEBUG o.s.security.web.FilterChainProxy - Securing POST /api/auth/login
23:15:05.520 DEBUG o.s.s.w.a.AnonymousAuthenticationFilter - Set SecurityContextHolder to anonymous SecurityContext
23:15:05.520 DEBUG o.s.security.web.FilterChainProxy - Secured POST /api/auth/login
23:15:05.522 DEBUG o.s.security.web.FilterChainProxy - Securing POST /api/auth/login
23:15:05.524 DEBUG o.s.s.w.a.AnonymousAuthenticationFilter - Set SecurityContextHolder to anonymous SecurityContext
23:15:05.524 DEBUG o.s.security.web.FilterChainProxy - Secured POST /api/auth/login
23:15:05.525 DEBUG o.s.security.web.FilterChainProxy - Securing POST /api/auth/login
23:15:05.525 DEBUG o.s.s.w.a.AnonymousAuthenticationFilter - Set SecurityContextHolder to anonymous SecurityContext
23:15:05.525 DEBUG o.s.security.web.FilterChainProxy - Secured POST /api/auth/login
23:15:05.529 DEBUG o.s.security.web.FilterChainProxy - Securing POST /api/auth/login
23:15:05.530 DEBUG o.s.s.w.a.AnonymousAuthenticationFilter - Set SecurityContextHolder to anonymous SecurityContext
23:15:05.530 DEBUG o.s.security.web.FilterChainProxy - Secured POST /api/auth/login
23:15:05.530 DEBUG o.s.security.web.FilterChainProxy - Securing POST /api/auth/login
23:15:05.531 DEBUG o.s.s.w.a.AnonymousAuthenticationFilter - Set SecurityContextHolder to anonymous SecurityContext
23:15:05.531 DEBUG o.s.security.web.FilterChainProxy - Secured POST /api/auth/login
23:15:05.533 DEBUG o.s.security.web.FilterChainProxy - Securing POST /api/auth/login
23:15:05.533 DEBUG o.s.security.web.FilterChainProxy - Securing POST /api/auth/login
23:15:05.533 DEBUG o.s.s.w.a.AnonymousAuthenticationFilter - Set SecurityContextHolder to anonymous SecurityContext
23:15:05.533 DEBUG o.s.security.web.FilterChainProxy - Secured POST /api/auth/login
23:15:05.533 DEBUG o.s.s.w.a.AnonymousAuthenticationFilter - Set SecurityContextHolder to anonymous SecurityContext
23:15:05.535 DEBUG o.s.security.web.FilterChainProxy - Secured POST /api/auth/login
23:15:05.538 DEBUG o.s.security.web.FilterChainProxy - Securing POST /api/auth/login
23:15:05.535 DEBUG o.s.security.web.FilterChainProxy - Securing POST /api/auth/login
23:15:05.539 DEBUG o.s.s.w.a.AnonymousAuthenticationFilter - Set SecurityContextHolder to anonymous SecurityContext
23:15:05.539 DEBUG o.s.security.web.FilterChainProxy - Secured POST /api/auth/login
23:15:05.538 DEBUG o.s.s.w.a.AnonymousAuthenticationFilter - Set SecurityContextHolder to anonymous SecurityContext
23:15:05.543 DEBUG o.s.security.web.FilterChainProxy - Secured POST /api/auth/login
23:15:05.543 DEBUG o.s.security.web.FilterChainProxy - Securing POST /api/auth/login
23:15:05.543 DEBUG o.s.s.w.a.AnonymousAuthenticationFilter - Set SecurityContextHolder to anonymous SecurityContext
23:15:05.543 DEBUG o.s.security.web.FilterChainProxy - Securing POST /api/auth/login
23:15:05.543 DEBUG o.s.security.web.FilterChainProxy - Secured POST /api/auth/login
23:15:05.543 DEBUG o.s.s.w.a.AnonymousAuthenticationFilter - Set SecurityContextHolder to anonymous SecurityContext
23:15:05.544 DEBUG o.s.security.web.FilterChainProxy - Secured POST /api/auth/login
23:15:05.546 DEBUG o.s.security.web.FilterChainProxy - Securing POST /api/auth/login
23:15:05.546 DEBUG o.s.security.web.FilterChainProxy - Securing POST /api/auth/login
23:15:05.546 DEBUG o.s.s.w.a.AnonymousAuthenticationFilter - Set SecurityContextHolder to anonymous SecurityContext
23:15:05.547 DEBUG o.s.security.web.FilterChainProxy - Secured POST /api/auth/login
23:15:05.547 DEBUG o.s.s.w.a.AnonymousAuthenticationFilter - Set SecurityContextHolder to anonymous SecurityContext
23:15:05.547 DEBUG o.s.security.web.FilterChainProxy - Secured POST /api/auth/login
23:15:05.549 DEBUG o.s.security.web.FilterChainProxy - Securing POST /api/auth/login
23:15:05.550 DEBUG o.s.s.w.a.AnonymousAuthenticationFilter - Set SecurityContextHolder to anonymous SecurityContext
23:15:05.550 DEBUG o.s.security.web.FilterChainProxy - Secured POST /api/auth/login
23:15:05.553 DEBUG o.s.security.web.FilterChainProxy - Securing POST /api/auth/login
23:15:05.553 DEBUG o.s.s.w.a.AnonymousAuthenticationFilter - Set SecurityContextHolder to anonymous SecurityContext
23:15:05.553 DEBUG o.s.security.web.FilterChainProxy - Secured POST /api/auth/login
23:15:05.554 DEBUG o.s.security.web.FilterChainProxy - Securing POST /api/auth/login
23:15:05.554 DEBUG o.s.s.w.a.AnonymousAuthenticationFilter - Set SecurityContextHolder to anonymous SecurityContext
23:15:05.554 DEBUG o.s.security.web.FilterChainProxy - Secured POST /api/auth/login
23:15:05.556 DEBUG o.s.security.web.FilterChainProxy - Securing POST /api/auth/login
23:15:05.557 DEBUG o.s.s.w.a.AnonymousAuthenticationFilter - Set SecurityContextHolder to anonymous SecurityContext
23:15:05.557 DEBUG o.s.security.web.FilterChainProxy - Secured POST /api/auth/login
23:15:05.558 DEBUG o.s.security.web.FilterChainProxy - Securing POST /api/auth/login
23:15:05.559 DEBUG o.s.s.w.a.AnonymousAuthenticationFilter - Set SecurityContextHolder to anonymous SecurityContext
23:15:05.559 DEBUG o.s.security.web.FilterChainProxy - Secured POST /api/auth/login
23:15:05.564 DEBUG o.s.security.web.FilterChainProxy - Securing POST /api/auth/login
23:15:05.564 DEBUG o.s.s.w.a.AnonymousAuthenticationFilter - Set SecurityContextHolder to anonymous SecurityContext
23:15:05.564 DEBUG o.s.security.web.FilterChainProxy - Secured POST /api/auth/login
23:15:05.564 DEBUG o.s.security.web.FilterChainProxy - Securing POST /api/auth/login
23:15:05.564 DEBUG o.s.s.w.a.AnonymousAuthenticationFilter - Set SecurityContextHolder to anonymous SecurityContext
23:15:05.564 DEBUG o.s.security.web.FilterChainProxy - Secured POST /api/auth/login
23:15:05.564 DEBUG o.s.security.web.FilterChainProxy - Securing POST /api/auth/login
23:15:05.564 DEBUG o.s.s.w.a.AnonymousAuthenticationFilter - Set SecurityContextHolder to anonymous SecurityContext
23:15:05.564 DEBUG o.s.security.web.FilterChainProxy - Secured POST /api/auth/login
23:15:05.564 DEBUG o.s.security.web.FilterChainProxy - Securing POST /api/auth/login
23:15:05.564 DEBUG o.s.s.w.a.AnonymousAuthenticationFilter - Set SecurityContextHolder to anonymous SecurityContext
23:15:05.564 DEBUG o.s.security.web.FilterChainProxy - Secured POST /api/auth/login
23:15:05.574 DEBUG o.s.security.web.FilterChainProxy - Securing POST /api/auth/login
23:15:05.575 DEBUG o.s.s.w.a.AnonymousAuthenticationFilter - Set SecurityContextHolder to anonymous SecurityContext
23:15:05.575 DEBUG o.s.security.web.FilterChainProxy - Secured POST /api/auth/login
23:15:05.577 DEBUG o.s.security.web.FilterChainProxy - Securing POST /api/auth/login
23:15:05.577 DEBUG o.s.s.w.a.AnonymousAuthenticationFilter - Set SecurityContextHolder to anonymous SecurityContext
23:15:05.577 DEBUG o.s.security.web.FilterChainProxy - Secured POST /api/auth/login
23:15:05.577 DEBUG o.s.security.web.FilterChainProxy - Securing POST /api/auth/login
23:15:05.577 DEBUG o.s.s.w.a.AnonymousAuthenticationFilter - Set SecurityContextHolder to anonymous SecurityContext
23:15:05.577 DEBUG o.s.security.web.FilterChainProxy - Secured POST /api/auth/login
23:15:05.577 DEBUG o.s.security.web.FilterChainProxy - Securing POST /api/auth/login
23:15:05.577 DEBUG o.s.s.w.a.AnonymousAuthenticationFilter - Set SecurityContextHolder to anonymous SecurityContext
23:15:05.577 DEBUG o.s.security.web.FilterChainProxy - Secured POST /api/auth/login
23:15:05.577 DEBUG o.s.security.web.FilterChainProxy - Securing POST /api/auth/login
23:15:05.577 DEBUG o.s.s.w.a.AnonymousAuthenticationFilter - Set SecurityContextHolder to anonymous SecurityContext
23:15:05.577 DEBUG o.s.security.web.FilterChainProxy - Secured POST /api/auth/login
23:15:05.586 DEBUG o.s.security.web.FilterChainProxy - Securing POST /api/auth/login
23:15:05.586 DEBUG o.s.s.w.a.AnonymousAuthenticationFilter - Set SecurityContextHolder to anonymous SecurityContext
23:15:05.586 DEBUG o.s.security.web.FilterChainProxy - Secured POST /api/auth/login
23:15:05.586 DEBUG o.s.security.web.FilterChainProxy - Securing POST /api/auth/login
23:15:05.586 DEBUG o.s.security.web.FilterChainProxy - Securing POST /api/auth/login
23:15:05.586 DEBUG o.s.s.w.a.AnonymousAuthenticationFilter - Set SecurityContextHolder to anonymous SecurityContext
23:15:05.586 DEBUG o.s.s.w.a.AnonymousAuthenticationFilter - Set SecurityContextHolder to anonymous SecurityContext
23:15:05.586 DEBUG o.s.security.web.FilterChainProxy - Secured POST /api/auth/login
23:15:05.586 DEBUG o.s.security.web.FilterChainProxy - Secured POST /api/auth/login
23:15:05.586 DEBUG o.s.security.web.FilterChainProxy - Securing POST /api/auth/login
23:15:05.586 DEBUG o.s.s.w.a.AnonymousAuthenticationFilter - Set SecurityContextHolder to anonymous SecurityContext
23:15:05.586 DEBUG o.s.security.web.FilterChainProxy - Secured POST /api/auth/login
23:15:05.591 DEBUG o.s.security.web.FilterChainProxy - Securing POST /api/auth/login
23:15:05.586 DEBUG o.s.security.web.FilterChainProxy - Securing POST /api/auth/login
23:15:05.592 DEBUG o.s.s.w.a.AnonymousAuthenticationFilter - Set SecurityContextHolder to anonymous SecurityContext
23:15:05.593 DEBUG o.s.security.web.FilterChainProxy - Secured POST /api/auth/login
23:15:05.591 DEBUG o.s.s.w.a.AnonymousAuthenticationFilter - Set SecurityContextHolder to anonymous SecurityContext
23:15:05.593 DEBUG o.s.security.web.FilterChainProxy - Secured POST /api/auth/login
23:15:05.594 DEBUG o.s.security.web.FilterChainProxy - Securing POST /api/auth/login
23:15:05.594 DEBUG o.s.s.w.a.AnonymousAuthenticationFilter - Set SecurityContextHolder to anonymous SecurityContext
23:15:05.594 DEBUG o.s.security.web.FilterChainProxy - Secured POST /api/auth/login
23:15:05.594 DEBUG o.s.security.web.FilterChainProxy - Securing POST /api/auth/login
23:15:05.595 DEBUG o.s.s.w.a.AnonymousAuthenticationFilter - Set SecurityContextHolder to anonymous SecurityContext
23:15:05.595 DEBUG o.s.security.web.FilterChainProxy - Secured POST /api/auth/login
23:15:05.596 DEBUG o.s.security.web.FilterChainProxy - Securing POST /api/auth/login
23:15:05.596 DEBUG o.s.s.w.a.AnonymousAuthenticationFilter - Set SecurityContextHolder to anonymous SecurityContext
23:15:05.596 DEBUG o.s.security.web.FilterChainProxy - Secured POST /api/auth/login
23:15:05.596 DEBUG o.s.security.web.FilterChainProxy - Securing POST /api/auth/login
23:15:05.596 DEBUG o.s.security.web.FilterChainProxy - Securing POST /api/auth/login
23:15:05.596 DEBUG o.s.s.w.a.AnonymousAuthenticationFilter - Set SecurityContextHolder to anonymous SecurityContext
23:15:05.596 DEBUG o.s.s.w.a.AnonymousAuthenticationFilter - Set SecurityContextHolder to anonymous SecurityContext
23:15:05.596 DEBUG o.s.security.web.FilterChainProxy - Secured POST /api/auth/login
23:15:05.596 DEBUG o.s.security.web.FilterChainProxy - Securing POST /api/auth/login
23:15:05.598 DEBUG o.s.s.w.a.AnonymousAuthenticationFilter - Set SecurityContextHolder to anonymous SecurityContext
23:15:05.598 DEBUG o.s.security.web.FilterChainProxy - Secured POST /api/auth/login
23:15:05.598 DEBUG o.s.security.web.FilterChainProxy - Securing POST /api/auth/login
23:15:05.598 DEBUG o.s.s.w.a.AnonymousAuthenticationFilter - Set SecurityContextHolder to anonymous SecurityContext
23:15:05.598 DEBUG o.s.security.web.FilterChainProxy - Secured POST /api/auth/login
23:15:05.596 DEBUG o.s.security.web.FilterChainProxy - Secured POST /api/auth/login
23:15:05.599 DEBUG o.s.security.web.FilterChainProxy - Securing POST /api/auth/login
23:15:05.599 DEBUG o.s.security.web.FilterChainProxy - Securing POST /api/auth/login
23:15:05.599 DEBUG o.s.s.w.a.AnonymousAuthenticationFilter - Set SecurityContextHolder to anonymous SecurityContext
23:15:05.599 DEBUG o.s.security.web.FilterChainProxy - Securing POST /api/auth/login
23:15:05.599 DEBUG o.s.security.web.FilterChainProxy - Secured POST /api/auth/login
23:15:05.599 DEBUG o.s.s.w.a.AnonymousAuthenticationFilter - Set SecurityContextHolder to anonymous SecurityContext
23:15:05.599 DEBUG o.s.s.w.a.AnonymousAuthenticationFilter - Set SecurityContextHolder to anonymous SecurityContext
23:15:05.600 DEBUG o.s.security.web.FilterChainProxy - Secured POST /api/auth/login
23:15:05.600 DEBUG o.s.security.web.FilterChainProxy - Secured POST /api/auth/login
23:15:05.605 DEBUG o.s.s.a.d.DaoAuthenticationProvider - Authenticated user
23:15:05.623 DEBUG o.s.s.a.d.DaoAuthenticationProvider - Authenticated user
23:15:05.628 DEBUG o.s.security.web.FilterChainProxy - Securing POST /api/auth/login
23:15:05.628 DEBUG o.s.security.web.FilterChainProxy - Securing POST /api/auth/login
23:15:05.628 DEBUG o.s.s.w.a.AnonymousAuthenticationFilter - Set SecurityContextHolder to anonymous SecurityContext
23:15:05.628 DEBUG o.s.s.w.a.AnonymousAuthenticationFilter - Set SecurityContextHolder to anonymous SecurityContext
23:15:05.628 DEBUG o.s.security.web.FilterChainProxy - Secured POST /api/auth/login
23:15:05.628 DEBUG o.s.security.web.FilterChainProxy - Secured POST /api/auth/login
23:15:05.628 DEBUG o.s.security.web.FilterChainProxy - Securing POST /api/auth/login
23:15:05.631 DEBUG o.s.s.w.a.AnonymousAuthenticationFilter - Set SecurityContextHolder to anonymous SecurityContext
23:15:05.632 DEBUG o.s.security.web.FilterChainProxy - Secured POST /api/auth/login
23:15:05.632 DEBUG o.s.security.web.FilterChainProxy - Securing POST /api/auth/login
23:15:05.633 DEBUG o.s.s.w.a.AnonymousAuthenticationFilter - Set SecurityContextHolder to anonymous SecurityContext
23:15:05.633 DEBUG o.s.security.web.FilterChainProxy - Secured POST /api/auth/login
23:15:05.707 DEBUG o.s.s.a.d.DaoAuthenticationProvider - Authenticated user
23:15:05.716 DEBUG o.s.security.web.FilterChainProxy - Securing POST /api/auth/login
23:15:05.717 DEBUG o.s.s.w.a.AnonymousAuthenticationFilter - Set SecurityContextHolder to anonymous SecurityContext
23:15:05.718 DEBUG o.s.security.web.FilterChainProxy - Secured POST /api/auth/login
23:15:05.745 DEBUG o.s.s.a.d.DaoAuthenticationProvider - Authenticated user
23:15:05.752 DEBUG o.s.security.web.FilterChainProxy - Securing POST /api/auth/login
23:15:05.753 DEBUG o.s.s.w.a.AnonymousAuthenticationFilter - Set SecurityContextHolder to anonymous SecurityContext
23:15:05.753 DEBUG o.s.security.web.FilterChainProxy - Secured POST /api/auth/login
23:15:05.834 DEBUG o.s.s.a.d.DaoAuthenticationProvider - Authenticated user
23:15:05.852 DEBUG o.s.security.web.FilterChainProxy - Securing POST /api/auth/login
23:15:05.853 DEBUG o.s.s.w.a.AnonymousAuthenticationFilter - Set SecurityContextHolder to anonymous SecurityContext
23:15:05.853 DEBUG o.s.security.web.FilterChainProxy - Secured POST /api/auth/login
23:15:06.084 DEBUG o.s.s.a.d.DaoAuthenticationProvider - Authenticated user
23:15:06.095 DEBUG o.s.security.web.FilterChainProxy - Securing POST /api/auth/login
23:15:06.095 DEBUG o.s.s.w.a.AnonymousAuthenticationFilter - Set SecurityContextHolder to anonymous SecurityContext
23:15:06.095 DEBUG o.s.security.web.FilterChainProxy - Secured POST /api/auth/login
23:15:06.197 DEBUG o.s.s.a.d.DaoAuthenticationProvider - Authenticated user
23:15:06.223 DEBUG o.s.s.a.d.DaoAuthenticationProvider - Authenticated user
23:15:06.241 DEBUG o.s.security.web.FilterChainProxy - Securing POST /api/auth/login
23:15:06.242 DEBUG o.s.s.w.a.AnonymousAuthenticationFilter - Set SecurityContextHolder to anonymous SecurityContext
23:15:06.242 DEBUG o.s.security.web.FilterChainProxy - Secured POST /api/auth/login
23:15:06.247 DEBUG o.s.security.web.FilterChainProxy - Securing POST /api/auth/login
23:15:06.247 DEBUG o.s.s.w.a.AnonymousAuthenticationFilter - Set SecurityContextHolder to anonymous SecurityContext
23:15:06.247 DEBUG o.s.security.web.FilterChainProxy - Secured POST /api/auth/login
23:15:06.367 DEBUG o.s.s.a.d.DaoAuthenticationProvider - Authenticated user
23:15:06.393 DEBUG o.s.security.web.FilterChainProxy - Securing POST /api/auth/login
23:15:06.394 DEBUG o.s.s.w.a.AnonymousAuthenticationFilter - Set SecurityContextHolder to anonymous SecurityContext
23:15:06.394 DEBUG o.s.security.web.FilterChainProxy - Secured POST /api/auth/login
23:15:06.447 DEBUG o.s.s.a.d.DaoAuthenticationProvider - Authenticated user
23:15:06.475 DEBUG o.s.security.web.FilterChainProxy - Securing POST /api/auth/login
23:15:06.475 DEBUG o.s.s.w.a.AnonymousAuthenticationFilter - Set SecurityContextHolder to anonymous SecurityContext
23:15:06.475 DEBUG o.s.security.web.FilterChainProxy - Secured POST /api/auth/login
23:15:06.677 DEBUG o.s.s.a.d.DaoAuthenticationProvider - Authenticated user
23:15:06.684 DEBUG o.s.security.web.FilterChainProxy - Securing POST /api/auth/login
23:15:06.684 DEBUG o.s.s.w.a.AnonymousAuthenticationFilter - Set SecurityContextHolder to anonymous SecurityContext
23:15:06.684 DEBUG o.s.security.web.FilterChainProxy - Secured POST /api/auth/login
23:15:06.874 DEBUG o.s.s.a.d.DaoAuthenticationProvider - Authenticated user
23:15:06.882 DEBUG o.s.s.a.d.DaoAuthenticationProvider - Authenticated user
23:15:06.898 DEBUG o.s.security.web.FilterChainProxy - Securing POST /api/auth/login
23:15:06.898 DEBUG o.s.s.w.a.AnonymousAuthenticationFilter - Set SecurityContextHolder to anonymous SecurityContext
23:15:06.898 DEBUG o.s.security.web.FilterChainProxy - Secured POST /api/auth/login
23:15:06.908 DEBUG o.s.security.web.FilterChainProxy - Securing POST /api/auth/login
23:15:06.909 DEBUG o.s.s.w.a.AnonymousAuthenticationFilter - Set SecurityContextHolder to anonymous SecurityContext
23:15:06.909 DEBUG o.s.security.web.FilterChainProxy - Secured POST /api/auth/login
23:15:06.965 DEBUG o.s.s.a.d.DaoAuthenticationProvider - Authenticated user
23:15:06.976 DEBUG o.s.security.web.FilterChainProxy - Securing POST /api/auth/login
23:15:06.977 DEBUG o.s.s.w.a.AnonymousAuthenticationFilter - Set SecurityContextHolder to anonymous SecurityContext
23:15:06.977 DEBUG o.s.security.web.FilterChainProxy - Secured POST /api/auth/login
23:15:07.020 DEBUG o.s.s.a.d.DaoAuthenticationProvider - Authenticated user
23:15:07.031 DEBUG o.s.security.web.FilterChainProxy - Securing POST /api/auth/login
23:15:07.032 DEBUG o.s.s.w.a.AnonymousAuthenticationFilter - Set SecurityContextHolder to anonymous SecurityContext
23:15:07.032 DEBUG o.s.security.web.FilterChainProxy - Secured POST /api/auth/login
23:15:07.067 DEBUG o.s.s.a.d.DaoAuthenticationProvider - Authenticated user
23:15:07.090 DEBUG o.s.security.web.FilterChainProxy - Securing POST /api/auth/login
23:15:07.090 DEBUG o.s.s.w.a.AnonymousAuthenticationFilter - Set SecurityContextHolder to anonymous SecurityContext
23:15:07.090 DEBUG o.s.security.web.FilterChainProxy - Secured POST /api/auth/login
23:15:07.110 DEBUG o.s.security.web.FilterChainProxy - Securing POST /api/auth/login
23:15:07.110 DEBUG o.s.s.w.a.AnonymousAuthenticationFilter - Set SecurityContextHolder to anonymous SecurityContext
23:15:07.110 DEBUG o.s.security.web.FilterChainProxy - Secured POST /api/auth/login
23:15:07.118 DEBUG o.s.security.web.FilterChainProxy - Securing POST /api/auth/login
23:15:07.118 DEBUG o.s.s.w.a.AnonymousAuthenticationFilter - Set SecurityContextHolder to anonymous SecurityContext
23:15:07.118 DEBUG o.s.security.web.FilterChainProxy - Secured POST /api/auth/login
23:15:07.258 DEBUG o.s.s.a.d.DaoAuthenticationProvider - Authenticated user
23:15:07.265 DEBUG o.s.security.web.FilterChainProxy - Securing POST /api/auth/login
23:15:07.265 DEBUG o.s.s.w.a.AnonymousAuthenticationFilter - Set SecurityContextHolder to anonymous SecurityContext
23:15:07.265 DEBUG o.s.security.web.FilterChainProxy - Secured POST /api/auth/login
23:15:07.368 DEBUG o.s.s.a.d.DaoAuthenticationProvider - Authenticated user
23:15:07.368 DEBUG o.s.s.a.d.DaoAuthenticationProvider - Authenticated user
23:15:07.376 DEBUG o.s.security.web.FilterChainProxy - Securing POST /api/auth/login
23:15:07.376 DEBUG o.s.s.w.a.AnonymousAuthenticationFilter - Set SecurityContextHolder to anonymous SecurityContext
23:15:07.377 DEBUG o.s.security.web.FilterChainProxy - Secured POST /api/auth/login
23:15:07.410 DEBUG o.s.security.web.FilterChainProxy - Securing POST /api/auth/login
23:15:07.411 DEBUG o.s.s.w.a.AnonymousAuthenticationFilter - Set SecurityContextHolder to anonymous SecurityContext
23:15:07.411 DEBUG o.s.security.web.FilterChainProxy - Secured POST /api/auth/login
23:15:07.419 DEBUG o.s.s.a.d.DaoAuthenticationProvider - Authenticated user
23:15:07.419 DEBUG o.s.security.web.FilterChainProxy - Securing POST /api/auth/login
23:15:07.419 DEBUG o.s.s.w.a.AnonymousAuthenticationFilter - Set SecurityContextHolder to anonymous SecurityContext
23:15:07.419 DEBUG o.s.security.web.FilterChainProxy - Secured POST /api/auth/login
23:15:07.490 DEBUG o.s.s.a.d.DaoAuthenticationProvider - Authenticated user
23:15:07.499 DEBUG o.s.security.web.FilterChainProxy - Securing POST /api/auth/login
23:15:07.500 DEBUG o.s.s.w.a.AnonymousAuthenticationFilter - Set SecurityContextHolder to anonymous SecurityContext
23:15:07.500 DEBUG o.s.security.web.FilterChainProxy - Secured POST /api/auth/login
23:15:07.559 DEBUG o.s.s.a.d.DaoAuthenticationProvider - Authenticated user
23:15:07.561 DEBUG o.s.security.web.FilterChainProxy - Securing POST /api/auth/login
23:15:07.561 DEBUG o.s.s.w.a.AnonymousAuthenticationFilter - Set SecurityContextHolder to anonymous SecurityContext
23:15:07.561 DEBUG o.s.security.web.FilterChainProxy - Secured POST /api/auth/login
23:15:07.574 DEBUG o.s.s.a.d.DaoAuthenticationProvider - Authenticated user
23:15:07.583 DEBUG o.s.security.web.FilterChainProxy - Securing POST /api/auth/login
23:15:07.583 DEBUG o.s.s.w.a.AnonymousAuthenticationFilter - Set SecurityContextHolder to anonymous SecurityContext
23:15:07.583 DEBUG o.s.security.web.FilterChainProxy - Secured POST /api/auth/login
23:15:07.633 DEBUG o.s.s.a.d.DaoAuthenticationProvider - Authenticated user
23:15:07.642 DEBUG o.s.security.web.FilterChainProxy - Securing POST /api/auth/login
23:15:07.643 DEBUG o.s.s.w.a.AnonymousAuthenticationFilter - Set SecurityContextHolder to anonymous SecurityContext
23:15:07.643 DEBUG o.s.security.web.FilterChainProxy - Secured POST /api/auth/login
23:15:07.758 DEBUG o.s.s.a.d.DaoAuthenticationProvider - Authenticated user
23:15:07.765 DEBUG o.s.security.web.FilterChainProxy - Securing POST /api/auth/login
23:15:07.766 DEBUG o.s.s.w.a.AnonymousAuthenticationFilter - Set SecurityContextHolder to anonymous SecurityContext
23:15:07.766 DEBUG o.s.security.web.FilterChainProxy - Secured POST /api/auth/login
23:15:07.860 DEBUG o.s.s.a.d.DaoAuthenticationProvider - Authenticated user
23:15:07.865 DEBUG o.s.security.web.FilterChainProxy - Securing POST /api/auth/login
23:15:07.865 DEBUG o.s.s.w.a.AnonymousAuthenticationFilter - Set SecurityContextHolder to anonymous SecurityContext
23:15:07.866 DEBUG o.s.security.web.FilterChainProxy - Secured POST /api/auth/login
23:15:08.063 DEBUG o.s.s.a.d.DaoAuthenticationProvider - Authenticated user
23:15:08.068 DEBUG o.s.security.web.FilterChainProxy - Securing POST /api/auth/login
23:15:08.069 DEBUG o.s.s.w.a.AnonymousAuthenticationFilter - Set SecurityContextHolder to anonymous SecurityContext
23:15:08.069 DEBUG o.s.security.web.FilterChainProxy - Secured POST /api/auth/login
23:15:08.133 DEBUG o.s.s.a.d.DaoAuthenticationProvider - Authenticated user
23:15:08.143 DEBUG o.s.security.web.FilterChainProxy - Securing POST /api/auth/login
23:15:08.143 DEBUG o.s.s.w.a.AnonymousAuthenticationFilter - Set SecurityContextHolder to anonymous SecurityContext
23:15:08.143 DEBUG o.s.security.web.FilterChainProxy - Secured POST /api/auth/login
23:15:08.236 DEBUG o.s.s.a.d.DaoAuthenticationProvider - Authenticated user
23:15:08.236 DEBUG o.s.s.a.d.DaoAuthenticationProvider - Authenticated user
23:15:08.236 DEBUG o.s.security.web.FilterChainProxy - Securing POST /api/auth/login
23:15:08.242 DEBUG o.s.s.w.a.AnonymousAuthenticationFilter - Set SecurityContextHolder to anonymous SecurityContext
23:15:08.242 DEBUG o.s.security.web.FilterChainProxy - Secured POST /api/auth/login
23:15:08.256 DEBUG o.s.security.web.FilterChainProxy - Securing POST /api/auth/login
23:15:08.259 DEBUG o.s.s.w.a.AnonymousAuthenticationFilter - Set SecurityContextHolder to anonymous SecurityContext
23:15:08.259 DEBUG o.s.security.web.FilterChainProxy - Secured POST /api/auth/login
23:15:08.327 DEBUG o.s.s.a.d.DaoAuthenticationProvider - Authenticated user
23:15:08.334 DEBUG o.s.s.a.d.DaoAuthenticationProvider - Authenticated user
23:15:08.363 DEBUG o.s.security.web.FilterChainProxy - Securing POST /api/auth/login
23:15:08.378 DEBUG o.s.s.a.d.DaoAuthenticationProvider - Authenticated user
23:15:08.393 DEBUG o.s.security.web.FilterChainProxy - Securing POST /api/auth/login
23:15:08.393 DEBUG o.s.s.w.a.AnonymousAuthenticationFilter - Set SecurityContextHolder to anonymous SecurityContext
23:15:08.393 DEBUG o.s.security.web.FilterChainProxy - Secured POST /api/auth/login
23:15:08.380 DEBUG o.s.security.web.FilterChainProxy - Securing POST /api/auth/login
23:15:08.393 DEBUG o.s.s.w.a.AnonymousAuthenticationFilter - Set SecurityContextHolder to anonymous SecurityContext
23:15:08.393 DEBUG o.s.security.web.FilterChainProxy - Secured POST /api/auth/login
23:15:08.435 DEBUG o.s.s.w.a.AnonymousAuthenticationFilter - Set SecurityContextHolder to anonymous SecurityContext
23:15:08.435 DEBUG o.s.security.web.FilterChainProxy - Secured POST /api/auth/login
23:15:08.440 DEBUG o.s.s.a.d.DaoAuthenticationProvider - Authenticated user
23:15:08.454 DEBUG o.s.security.web.FilterChainProxy - Securing POST /api/auth/login
23:15:08.454 DEBUG o.s.s.w.a.AnonymousAuthenticationFilter - Set SecurityContextHolder to anonymous SecurityContext
23:15:08.454 DEBUG o.s.security.web.FilterChainProxy - Secured POST /api/auth/login
23:15:08.559 DEBUG o.s.s.a.d.DaoAuthenticationProvider - Authenticated user
23:15:08.575 DEBUG o.s.security.web.FilterChainProxy - Securing POST /api/auth/login
23:15:08.576 DEBUG o.s.s.w.a.AnonymousAuthenticationFilter - Set SecurityContextHolder to anonymous SecurityContext
23:15:08.576 DEBUG o.s.security.web.FilterChainProxy - Secured POST /api/auth/login
23:15:08.779 DEBUG o.s.s.a.d.DaoAuthenticationProvider - Authenticated user
23:15:08.792 DEBUG o.s.security.web.FilterChainProxy - Securing POST /api/auth/login
23:15:08.793 DEBUG o.s.s.w.a.AnonymousAuthenticationFilter - Set SecurityContextHolder to anonymous SecurityContext
23:15:08.793 DEBUG o.s.security.web.FilterChainProxy - Secured POST /api/auth/login
23:15:08.899 DEBUG o.s.s.a.d.DaoAuthenticationProvider - Authenticated user
23:15:08.908 DEBUG o.s.security.web.FilterChainProxy - Securing POST /api/auth/login
23:15:08.908 DEBUG o.s.s.w.a.AnonymousAuthenticationFilter - Set SecurityContextHolder to anonymous SecurityContext
23:15:08.908 DEBUG o.s.security.web.FilterChainProxy - Secured POST /api/auth/login
23:15:08.949 DEBUG o.s.s.a.d.DaoAuthenticationProvider - Authenticated user
23:15:08.961 DEBUG o.s.security.web.FilterChainProxy - Securing POST /api/auth/login
23:15:08.962 DEBUG o.s.s.w.a.AnonymousAuthenticationFilter - Set SecurityContextHolder to anonymous SecurityContext
23:15:08.962 DEBUG o.s.security.web.FilterChainProxy - Secured POST /api/auth/login
23:15:08.987 DEBUG o.s.s.a.d.DaoAuthenticationProvider - Authenticated user
23:15:08.998 DEBUG o.s.security.web.FilterChainProxy - Securing POST /api/auth/login
23:15:08.998 DEBUG o.s.s.w.a.AnonymousAuthenticationFilter - Set SecurityContextHolder to anonymous SecurityContext
23:15:08.999 DEBUG o.s.security.web.FilterChainProxy - Secured POST /api/auth/login
23:15:09.051 DEBUG o.s.s.a.d.DaoAuthenticationProvider - Authenticated user
23:15:09.056 DEBUG o.s.security.web.FilterChainProxy - Securing POST /api/auth/login
23:15:09.056 DEBUG o.s.s.w.a.AnonymousAuthenticationFilter - Set SecurityContextHolder to anonymous SecurityContext
23:15:09.057 DEBUG o.s.security.web.FilterChainProxy - Secured POST /api/auth/login
23:15:09.123 DEBUG o.s.s.a.d.DaoAuthenticationProvider - Authenticated user
23:15:09.128 DEBUG o.s.security.web.FilterChainProxy - Securing POST /api/auth/login
23:15:09.129 DEBUG o.s.s.w.a.AnonymousAuthenticationFilter - Set SecurityContextHolder to anonymous SecurityContext
23:15:09.129 DEBUG o.s.security.web.FilterChainProxy - Secured POST /api/auth/login
23:15:09.384 DEBUG o.s.s.a.d.DaoAuthenticationProvider - Authenticated user
23:15:09.386 DEBUG o.s.security.web.FilterChainProxy - Securing POST /api/auth/login
23:15:09.386 DEBUG o.s.s.w.a.AnonymousAuthenticationFilter - Set SecurityContextHolder to anonymous SecurityContext
23:15:09.386 DEBUG o.s.security.web.FilterChainProxy - Secured POST /api/auth/login
23:15:09.395 DEBUG o.s.s.a.d.DaoAuthenticationProvider - Authenticated user
23:15:09.429 DEBUG o.s.security.web.FilterChainProxy - Securing POST /api/auth/login
23:15:09.429 DEBUG o.s.s.w.a.AnonymousAuthenticationFilter - Set SecurityContextHolder to anonymous SecurityContext
23:15:09.430 DEBUG o.s.security.web.FilterChainProxy - Secured POST /api/auth/login
23:15:09.460 DEBUG o.s.s.a.d.DaoAuthenticationProvider - Authenticated user
23:15:09.502 DEBUG o.s.security.web.FilterChainProxy - Securing POST /api/auth/login
23:15:09.502 DEBUG o.s.s.w.a.AnonymousAuthenticationFilter - Set SecurityContextHolder to anonymous SecurityContext
23:15:09.502 DEBUG o.s.security.web.FilterChainProxy - Secured POST /api/auth/login
23:15:09.591 DEBUG o.s.s.a.d.DaoAuthenticationProvider - Authenticated user
23:15:09.605 DEBUG o.s.security.web.FilterChainProxy - Securing POST /api/auth/login
23:15:09.606 DEBUG o.s.s.w.a.AnonymousAuthenticationFilter - Set SecurityContextHolder to anonymous SecurityContext
23:15:09.606 DEBUG o.s.security.web.FilterChainProxy - Secured POST /api/auth/login
23:15:09.636 DEBUG o.s.s.a.d.DaoAuthenticationProvider - Authenticated user
23:15:09.648 DEBUG o.s.security.web.FilterChainProxy - Securing POST /api/auth/login
23:15:09.648 DEBUG o.s.s.w.a.AnonymousAuthenticationFilter - Set SecurityContextHolder to anonymous SecurityContext
23:15:09.648 DEBUG o.s.security.web.FilterChainProxy - Secured POST /api/auth/login
23:15:09.710 DEBUG o.s.s.a.d.DaoAuthenticationProvider - Authenticated user
23:15:09.741 DEBUG o.s.security.web.FilterChainProxy - Securing POST /api/auth/login
23:15:09.741 DEBUG o.s.s.w.a.AnonymousAuthenticationFilter - Set SecurityContextHolder to anonymous SecurityContext
23:15:09.741 DEBUG o.s.security.web.FilterChainProxy - Secured POST /api/auth/login
23:15:09.747 DEBUG o.s.s.a.d.DaoAuthenticationProvider - Authenticated user
23:15:09.747 DEBUG o.s.security.web.FilterChainProxy - Securing POST /api/auth/login
23:15:09.747 DEBUG o.s.s.w.a.AnonymousAuthenticationFilter - Set SecurityContextHolder to anonymous SecurityContext
23:15:09.747 DEBUG o.s.security.web.FilterChainProxy - Secured POST /api/auth/login
23:15:09.843 DEBUG o.s.s.a.d.DaoAuthenticationProvider - Authenticated user
23:15:09.849 DEBUG o.s.security.web.FilterChainProxy - Securing POST /api/auth/login
23:15:09.849 DEBUG o.s.s.w.a.AnonymousAuthenticationFilter - Set SecurityContextHolder to anonymous SecurityContext
23:15:09.849 DEBUG o.s.security.web.FilterChainProxy - Secured POST /api/auth/login
23:15:09.852 DEBUG o.s.s.a.d.DaoAuthenticationProvider - Authenticated user
23:15:09.876 DEBUG o.s.security.web.FilterChainProxy - Securing POST /api/auth/login
23:15:09.876 DEBUG o.s.s.w.a.AnonymousAuthenticationFilter - Set SecurityContextHolder to anonymous SecurityContext
23:15:09.876 DEBUG o.s.security.web.FilterChainProxy - Secured POST /api/auth/login
23:15:09.881 DEBUG o.s.s.a.d.DaoAuthenticationProvider - Authenticated user
23:15:09.925 DEBUG o.s.security.web.FilterChainProxy - Securing POST /api/auth/login
23:15:09.925 DEBUG o.s.s.w.a.AnonymousAuthenticationFilter - Set SecurityContextHolder to anonymous SecurityContext
23:15:09.927 DEBUG o.s.security.web.FilterChainProxy - Secured POST /api/auth/login
23:15:10.033 DEBUG o.s.s.a.d.DaoAuthenticationProvider - Authenticated user
23:15:10.040 DEBUG o.s.security.web.FilterChainProxy - Securing POST /api/auth/login
23:15:10.041 DEBUG o.s.s.w.a.AnonymousAuthenticationFilter - Set SecurityContextHolder to anonymous SecurityContext
23:15:10.041 DEBUG o.s.security.web.FilterChainProxy - Secured POST /api/auth/login
23:15:10.104 DEBUG o.s.s.a.d.DaoAuthenticationProvider - Authenticated user
23:15:10.112 DEBUG o.s.security.web.FilterChainProxy - Securing POST /api/auth/login
23:15:10.113 DEBUG o.s.s.w.a.AnonymousAuthenticationFilter - Set SecurityContextHolder to anonymous SecurityContext
23:15:10.113 DEBUG o.s.security.web.FilterChainProxy - Secured POST /api/auth/login
23:15:10.227 DEBUG o.s.s.a.d.DaoAuthenticationProvider - Authenticated user
23:15:10.233 DEBUG o.s.security.web.FilterChainProxy - Securing POST /api/auth/login
23:15:10.234 DEBUG o.s.s.w.a.AnonymousAuthenticationFilter - Set SecurityContextHolder to anonymous SecurityContext
23:15:10.234 DEBUG o.s.security.web.FilterChainProxy - Secured POST /api/auth/login
23:15:10.237 DEBUG o.s.s.a.d.DaoAuthenticationProvider - Authenticated user
23:15:10.245 DEBUG o.s.security.web.FilterChainProxy - Securing POST /api/auth/login
23:15:10.246 DEBUG o.s.s.w.a.AnonymousAuthenticationFilter - Set SecurityContextHolder to anonymous SecurityContext
23:15:10.246 DEBUG o.s.security.web.FilterChainProxy - Secured POST /api/auth/login
23:15:10.412 DEBUG o.s.s.a.d.DaoAuthenticationProvider - Authenticated user
23:15:10.416 DEBUG o.s.security.web.FilterChainProxy - Securing POST /api/auth/login
23:15:10.416 DEBUG o.s.s.w.a.AnonymousAuthenticationFilter - Set SecurityContextHolder to anonymous SecurityContext
23:15:10.416 DEBUG o.s.security.web.FilterChainProxy - Secured POST /api/auth/login
23:15:10.575 DEBUG o.s.s.a.d.DaoAuthenticationProvider - Authenticated user
23:15:10.581 DEBUG o.s.security.web.FilterChainProxy - Securing POST /api/auth/login
23:15:10.581 DEBUG o.s.s.w.a.AnonymousAuthenticationFilter - Set SecurityContextHolder to anonymous SecurityContext
23:15:10.581 DEBUG o.s.security.web.FilterChainProxy - Secured POST /api/auth/login
23:15:10.765 DEBUG o.s.s.a.d.DaoAuthenticationProvider - Authenticated user
23:15:10.771 DEBUG o.s.security.web.FilterChainProxy - Securing POST /api/auth/login
23:15:10.771 DEBUG o.s.s.w.a.AnonymousAuthenticationFilter - Set SecurityContextHolder to anonymous SecurityContext
23:15:10.771 DEBUG o.s.security.web.FilterChainProxy - Secured POST /api/auth/login
23:15:10.795 DEBUG o.s.s.a.d.DaoAuthenticationProvider - Authenticated user
23:15:10.801 DEBUG o.s.security.web.FilterChainProxy - Securing POST /api/auth/login
23:15:10.801 DEBUG o.s.s.w.a.AnonymousAuthenticationFilter - Set SecurityContextHolder to anonymous SecurityContext
23:15:10.801 DEBUG o.s.security.web.FilterChainProxy - Secured POST /api/auth/login
23:15:10.820 DEBUG o.s.s.a.d.DaoAuthenticationProvider - Authenticated user
23:15:10.827 DEBUG o.s.security.web.FilterChainProxy - Securing POST /api/auth/login
23:15:10.827 DEBUG o.s.s.w.a.AnonymousAuthenticationFilter - Set SecurityContextHolder to anonymous SecurityContext
23:15:10.827 DEBUG o.s.security.web.FilterChainProxy - Secured POST /api/auth/login
23:15:10.936 DEBUG o.s.s.a.d.DaoAuthenticationProvider - Authenticated user
23:15:10.944 DEBUG o.s.security.web.FilterChainProxy - Securing POST /api/auth/login
23:15:10.945 DEBUG o.s.s.w.a.AnonymousAuthenticationFilter - Set SecurityContextHolder to anonymous SecurityContext
23:15:10.945 DEBUG o.s.security.web.FilterChainProxy - Secured POST /api/auth/login
23:15:10.966 DEBUG o.s.s.a.d.DaoAuthenticationProvider - Authenticated user
23:15:10.977 DEBUG o.s.security.web.FilterChainProxy - Securing POST /api/auth/login
23:15:10.977 DEBUG o.s.s.w.a.AnonymousAuthenticationFilter - Set SecurityContextHolder to anonymous SecurityContext
23:15:10.978 DEBUG o.s.security.web.FilterChainProxy - Secured POST /api/auth/login
23:15:11.083 DEBUG o.s.s.a.d.DaoAuthenticationProvider - Authenticated user
23:15:11.090 DEBUG o.s.security.web.FilterChainProxy - Securing POST /api/auth/login
23:15:11.090 DEBUG o.s.s.w.a.AnonymousAuthenticationFilter - Set SecurityContextHolder to anonymous SecurityContext
23:15:11.090 DEBUG o.s.security.web.FilterChainProxy - Secured POST /api/auth/login
23:15:11.186 DEBUG o.s.s.a.d.DaoAuthenticationProvider - Authenticated user
23:15:11.205 DEBUG o.s.security.web.FilterChainProxy - Securing POST /api/auth/login
23:15:11.205 DEBUG o.s.s.w.a.AnonymousAuthenticationFilter - Set SecurityContextHolder to anonymous SecurityContext
23:15:11.205 DEBUG o.s.security.web.FilterChainProxy - Secured POST /api/auth/login
23:15:11.346 DEBUG o.s.s.a.d.DaoAuthenticationProvider - Authenticated user
23:15:11.370 DEBUG o.s.security.web.FilterChainProxy - Securing POST /api/auth/login
23:15:11.371 DEBUG o.s.s.w.a.AnonymousAuthenticationFilter - Set SecurityContextHolder to anonymous SecurityContext
23:15:11.371 DEBUG o.s.security.web.FilterChainProxy - Secured POST /api/auth/login
23:15:11.545 DEBUG o.s.s.a.d.DaoAuthenticationProvider - Authenticated user
23:15:11.580 DEBUG o.s.s.a.d.DaoAuthenticationProvider - Authenticated user
23:15:11.590 DEBUG o.s.security.web.FilterChainProxy - Securing POST /api/auth/login
23:15:11.590 DEBUG o.s.s.w.a.AnonymousAuthenticationFilter - Set SecurityContextHolder to anonymous SecurityContext
23:15:11.591 DEBUG o.s.security.web.FilterChainProxy - Secured POST /api/auth/login
23:15:11.638 DEBUG o.s.s.a.d.DaoAuthenticationProvider - Authenticated user
23:15:11.645 DEBUG o.s.security.web.FilterChainProxy - Securing POST /api/auth/login
23:15:11.645 DEBUG o.s.s.w.a.AnonymousAuthenticationFilter - Set SecurityContextHolder to anonymous SecurityContext
23:15:11.645 DEBUG o.s.security.web.FilterChainProxy - Secured POST /api/auth/login
23:15:11.692 DEBUG o.s.security.web.FilterChainProxy - Securing POST /api/auth/login
23:15:11.692 DEBUG o.s.s.w.a.AnonymousAuthenticationFilter - Set SecurityContextHolder to anonymous SecurityContext
23:15:11.693 DEBUG o.s.security.web.FilterChainProxy - Secured POST /api/auth/login
23:15:11.816 DEBUG o.s.s.a.d.DaoAuthenticationProvider - Authenticated user
23:15:11.826 DEBUG o.s.security.web.FilterChainProxy - Securing POST /api/auth/login
23:15:11.827 DEBUG o.s.s.w.a.AnonymousAuthenticationFilter - Set SecurityContextHolder to anonymous SecurityContext
23:15:11.827 DEBUG o.s.security.web.FilterChainProxy - Secured POST /api/auth/login
23:15:12.036 DEBUG o.s.s.a.d.DaoAuthenticationProvider - Authenticated user
23:15:12.042 DEBUG o.s.security.web.FilterChainProxy - Securing POST /api/auth/login
23:15:12.042 DEBUG o.s.s.w.a.AnonymousAuthenticationFilter - Set SecurityContextHolder to anonymous SecurityContext
23:15:12.042 DEBUG o.s.security.web.FilterChainProxy - Secured POST /api/auth/login
23:15:12.164 DEBUG o.s.s.a.d.DaoAuthenticationProvider - Authenticated user
23:15:12.169 DEBUG o.s.security.web.FilterChainProxy - Securing POST /api/auth/login
23:15:12.170 DEBUG o.s.s.w.a.AnonymousAuthenticationFilter - Set SecurityContextHolder to anonymous SecurityContext
23:15:12.170 DEBUG o.s.security.web.FilterChainProxy - Secured POST /api/auth/login
23:15:12.213 DEBUG o.s.s.a.d.DaoAuthenticationProvider - Authenticated user
23:15:12.219 DEBUG o.s.security.web.FilterChainProxy - Securing POST /api/auth/login
23:15:12.220 DEBUG o.s.s.w.a.AnonymousAuthenticationFilter - Set SecurityContextHolder to anonymous SecurityContext
23:15:12.220 DEBUG o.s.security.web.FilterChainProxy - Secured POST /api/auth/login
23:15:13.077 DEBUG o.s.s.a.d.DaoAuthenticationProvider - Authenticated user
23:15:13.583 DEBUG o.s.s.a.d.DaoAuthenticationProvider - Authenticated user
23:15:13.601 DEBUG o.s.s.a.d.DaoAuthenticationProvider - Authenticated user
23:15:13.612 DEBUG o.s.security.web.FilterChainProxy - Securing POST /api/auth/login
23:15:13.612 DEBUG o.s.s.w.a.AnonymousAuthenticationFilter - Set SecurityContextHolder to anonymous SecurityContext
23:15:13.612 DEBUG o.s.security.web.FilterChainProxy - Secured POST /api/auth/login
23:15:13.658 DEBUG o.s.s.a.d.DaoAuthenticationProvider - Authenticated user
23:15:13.689 DEBUG o.s.security.web.FilterChainProxy - Securing POST /api/auth/login
23:15:13.689 DEBUG o.s.s.w.a.AnonymousAuthenticationFilter - Set SecurityContextHolder to anonymous SecurityContext
23:15:13.689 DEBUG o.s.security.web.FilterChainProxy - Secured POST /api/auth/login
23:15:13.699 DEBUG o.s.s.a.d.DaoAuthenticationProvider - Authenticated user
23:15:13.761 DEBUG o.s.s.a.d.DaoAuthenticationProvider - Authenticated user
23:15:13.764 DEBUG o.s.s.a.d.DaoAuthenticationProvider - Authenticated user
23:15:13.778 DEBUG o.s.security.web.FilterChainProxy - Securing POST /api/auth/login
23:15:13.778 DEBUG o.s.s.w.a.AnonymousAuthenticationFilter - Set SecurityContextHolder to anonymous SecurityContext
23:15:13.778 DEBUG o.s.security.web.FilterChainProxy - Secured POST /api/auth/login
23:15:13.783 DEBUG o.s.security.web.FilterChainProxy - Securing POST /api/auth/login
23:15:13.783 DEBUG o.s.s.w.a.AnonymousAuthenticationFilter - Set SecurityContextHolder to anonymous SecurityContext
23:15:13.784 DEBUG o.s.security.web.FilterChainProxy - Secured POST /api/auth/login
23:15:13.884 DEBUG o.s.s.a.d.DaoAuthenticationProvider - Authenticated user
23:15:13.903 DEBUG o.s.s.a.d.DaoAuthenticationProvider - Authenticated user
23:15:14.187 DEBUG o.s.s.a.d.DaoAuthenticationProvider - Authenticated user
23:15:14.342 DEBUG o.s.s.a.d.DaoAuthenticationProvider - Authenticated user
23:15:14.451 DEBUG o.s.s.a.d.DaoAuthenticationProvider - Authenticated user
23:15:14.493 DEBUG o.s.s.a.d.DaoAuthenticationProvider - Authenticated user
23:15:14.568 DEBUG o.s.s.a.d.DaoAuthenticationProvider - Authenticated user
23:15:14.668 DEBUG o.s.s.a.d.DaoAuthenticationProvider - Authenticated user
23:15:14.789 DEBUG o.s.s.a.d.DaoAuthenticationProvider - Authenticated user
23:15:14.888 DEBUG o.s.s.a.d.DaoAuthenticationProvider - Authenticated user
23:15:15.018 DEBUG o.s.s.a.d.DaoAuthenticationProvider - Authenticated user
23:15:15.028 DEBUG o.s.s.a.d.DaoAuthenticationProvider - Authenticated user
23:15:15.188 DEBUG o.s.s.a.d.DaoAuthenticationProvider - Authenticated user
23:15:15.289 DEBUG o.s.s.a.d.DaoAuthenticationProvider - Authenticated user
23:15:15.298 DEBUG o.s.s.a.d.DaoAuthenticationProvider - Authenticated user
23:15:15.405 DEBUG o.s.s.a.d.DaoAuthenticationProvider - Authenticated user
23:15:15.508 DEBUG o.s.s.a.d.DaoAuthenticationProvider - Authenticated user
23:15:15.550 DEBUG o.s.s.a.d.DaoAuthenticationProvider - Authenticated user
23:15:15.709 DEBUG o.s.s.a.d.DaoAuthenticationProvider - Authenticated user
23:15:15.772 DEBUG o.s.s.a.d.DaoAuthenticationProvider - Authenticated user
23:15:16.042 DEBUG o.s.s.a.d.DaoAuthenticationProvider - Authenticated user
23:15:16.079 DEBUG o.s.s.a.d.DaoAuthenticationProvider - Authenticated user
23:15:16.112 DEBUG o.s.s.a.d.DaoAuthenticationProvider - Authenticated user
23:15:16.175 DEBUG o.s.s.a.d.DaoAuthenticationProvider - Authenticated user
23:15:16.246 DEBUG o.s.s.a.d.DaoAuthenticationProvider - Authenticated user
23:15:16.393 DEBUG o.s.s.a.d.DaoAuthenticationProvider - Authenticated user
23:15:16.428 DEBUG o.s.s.a.d.DaoAuthenticationProvider - Authenticated user
23:15:16.445 DEBUG o.s.s.a.d.DaoAuthenticationProvider - Authenticated user
23:15:16.591 DEBUG o.s.s.a.d.DaoAuthenticationProvider - Authenticated user
23:15:16.632 DEBUG o.s.s.a.d.DaoAuthenticationProvider - Authenticated user
23:15:16.742 DEBUG o.s.s.a.d.DaoAuthenticationProvider - Authenticated user
23:15:16.793 DEBUG o.s.s.a.d.DaoAuthenticationProvider - Authenticated user
23:15:16.867 DEBUG o.s.s.a.d.DaoAuthenticationProvider - Authenticated user
23:15:16.874 DEBUG o.s.s.a.d.DaoAuthenticationProvider - Authenticated user
23:15:16.983 DEBUG o.s.s.a.d.DaoAuthenticationProvider - Authenticated user
23:15:17.159 DEBUG o.s.s.a.d.DaoAuthenticationProvider - Authenticated user
23:15:17.208 DEBUG o.s.s.a.d.DaoAuthenticationProvider - Authenticated user
23:15:17.272 DEBUG o.s.s.a.d.DaoAuthenticationProvider - Authenticated user
23:15:17.368 DEBUG o.s.s.a.d.DaoAuthenticationProvider - Authenticated user
23:15:17.536 DEBUG o.s.s.a.d.DaoAuthenticationProvider - Authenticated user
23:15:17.624 DEBUG o.s.s.a.d.DaoAuthenticationProvider - Authenticated user
23:15:17.633 DEBUG o.s.s.a.d.DaoAuthenticationProvider - Authenticated user
23:15:17.650 DEBUG o.s.s.a.d.DaoAuthenticationProvider - Authenticated user
23:15:17.900 DEBUG o.s.s.a.d.DaoAuthenticationProvider - Authenticated user
23:15:18.113 DEBUG o.s.s.a.d.DaoAuthenticationProvider - Authenticated user
23:15:18.183 DEBUG o.s.s.a.d.DaoAuthenticationProvider - Authenticated user
23:15:18.187 DEBUG o.s.s.a.d.DaoAuthenticationProvider - Authenticated user
23:15:18.313 DEBUG o.s.s.a.d.DaoAuthenticationProvider - Authenticated user
23:15:18.381 DEBUG o.s.s.a.d.DaoAuthenticationProvider - Authenticated user
23:15:18.392 DEBUG o.s.s.a.d.DaoAuthenticationProvider - Authenticated user
23:15:18.454 DEBUG o.s.s.a.d.DaoAuthenticationProvider - Authenticated user
23:15:18.487 DEBUG o.s.s.a.d.DaoAuthenticationProvider - Authenticated user
23:15:18.611 DEBUG o.s.s.a.d.DaoAuthenticationProvider - Authenticated user
23:15:18.898 DEBUG o.s.s.a.d.DaoAuthenticationProvider - Authenticated user
23:15:19.088 DEBUG o.s.s.a.d.DaoAuthenticationProvider - Authenticated user
23:15:19.099 DEBUG o.s.s.a.d.DaoAuthenticationProvider - Authenticated user
23:15:19.229 DEBUG o.s.s.a.d.DaoAuthenticationProvider - Authenticated user
23:15:19.240 DEBUG o.s.s.a.d.DaoAuthenticationProvider - Authenticated user
23:15:19.309 DEBUG o.s.s.a.d.DaoAuthenticationProvider - Authenticated user
23:15:19.368 DEBUG o.s.s.a.d.DaoAuthenticationProvider - Authenticated user
23:15:19.521 DEBUG o.s.s.a.d.DaoAuthenticationProvider - Authenticated user
23:15:19.537 DEBUG o.s.s.a.d.DaoAuthenticationProvider - Authenticated user
23:15:19.623 DEBUG o.s.s.a.d.DaoAuthenticationProvider - Authenticated user
23:15:19.691 DEBUG o.s.s.a.d.DaoAuthenticationProvider - Authenticated user
23:15:19.701 DEBUG o.s.s.a.d.DaoAuthenticationProvider - Authenticated user
23:15:19.817 DEBUG o.s.s.a.d.DaoAuthenticationProvider - Authenticated user
23:15:19.920 DEBUG o.s.s.a.d.DaoAuthenticationProvider - Authenticated user
23:15:20.031 DEBUG o.s.s.a.d.DaoAuthenticationProvider - Authenticated user
23:15:20.070 DEBUG o.s.s.a.d.DaoAuthenticationProvider - Authenticated user
23:15:20.182 DEBUG o.s.s.a.d.DaoAuthenticationProvider - Authenticated user
23:15:20.259 DEBUG o.s.s.a.d.DaoAuthenticationProvider - Authenticated user
23:15:20.289 DEBUG o.s.s.a.d.DaoAuthenticationProvider - Authenticated user
23:15:20.313 DEBUG o.s.s.a.d.DaoAuthenticationProvider - Authenticated user
23:15:20.327 DEBUG o.s.s.a.d.DaoAuthenticationProvider - Authenticated user
23:15:20.439 DEBUG o.s.s.a.d.DaoAuthenticationProvider - Authenticated user
23:15:20.498 DEBUG o.s.s.a.d.DaoAuthenticationProvider - Authenticated user
23:15:20.540 DEBUG o.s.s.a.d.DaoAuthenticationProvider - Authenticated user
23:15:20.732 DEBUG o.s.s.a.d.DaoAuthenticationProvider - Authenticated user
23:15:20.755 DEBUG o.s.s.a.d.DaoAuthenticationProvider - Authenticated user
23:15:20.788 DEBUG o.s.s.a.d.DaoAuthenticationProvider - Authenticated user
23:15:20.938 DEBUG o.s.s.a.d.DaoAuthenticationProvider - Authenticated user
23:15:20.944 DEBUG o.s.s.a.d.DaoAuthenticationProvider - Authenticated user
23:15:21.101 DEBUG o.s.s.a.d.DaoAuthenticationProvider - Authenticated user
23:15:21.125 DEBUG o.s.s.a.d.DaoAuthenticationProvider - Authenticated user
23:15:21.137 DEBUG o.s.s.a.d.DaoAuthenticationProvider - Authenticated user
23:15:21.232 DEBUG o.s.s.a.d.DaoAuthenticationProvider - Authenticated user
23:15:21.364 DEBUG o.s.s.a.d.DaoAuthenticationProvider - Authenticated user
23:15:21.621 DEBUG o.s.s.a.d.DaoAuthenticationProvider - Authenticated user
23:15:21.746 DEBUG o.s.s.a.d.DaoAuthenticationProvider - Authenticated user
23:15:21.775 DEBUG o.s.s.a.d.DaoAuthenticationProvider - Authenticated user
23:15:21.992 DEBUG o.s.s.a.d.DaoAuthenticationProvider - Authenticated user
23:15:22.081 DEBUG o.s.s.a.d.DaoAuthenticationProvider - Authenticated user
23:15:22.126 DEBUG o.s.s.a.d.DaoAuthenticationProvider - Authenticated user
23:15:22.139 DEBUG o.s.s.a.d.DaoAuthenticationProvider - Authenticated user
23:15:22.322 DEBUG o.s.s.a.d.DaoAuthenticationProvider - Authenticated user
23:15:22.376 DEBUG o.s.s.a.d.DaoAuthenticationProvider - Authenticated user
23:15:22.461 DEBUG o.s.s.a.d.DaoAuthenticationProvider - Authenticated user
23:15:22.562 DEBUG o.s.s.a.d.DaoAuthenticationProvider - Authenticated user
23:15:22.924 DEBUG o.s.s.a.d.DaoAuthenticationProvider - Authenticated user
23:15:23.062 DEBUG o.s.s.a.d.DaoAuthenticationProvider - Authenticated user
23:15:23.111 DEBUG o.s.s.a.d.DaoAuthenticationProvider - Authenticated user
23:15:23.233 DEBUG o.s.s.a.d.DaoAuthenticationProvider - Authenticated user
23:15:23.408 DEBUG o.s.s.a.d.DaoAuthenticationProvider - Authenticated user
23:15:23.486 DEBUG o.s.s.a.d.DaoAuthenticationProvider - Authenticated user
23:15:23.535 DEBUG o.s.s.a.d.DaoAuthenticationProvider - Authenticated user
23:15:23.550 DEBUG o.s.s.a.d.DaoAuthenticationProvider - Authenticated user
23:15:23.775 DEBUG o.s.s.a.d.DaoAuthenticationProvider - Authenticated user
23:15:23.822 DEBUG o.s.s.a.d.DaoAuthenticationProvider - Authenticated user
23:15:23.877 DEBUG o.s.s.a.d.DaoAuthenticationProvider - Authenticated user
23:15:24.081 DEBUG o.s.s.a.d.DaoAuthenticationProvider - Authenticated user
23:15:24.344 DEBUG o.s.s.a.d.DaoAuthenticationProvider - Authenticated user
23:15:24.440 DEBUG o.s.s.a.d.DaoAuthenticationProvider - Authenticated user
23:15:24.524 DEBUG o.s.s.a.d.DaoAuthenticationProvider - Authenticated user
23:15:24.530 DEBUG o.s.s.a.d.DaoAuthenticationProvider - Authenticated user
23:15:24.569 DEBUG o.s.s.a.d.DaoAuthenticationProvider - Authenticated user
23:15:24.576 DEBUG o.s.s.a.d.DaoAuthenticationProvider - Authenticated user
23:15:24.726 DEBUG o.s.s.a.d.DaoAuthenticationProvider - Authenticated user
23:15:24.861 DEBUG o.s.s.a.d.DaoAuthenticationProvider - Authenticated user
23:15:24.926 DEBUG o.s.s.a.d.DaoAuthenticationProvider - Authenticated user
23:15:25.148 DEBUG o.s.s.a.d.DaoAuthenticationProvider - Authenticated user
23:15:25.186 DEBUG o.s.s.a.d.DaoAuthenticationProvider - Authenticated user
23:15:25.287 DEBUG o.s.s.a.d.DaoAuthenticationProvider - Authenticated user
23:15:25.417 DEBUG o.s.s.a.d.DaoAuthenticationProvider - Authenticated user
23:15:25.485 DEBUG o.s.s.a.d.DaoAuthenticationProvider - Authenticated user
23:15:25.490 DEBUG o.s.s.a.d.DaoAuthenticationProvider - Authenticated user
23:15:25.499 DEBUG o.s.s.a.d.DaoAuthenticationProvider - Authenticated user
23:15:25.613 DEBUG o.s.s.a.d.DaoAuthenticationProvider - Authenticated user
23:15:26.003 DEBUG o.s.s.a.d.DaoAuthenticationProvider - Authenticated user
23:15:26.203 DEBUG o.s.s.a.d.DaoAuthenticationProvider - Authenticated user
23:15:26.399 DEBUG o.s.s.a.d.DaoAuthenticationProvider - Authenticated user
23:15:26.724 DEBUG o.s.s.a.d.DaoAuthenticationProvider - Authenticated user
23:15:26.815 DEBUG o.s.s.a.d.DaoAuthenticationProvider - Authenticated user
23:15:26.855 DEBUG o.s.s.a.d.DaoAuthenticationProvider - Authenticated user
23:15:26.896 DEBUG o.s.s.a.d.DaoAuthenticationProvider - Authenticated user
23:15:27.009 DEBUG o.s.s.a.d.DaoAuthenticationProvider - Authenticated user
23:15:27.071 DEBUG o.s.s.a.d.DaoAuthenticationProvider - Authenticated user
23:15:27.258 DEBUG o.s.s.a.d.DaoAuthenticationProvider - Authenticated user
23:15:27.536 DEBUG o.s.s.a.d.DaoAuthenticationProvider - Authenticated user
23:15:27.576 DEBUG o.s.s.a.d.DaoAuthenticationProvider - Authenticated user
23:15:27.588 DEBUG o.s.s.a.d.DaoAuthenticationProvider - Authenticated user
23:15:27.696 DEBUG o.s.s.a.d.DaoAuthenticationProvider - Authenticated user
23:15:28.092 DEBUG o.s.s.a.d.DaoAuthenticationProvider - Authenticated user
23:15:28.144 DEBUG o.s.s.a.d.DaoAuthenticationProvider - Authenticated user
23:15:28.186 DEBUG o.s.s.a.d.DaoAuthenticationProvider - Authenticated user
23:15:28.250 DEBUG o.s.s.a.d.DaoAuthenticationProvider - Authenticated user
23:15:28.260 DEBUG o.s.s.a.d.DaoAuthenticationProvider - Authenticated user
23:15:28.310 DEBUG o.s.s.a.d.DaoAuthenticationProvider - Authenticated user
23:15:28.439 DEBUG o.s.s.a.d.DaoAuthenticationProvider - Authenticated user
23:15:28.467 DEBUG o.s.s.a.d.DaoAuthenticationProvider - Authenticated user
23:15:28.626 DEBUG o.s.s.a.d.DaoAuthenticationProvider - Authenticated user
23:15:28.738 DEBUG o.s.s.a.d.DaoAuthenticationProvider - Authenticated user
23:15:28.870 DEBUG o.s.s.a.d.DaoAuthenticationProvider - Authenticated user
23:15:28.988 DEBUG o.s.s.a.d.DaoAuthenticationProvider - Authenticated user
23:15:29.196 DEBUG o.s.s.a.d.DaoAuthenticationProvider - Authenticated user
23:15:29.325 DEBUG o.s.s.a.d.DaoAuthenticationProvider - Authenticated user
23:15:29.372 DEBUG o.s.s.a.d.DaoAuthenticationProvider - Authenticated user
23:15:29.641 DEBUG o.s.s.a.d.DaoAuthenticationProvider - Authenticated user
23:15:29.761 DEBUG o.s.s.a.d.DaoAuthenticationProvider - Authenticated user
23:15:29.860 DEBUG o.s.s.a.d.DaoAuthenticationProvider - Authenticated user
23:15:29.887 DEBUG o.s.s.a.d.DaoAuthenticationProvider - Authenticated user
23:15:29.896 DEBUG o.s.s.a.d.DaoAuthenticationProvider - Authenticated user
23:15:29.973 DEBUG o.s.s.a.d.DaoAuthenticationProvider - Authenticated user
23:15:30.037 DEBUG o.s.s.a.d.DaoAuthenticationProvider - Authenticated user
23:15:30.399 DEBUG o.s.s.a.d.DaoAuthenticationProvider - Authenticated user
23:15:30.477 DEBUG o.s.s.a.d.DaoAuthenticationProvider - Authenticated user
23:15:30.486 DEBUG o.s.s.a.d.DaoAuthenticationProvider - Authenticated user
23:15:30.685 DEBUG o.s.s.a.d.DaoAuthenticationProvider - Authenticated user
23:15:30.971 DEBUG o.s.s.a.d.DaoAuthenticationProvider - Authenticated user
23:15:31.013 DEBUG o.s.s.a.d.DaoAuthenticationProvider - Authenticated user
23:15:31.138 DEBUG o.s.s.a.d.DaoAuthenticationProvider - Authenticated user
23:15:31.158 DEBUG o.s.s.a.d.DaoAuthenticationProvider - Authenticated user
23:15:31.158 DEBUG o.s.s.a.d.DaoAuthenticationProvider - Authenticated user
23:15:31.171 DEBUG o.s.s.a.d.DaoAuthenticationProvider - Authenticated user
23:15:31.185 DEBUG o.s.s.a.d.DaoAuthenticationProvider - Authenticated user
23:15:31.337 DEBUG o.s.s.a.d.DaoAuthenticationProvider - Authenticated user
23:15:31.360 DEBUG o.s.s.a.d.DaoAuthenticationProvider - Authenticated user
23:15:31.508 DEBUG o.s.s.a.d.DaoAuthenticationProvider - Authenticated user
23:15:31.685 DEBUG o.s.s.a.d.DaoAuthenticationProvider - Authenticated user
23:15:31.725 DEBUG o.s.s.a.d.DaoAuthenticationProvider - Authenticated user
23:15:32.041 DEBUG o.s.s.a.d.DaoAuthenticationProvider - Authenticated user
23:15:32.229 DEBUG o.s.s.a.d.DaoAuthenticationProvider - Authenticated user
23:15:32.349 DEBUG o.s.s.a.d.DaoAuthenticationProvider - Authenticated user
23:15:32.353 DEBUG o.s.s.a.d.DaoAuthenticationProvider - Authenticated user
23:15:32.459 DEBUG o.s.s.a.d.DaoAuthenticationProvider - Authenticated user
23:15:32.642 DEBUG o.s.s.a.d.DaoAuthenticationProvider - Authenticated user
23:15:32.718 DEBUG o.s.s.a.d.DaoAuthenticationProvider - Authenticated user
23:15:32.800 DEBUG o.s.s.a.d.DaoAuthenticationProvider - Authenticated user
23:15:32.818 DEBUG o.s.s.a.d.DaoAuthenticationProvider - Authenticated user
23:15:32.859 DEBUG o.s.s.a.d.DaoAuthenticationProvider - Authenticated user
23:15:33.067 DEBUG o.s.s.a.d.DaoAuthenticationProvider - Authenticated user
23:15:33.107 DEBUG o.s.s.a.d.DaoAuthenticationProvider - Authenticated user
23:15:33.316 DEBUG o.s.s.a.d.DaoAuthenticationProvider - Authenticated user
23:15:33.372 DEBUG o.s.s.a.d.DaoAuthenticationProvider - Authenticated user
23:15:33.372 DEBUG o.s.s.a.d.DaoAuthenticationProvider - Authenticated user
23:15:33.426 DEBUG o.s.s.a.d.DaoAuthenticationProvider - Authenticated user
23:15:33.512 DEBUG o.s.s.a.d.DaoAuthenticationProvider - Authenticated user
23:15:33.544 DEBUG o.s.s.a.d.DaoAuthenticationProvider - Authenticated user
23:17:57.748 DEBUG o.s.security.web.FilterChainProxy - Securing POST /api/auth/login
23:17:57.750 DEBUG o.s.s.w.a.AnonymousAuthenticationFilter - Set SecurityContextHolder to anonymous SecurityContext
23:17:57.750 DEBUG o.s.security.web.FilterChainProxy - Secured POST /api/auth/login
23:17:57.777 DEBUG o.s.security.web.FilterChainProxy - Securing POST /api/auth/login
23:17:57.778 DEBUG o.s.s.w.a.AnonymousAuthenticationFilter - Set SecurityContextHolder to anonymous SecurityContext
23:17:57.778 DEBUG o.s.security.web.FilterChainProxy - Secured POST /api/auth/login
23:17:57.846 DEBUG o.s.security.web.FilterChainProxy - Securing POST /api/auth/login
23:17:57.846 DEBUG o.s.s.w.a.AnonymousAuthenticationFilter - Set SecurityContextHolder to anonymous SecurityContext
23:17:57.846 DEBUG o.s.security.web.FilterChainProxy - Secured POST /api/auth/login
23:17:57.853 DEBUG o.s.security.web.FilterChainProxy - Securing POST /api/auth/login
23:17:57.853 DEBUG o.s.s.w.a.AnonymousAuthenticationFilter - Set SecurityContextHolder to anonymous SecurityContext
23:17:57.853 DEBUG o.s.security.web.FilterChainProxy - Secured POST /api/auth/login
23:17:57.861 DEBUG o.s.security.web.FilterChainProxy - Securing POST /api/auth/login
23:17:57.861 DEBUG o.s.s.w.a.AnonymousAuthenticationFilter - Set SecurityContextHolder to anonymous SecurityContext
23:17:57.861 DEBUG o.s.security.web.FilterChainProxy - Secured POST /api/auth/login
23:17:57.974 DEBUG o.s.security.web.FilterChainProxy - Securing POST /api/auth/login
23:17:57.974 DEBUG o.s.s.w.a.AnonymousAuthenticationFilter - Set SecurityContextHolder to anonymous SecurityContext
23:17:57.974 DEBUG o.s.security.web.FilterChainProxy - Secured POST /api/auth/login
23:17:58.074 DEBUG o.s.security.web.FilterChainProxy - Securing POST /api/auth/login
23:17:58.074 DEBUG o.s.s.w.a.AnonymousAuthenticationFilter - Set SecurityContextHolder to anonymous SecurityContext
23:17:58.074 DEBUG o.s.security.web.FilterChainProxy - Secured POST /api/auth/login
23:17:58.092 DEBUG o.s.security.web.FilterChainProxy - Securing POST /api/auth/login
23:17:58.092 DEBUG o.s.s.w.a.AnonymousAuthenticationFilter - Set SecurityContextHolder to anonymous SecurityContext
23:17:58.092 DEBUG o.s.security.web.FilterChainProxy - Secured POST /api/auth/login
23:17:58.108 DEBUG o.s.security.web.FilterChainProxy - Securing POST /api/auth/login
23:17:58.108 DEBUG o.s.s.w.a.AnonymousAuthenticationFilter - Set SecurityContextHolder to anonymous SecurityContext
23:17:58.109 DEBUG o.s.security.web.FilterChainProxy - Secured POST /api/auth/login
23:17:58.127 DEBUG o.s.s.a.d.DaoAuthenticationProvider - Authenticated user
23:17:58.191 DEBUG o.s.s.a.d.DaoAuthenticationProvider - Authenticated user
23:17:58.249 DEBUG o.s.s.a.d.DaoAuthenticationProvider - Authenticated user
23:17:58.282 DEBUG o.s.security.web.FilterChainProxy - Securing POST /api/auth/login
23:17:58.282 DEBUG o.s.s.w.a.AnonymousAuthenticationFilter - Set SecurityContextHolder to anonymous SecurityContext
23:17:58.282 DEBUG o.s.security.web.FilterChainProxy - Secured POST /api/auth/login
23:17:58.329 DEBUG o.s.security.web.FilterChainProxy - Securing POST /api/auth/login
23:17:58.329 DEBUG o.s.s.w.a.AnonymousAuthenticationFilter - Set SecurityContextHolder to anonymous SecurityContext
23:17:58.330 DEBUG o.s.security.web.FilterChainProxy - Secured POST /api/auth/login
23:17:58.332 DEBUG o.s.s.a.d.DaoAuthenticationProvider - Authenticated user
23:17:58.354 DEBUG o.s.s.a.d.DaoAuthenticationProvider - Authenticated user
23:17:58.436 DEBUG o.s.security.web.FilterChainProxy - Securing POST /api/auth/login
23:17:58.437 DEBUG o.s.s.w.a.AnonymousAuthenticationFilter - Set SecurityContextHolder to anonymous SecurityContext
23:17:58.437 DEBUG o.s.security.web.FilterChainProxy - Secured POST /api/auth/login
23:17:58.551 DEBUG o.s.security.web.FilterChainProxy - Securing POST /api/auth/login
23:17:58.551 DEBUG o.s.s.w.a.AnonymousAuthenticationFilter - Set SecurityContextHolder to anonymous SecurityContext
23:17:58.551 DEBUG o.s.security.web.FilterChainProxy - Secured POST /api/auth/login
23:17:58.579 DEBUG o.s.s.a.d.DaoAuthenticationProvider - Authenticated user
23:17:58.593 DEBUG o.s.s.a.d.DaoAuthenticationProvider - Authenticated user
23:17:58.613 DEBUG o.s.security.web.FilterChainProxy - Securing POST /api/auth/login
23:17:58.613 DEBUG o.s.s.w.a.AnonymousAuthenticationFilter - Set SecurityContextHolder to anonymous SecurityContext
23:17:58.613 DEBUG o.s.security.web.FilterChainProxy - Secured POST /api/auth/login
23:17:58.643 DEBUG o.s.security.web.FilterChainProxy - Securing POST /api/auth/login
23:17:58.643 DEBUG o.s.s.w.a.AnonymousAuthenticationFilter - Set SecurityContextHolder to anonymous SecurityContext
23:17:58.644 DEBUG o.s.security.web.FilterChainProxy - Secured POST /api/auth/login
23:17:58.739 DEBUG o.s.s.a.d.DaoAuthenticationProvider - Authenticated user
23:17:58.798 DEBUG o.s.security.web.FilterChainProxy - Securing POST /api/auth/login
23:17:58.799 DEBUG o.s.s.w.a.AnonymousAuthenticationFilter - Set SecurityContextHolder to anonymous SecurityContext
23:17:58.799 DEBUG o.s.security.web.FilterChainProxy - Secured POST /api/auth/login
23:17:58.831 DEBUG o.s.security.web.FilterChainProxy - Securing POST /api/auth/login
23:17:58.831 DEBUG o.s.security.web.FilterChainProxy - Securing POST /api/auth/login
23:17:58.831 DEBUG o.s.s.w.a.AnonymousAuthenticationFilter - Set SecurityContextHolder to anonymous SecurityContext
23:17:58.831 DEBUG o.s.s.w.a.AnonymousAuthenticationFilter - Set SecurityContextHolder to anonymous SecurityContext
23:17:58.832 DEBUG o.s.security.web.FilterChainProxy - Secured POST /api/auth/login
23:17:58.832 DEBUG o.s.security.web.FilterChainProxy - Secured POST /api/auth/login
23:17:58.910 DEBUG o.s.security.web.FilterChainProxy - Securing POST /api/auth/login
23:17:58.910 DEBUG o.s.s.w.a.AnonymousAuthenticationFilter - Set SecurityContextHolder to anonymous SecurityContext
23:17:58.911 DEBUG o.s.security.web.FilterChainProxy - Secured POST /api/auth/login
23:17:58.912 DEBUG o.s.s.a.d.DaoAuthenticationProvider - Authenticated user
23:17:59.018 DEBUG o.s.security.web.FilterChainProxy - Securing POST /api/auth/login
23:17:59.018 DEBUG o.s.s.w.a.AnonymousAuthenticationFilter - Set SecurityContextHolder to anonymous SecurityContext
23:17:59.019 DEBUG o.s.security.web.FilterChainProxy - Secured POST /api/auth/login
23:17:59.093 DEBUG o.s.security.web.FilterChainProxy - Securing POST /api/auth/login
23:17:59.094 DEBUG o.s.s.w.a.AnonymousAuthenticationFilter - Set SecurityContextHolder to anonymous SecurityContext
23:17:59.094 DEBUG o.s.security.web.FilterChainProxy - Secured POST /api/auth/login
23:17:59.153 DEBUG o.s.security.web.FilterChainProxy - Securing POST /api/auth/login
23:17:59.153 DEBUG o.s.s.w.a.AnonymousAuthenticationFilter - Set SecurityContextHolder to anonymous SecurityContext
23:17:59.154 DEBUG o.s.security.web.FilterChainProxy - Secured POST /api/auth/login
23:17:59.165 DEBUG o.s.s.a.d.DaoAuthenticationProvider - Authenticated user
23:17:59.288 DEBUG o.s.security.web.FilterChainProxy - Securing POST /api/auth/login
23:17:59.288 DEBUG o.s.s.w.a.AnonymousAuthenticationFilter - Set SecurityContextHolder to anonymous SecurityContext
23:17:59.289 DEBUG o.s.security.web.FilterChainProxy - Secured POST /api/auth/login
23:17:59.356 DEBUG o.s.s.a.d.DaoAuthenticationProvider - Authenticated user
23:17:59.365 DEBUG o.s.s.a.d.DaoAuthenticationProvider - Authenticated user
23:17:59.380 DEBUG o.s.security.web.FilterChainProxy - Securing POST /api/auth/login
23:17:59.380 DEBUG o.s.s.w.a.AnonymousAuthenticationFilter - Set SecurityContextHolder to anonymous SecurityContext
23:17:59.380 DEBUG o.s.security.web.FilterChainProxy - Secured POST /api/auth/login
23:17:59.407 DEBUG o.s.security.web.FilterChainProxy - Securing POST /api/auth/login
23:17:59.408 DEBUG o.s.s.w.a.AnonymousAuthenticationFilter - Set SecurityContextHolder to anonymous SecurityContext
23:17:59.408 DEBUG o.s.security.web.FilterChainProxy - Secured POST /api/auth/login
23:17:59.513 DEBUG o.s.security.web.FilterChainProxy - Securing POST /api/auth/login
23:17:59.513 DEBUG o.s.s.w.a.AnonymousAuthenticationFilter - Set SecurityContextHolder to anonymous SecurityContext
23:17:59.513 DEBUG o.s.security.web.FilterChainProxy - Secured POST /api/auth/login
23:17:59.516 DEBUG o.s.security.web.FilterChainProxy - Securing POST /api/auth/login
23:17:59.516 DEBUG o.s.s.w.a.AnonymousAuthenticationFilter - Set SecurityContextHolder to anonymous SecurityContext
23:17:59.517 DEBUG o.s.security.web.FilterChainProxy - Secured POST /api/auth/login
23:17:59.538 DEBUG o.s.security.web.FilterChainProxy - Securing POST /api/auth/login
23:17:59.538 DEBUG o.s.s.w.a.AnonymousAuthenticationFilter - Set SecurityContextHolder to anonymous SecurityContext
23:17:59.539 DEBUG o.s.security.web.FilterChainProxy - Secured POST /api/auth/login
23:17:59.566 DEBUG o.s.s.a.d.DaoAuthenticationProvider - Authenticated user
23:17:59.598 DEBUG o.s.security.web.FilterChainProxy - Securing POST /api/auth/login
23:17:59.598 DEBUG o.s.s.w.a.AnonymousAuthenticationFilter - Set SecurityContextHolder to anonymous SecurityContext
23:17:59.598 DEBUG o.s.security.web.FilterChainProxy - Secured POST /api/auth/login
23:17:59.623 DEBUG o.s.s.a.d.DaoAuthenticationProvider - Authenticated user
23:17:59.634 DEBUG o.s.security.web.FilterChainProxy - Securing POST /api/auth/login
23:17:59.634 DEBUG o.s.s.w.a.AnonymousAuthenticationFilter - Set SecurityContextHolder to anonymous SecurityContext
23:17:59.634 DEBUG o.s.security.web.FilterChainProxy - Secured POST /api/auth/login
23:17:59.660 DEBUG o.s.security.web.FilterChainProxy - Securing POST /api/auth/login
23:17:59.660 DEBUG o.s.s.w.a.AnonymousAuthenticationFilter - Set SecurityContextHolder to anonymous SecurityContext
23:17:59.660 DEBUG o.s.security.web.FilterChainProxy - Secured POST /api/auth/login
23:17:59.765 DEBUG o.s.s.a.d.DaoAuthenticationProvider - Authenticated user
23:17:59.770 DEBUG o.s.security.web.FilterChainProxy - Securing POST /api/auth/login
23:17:59.771 DEBUG o.s.s.w.a.AnonymousAuthenticationFilter - Set SecurityContextHolder to anonymous SecurityContext
23:17:59.771 DEBUG o.s.security.web.FilterChainProxy - Secured POST /api/auth/login
23:17:59.772 DEBUG o.s.security.web.FilterChainProxy - Securing POST /api/auth/login
23:17:59.772 DEBUG o.s.s.w.a.AnonymousAuthenticationFilter - Set SecurityContextHolder to anonymous SecurityContext
23:17:59.772 DEBUG o.s.security.web.FilterChainProxy - Secured POST /api/auth/login
23:17:59.799 DEBUG o.s.security.web.FilterChainProxy - Securing POST /api/auth/login
23:17:59.799 DEBUG o.s.s.w.a.AnonymousAuthenticationFilter - Set SecurityContextHolder to anonymous SecurityContext
23:17:59.800 DEBUG o.s.security.web.FilterChainProxy - Secured POST /api/auth/login
23:17:59.801 DEBUG o.s.s.a.d.DaoAuthenticationProvider - Authenticated user
23:17:59.822 DEBUG o.s.security.web.FilterChainProxy - Securing POST /api/auth/login
23:17:59.822 DEBUG o.s.s.w.a.AnonymousAuthenticationFilter - Set SecurityContextHolder to anonymous SecurityContext
23:17:59.823 DEBUG o.s.security.web.FilterChainProxy - Secured POST /api/auth/login
23:17:59.941 DEBUG o.s.s.a.d.DaoAuthenticationProvider - Authenticated user
23:17:59.981 DEBUG o.s.security.web.FilterChainProxy - Securing POST /api/auth/login
23:17:59.981 DEBUG o.s.s.w.a.AnonymousAuthenticationFilter - Set SecurityContextHolder to anonymous SecurityContext
23:17:59.981 DEBUG o.s.security.web.FilterChainProxy - Secured POST /api/auth/login
23:18:00.105 DEBUG o.s.security.web.FilterChainProxy - Securing POST /api/auth/login
23:18:00.106 DEBUG o.s.s.w.a.AnonymousAuthenticationFilter - Set SecurityContextHolder to anonymous SecurityContext
23:18:00.106 DEBUG o.s.security.web.FilterChainProxy - Secured POST /api/auth/login
23:18:00.111 DEBUG o.s.s.a.d.DaoAuthenticationProvider - Authenticated user
23:18:00.123 DEBUG o.s.s.a.d.DaoAuthenticationProvider - Authenticated user
23:18:00.223 DEBUG o.s.security.web.FilterChainProxy - Securing POST /api/auth/login
23:18:00.223 DEBUG o.s.s.w.a.AnonymousAuthenticationFilter - Set SecurityContextHolder to anonymous SecurityContext
23:18:00.223 DEBUG o.s.security.web.FilterChainProxy - Secured POST /api/auth/login
23:18:00.277 DEBUG o.s.security.web.FilterChainProxy - Securing POST /api/auth/login
23:18:00.278 DEBUG o.s.s.w.a.AnonymousAuthenticationFilter - Set SecurityContextHolder to anonymous SecurityContext
23:18:00.278 DEBUG o.s.security.web.FilterChainProxy - Secured POST /api/auth/login
23:18:00.281 DEBUG o.s.security.web.FilterChainProxy - Securing POST /api/auth/login
23:18:00.281 DEBUG o.s.s.w.a.AnonymousAuthenticationFilter - Set SecurityContextHolder to anonymous SecurityContext
23:18:00.281 DEBUG o.s.security.web.FilterChainProxy - Secured POST /api/auth/login
23:18:00.353 DEBUG o.s.s.a.d.DaoAuthenticationProvider - Authenticated user
23:18:00.383 DEBUG o.s.s.a.d.DaoAuthenticationProvider - Authenticated user
23:18:00.387 DEBUG o.s.security.web.FilterChainProxy - Securing POST /api/auth/login
23:18:00.387 DEBUG o.s.s.w.a.AnonymousAuthenticationFilter - Set SecurityContextHolder to anonymous SecurityContext
23:18:00.387 DEBUG o.s.security.web.FilterChainProxy - Secured POST /api/auth/login
23:18:00.438 DEBUG o.s.security.web.FilterChainProxy - Securing POST /api/auth/login
23:18:00.438 DEBUG o.s.s.w.a.AnonymousAuthenticationFilter - Set SecurityContextHolder to anonymous SecurityContext
23:18:00.438 DEBUG o.s.security.web.FilterChainProxy - Secured POST /api/auth/login
23:18:00.440 DEBUG o.s.s.a.d.DaoAuthenticationProvider - Authenticated user
23:18:00.526 DEBUG o.s.security.web.FilterChainProxy - Securing POST /api/auth/login
23:18:00.526 DEBUG o.s.s.w.a.AnonymousAuthenticationFilter - Set SecurityContextHolder to anonymous SecurityContext
23:18:00.526 DEBUG o.s.security.web.FilterChainProxy - Secured POST /api/auth/login
23:18:00.628 DEBUG o.s.security.web.FilterChainProxy - Securing POST /api/auth/login
23:18:00.629 DEBUG o.s.s.w.a.AnonymousAuthenticationFilter - Set SecurityContextHolder to anonymous SecurityContext
23:18:00.629 DEBUG o.s.security.web.FilterChainProxy - Secured POST /api/auth/login
23:18:00.769 DEBUG o.s.s.a.d.DaoAuthenticationProvider - Authenticated user
23:18:00.791 DEBUG o.s.security.web.FilterChainProxy - Securing POST /api/auth/login
23:18:00.791 DEBUG o.s.s.w.a.AnonymousAuthenticationFilter - Set SecurityContextHolder to anonymous SecurityContext
23:18:00.792 DEBUG o.s.security.web.FilterChainProxy - Secured POST /api/auth/login
23:18:00.799 DEBUG o.s.s.a.d.DaoAuthenticationProvider - Authenticated user
23:18:00.812 DEBUG o.s.security.web.FilterChainProxy - Securing POST /api/auth/login
23:18:00.812 DEBUG o.s.s.w.a.AnonymousAuthenticationFilter - Set SecurityContextHolder to anonymous SecurityContext
23:18:00.812 DEBUG o.s.security.web.FilterChainProxy - Secured POST /api/auth/login
23:18:00.907 DEBUG o.s.s.a.d.DaoAuthenticationProvider - Authenticated user
23:18:00.909 DEBUG o.s.security.web.FilterChainProxy - Securing POST /api/auth/login
23:18:00.909 DEBUG o.s.s.w.a.AnonymousAuthenticationFilter - Set SecurityContextHolder to anonymous SecurityContext
23:18:00.909 DEBUG o.s.security.web.FilterChainProxy - Secured POST /api/auth/login
23:18:00.929 DEBUG o.s.security.web.FilterChainProxy - Securing POST /api/auth/login
23:18:00.929 DEBUG o.s.s.w.a.AnonymousAuthenticationFilter - Set SecurityContextHolder to anonymous SecurityContext
23:18:00.929 DEBUG o.s.security.web.FilterChainProxy - Secured POST /api/auth/login
23:18:00.980 DEBUG o.s.security.web.FilterChainProxy - Securing POST /api/auth/login
23:18:00.980 DEBUG o.s.s.w.a.AnonymousAuthenticationFilter - Set SecurityContextHolder to anonymous SecurityContext
23:18:00.980 DEBUG o.s.security.web.FilterChainProxy - Secured POST /api/auth/login
23:18:00.985 DEBUG o.s.security.web.FilterChainProxy - Securing POST /api/auth/login
23:18:00.986 DEBUG o.s.s.w.a.AnonymousAuthenticationFilter - Set SecurityContextHolder to anonymous SecurityContext
23:18:00.986 DEBUG o.s.security.web.FilterChainProxy - Secured POST /api/auth/login
23:18:01.062 DEBUG o.s.s.a.d.DaoAuthenticationProvider - Authenticated user
23:18:01.103 DEBUG o.s.s.a.d.DaoAuthenticationProvider - Authenticated user
23:18:01.118 DEBUG o.s.security.web.FilterChainProxy - Securing POST /api/auth/login
23:18:01.118 DEBUG o.s.s.w.a.AnonymousAuthenticationFilter - Set SecurityContextHolder to anonymous SecurityContext
23:18:01.118 DEBUG o.s.security.web.FilterChainProxy - Secured POST /api/auth/login
23:18:01.129 DEBUG o.s.security.web.FilterChainProxy - Securing POST /api/auth/login
23:18:01.130 DEBUG o.s.s.w.a.AnonymousAuthenticationFilter - Set SecurityContextHolder to anonymous SecurityContext
23:18:01.130 DEBUG o.s.security.web.FilterChainProxy - Secured POST /api/auth/login
23:18:01.147 DEBUG o.s.security.web.FilterChainProxy - Securing POST /api/auth/login
23:18:01.147 DEBUG o.s.s.w.a.AnonymousAuthenticationFilter - Set SecurityContextHolder to anonymous SecurityContext
23:18:01.148 DEBUG o.s.security.web.FilterChainProxy - Secured POST /api/auth/login
23:18:01.170 DEBUG o.s.security.web.FilterChainProxy - Securing POST /api/auth/login
23:18:01.171 DEBUG o.s.s.w.a.AnonymousAuthenticationFilter - Set SecurityContextHolder to anonymous SecurityContext
23:18:01.171 DEBUG o.s.security.web.FilterChainProxy - Secured POST /api/auth/login
23:18:01.204 DEBUG o.s.s.a.d.DaoAuthenticationProvider - Authenticated user
23:18:01.215 DEBUG o.s.security.web.FilterChainProxy - Securing POST /api/auth/login
23:18:01.215 DEBUG o.s.s.w.a.AnonymousAuthenticationFilter - Set SecurityContextHolder to anonymous SecurityContext
23:18:01.215 DEBUG o.s.security.web.FilterChainProxy - Secured POST /api/auth/login
23:18:01.269 DEBUG o.s.security.web.FilterChainProxy - Securing POST /api/auth/login
23:18:01.269 DEBUG o.s.s.w.a.AnonymousAuthenticationFilter - Set SecurityContextHolder to anonymous SecurityContext
23:18:01.269 DEBUG o.s.security.web.FilterChainProxy - Secured POST /api/auth/login
23:18:01.292 DEBUG o.s.security.web.FilterChainProxy - Securing POST /api/auth/login
23:18:01.292 DEBUG o.s.s.w.a.AnonymousAuthenticationFilter - Set SecurityContextHolder to anonymous SecurityContext
23:18:01.292 DEBUG o.s.security.web.FilterChainProxy - Secured POST /api/auth/login
23:18:01.354 DEBUG o.s.s.a.d.DaoAuthenticationProvider - Authenticated user
23:18:01.360 DEBUG o.s.security.web.FilterChainProxy - Securing POST /api/auth/login
23:18:01.361 DEBUG o.s.s.w.a.AnonymousAuthenticationFilter - Set SecurityContextHolder to anonymous SecurityContext
23:18:01.361 DEBUG o.s.security.web.FilterChainProxy - Secured POST /api/auth/login
23:18:01.499 DEBUG o.s.s.a.d.DaoAuthenticationProvider - Authenticated user
23:18:01.537 DEBUG o.s.s.a.d.DaoAuthenticationProvider - Authenticated user
23:18:01.582 DEBUG o.s.security.web.FilterChainProxy - Securing POST /api/auth/login
23:18:01.582 DEBUG o.s.s.w.a.AnonymousAuthenticationFilter - Set SecurityContextHolder to anonymous SecurityContext
23:18:01.582 DEBUG o.s.security.web.FilterChainProxy - Secured POST /api/auth/login
23:18:01.594 DEBUG o.s.security.web.FilterChainProxy - Securing POST /api/auth/login
23:18:01.594 DEBUG o.s.s.w.a.AnonymousAuthenticationFilter - Set SecurityContextHolder to anonymous SecurityContext
23:18:01.594 DEBUG o.s.security.web.FilterChainProxy - Secured POST /api/auth/login
23:18:01.594 DEBUG o.s.s.a.d.DaoAuthenticationProvider - Authenticated user
23:18:01.625 DEBUG o.s.security.web.FilterChainProxy - Securing POST /api/auth/login
23:18:01.625 DEBUG o.s.s.w.a.AnonymousAuthenticationFilter - Set SecurityContextHolder to anonymous SecurityContext
23:18:01.625 DEBUG o.s.security.web.FilterChainProxy - Secured POST /api/auth/login
23:18:01.638 DEBUG o.s.security.web.FilterChainProxy - Securing POST /api/auth/login
23:18:01.638 DEBUG o.s.s.w.a.AnonymousAuthenticationFilter - Set SecurityContextHolder to anonymous SecurityContext
23:18:01.639 DEBUG o.s.security.web.FilterChainProxy - Secured POST /api/auth/login
23:18:01.642 DEBUG o.s.security.web.FilterChainProxy - Securing POST /api/auth/login
23:18:01.642 DEBUG o.s.s.w.a.AnonymousAuthenticationFilter - Set SecurityContextHolder to anonymous SecurityContext
23:18:01.642 DEBUG o.s.security.web.FilterChainProxy - Secured POST /api/auth/login
23:18:01.657 DEBUG o.s.security.web.FilterChainProxy - Securing POST /api/auth/login
23:18:01.658 DEBUG o.s.s.w.a.AnonymousAuthenticationFilter - Set SecurityContextHolder to anonymous SecurityContext
23:18:01.658 DEBUG o.s.security.web.FilterChainProxy - Secured POST /api/auth/login
23:18:01.705 DEBUG o.s.security.web.FilterChainProxy - Securing POST /api/auth/login
23:18:01.705 DEBUG o.s.s.w.a.AnonymousAuthenticationFilter - Set SecurityContextHolder to anonymous SecurityContext
23:18:01.706 DEBUG o.s.security.web.FilterChainProxy - Secured POST /api/auth/login
23:18:01.721 DEBUG o.s.security.web.FilterChainProxy - Securing POST /api/auth/login
23:18:01.722 DEBUG o.s.s.w.a.AnonymousAuthenticationFilter - Set SecurityContextHolder to anonymous SecurityContext
23:18:01.722 DEBUG o.s.security.web.FilterChainProxy - Secured POST /api/auth/login
23:18:01.725 DEBUG o.s.security.web.FilterChainProxy - Securing POST /api/auth/login
23:18:01.726 DEBUG o.s.s.w.a.AnonymousAuthenticationFilter - Set SecurityContextHolder to anonymous SecurityContext
23:18:01.726 DEBUG o.s.security.web.FilterChainProxy - Secured POST /api/auth/login
23:18:01.758 DEBUG o.s.security.web.FilterChainProxy - Securing POST /api/auth/login
23:18:01.758 DEBUG o.s.s.w.a.AnonymousAuthenticationFilter - Set SecurityContextHolder to anonymous SecurityContext
23:18:01.758 DEBUG o.s.security.web.FilterChainProxy - Secured POST /api/auth/login
23:18:01.770 DEBUG o.s.s.a.d.DaoAuthenticationProvider - Authenticated user
23:18:01.812 DEBUG o.s.s.a.d.DaoAuthenticationProvider - Authenticated user
23:18:01.859 DEBUG o.s.security.web.FilterChainProxy - Securing POST /api/auth/login
23:18:01.859 DEBUG o.s.s.w.a.AnonymousAuthenticationFilter - Set SecurityContextHolder to anonymous SecurityContext
23:18:01.859 DEBUG o.s.security.web.FilterChainProxy - Secured POST /api/auth/login
23:18:01.878 DEBUG o.s.s.a.d.DaoAuthenticationProvider - Authenticated user
23:18:01.931 DEBUG o.s.s.a.d.DaoAuthenticationProvider - Authenticated user
23:18:01.947 DEBUG o.s.security.web.FilterChainProxy - Securing POST /api/auth/login
23:18:01.948 DEBUG o.s.s.w.a.AnonymousAuthenticationFilter - Set SecurityContextHolder to anonymous SecurityContext
23:18:01.948 DEBUG o.s.security.web.FilterChainProxy - Secured POST /api/auth/login
23:18:01.975 DEBUG o.s.security.web.FilterChainProxy - Securing POST /api/auth/login
23:18:01.975 DEBUG o.s.s.w.a.AnonymousAuthenticationFilter - Set SecurityContextHolder to anonymous SecurityContext
23:18:01.976 DEBUG o.s.security.web.FilterChainProxy - Secured POST /api/auth/login
23:18:02.036 DEBUG o.s.security.web.FilterChainProxy - Securing POST /api/auth/login
23:18:02.036 DEBUG o.s.s.w.a.AnonymousAuthenticationFilter - Set SecurityContextHolder to anonymous SecurityContext
23:18:02.036 DEBUG o.s.security.web.FilterChainProxy - Secured POST /api/auth/login
23:18:02.091 DEBUG o.s.s.a.d.DaoAuthenticationProvider - Authenticated user
23:18:02.151 DEBUG o.s.s.a.d.DaoAuthenticationProvider - Authenticated user
23:18:02.161 DEBUG o.s.s.a.d.DaoAuthenticationProvider - Authenticated user
23:18:02.188 DEBUG o.s.security.web.FilterChainProxy - Securing POST /api/auth/login
23:18:02.189 DEBUG o.s.s.w.a.AnonymousAuthenticationFilter - Set SecurityContextHolder to anonymous SecurityContext
23:18:02.189 DEBUG o.s.security.web.FilterChainProxy - Secured POST /api/auth/login
23:18:02.252 DEBUG o.s.security.web.FilterChainProxy - Securing POST /api/auth/login
23:18:02.252 DEBUG o.s.s.w.a.AnonymousAuthenticationFilter - Set SecurityContextHolder to anonymous SecurityContext
23:18:02.252 DEBUG o.s.security.web.FilterChainProxy - Secured POST /api/auth/login
23:18:02.262 DEBUG o.s.security.web.FilterChainProxy - Securing POST /api/auth/login
23:18:02.262 DEBUG o.s.s.w.a.AnonymousAuthenticationFilter - Set SecurityContextHolder to anonymous SecurityContext
23:18:02.262 DEBUG o.s.security.web.FilterChainProxy - Secured POST /api/auth/login
23:18:02.359 DEBUG o.s.s.a.d.DaoAuthenticationProvider - Authenticated user
23:18:02.366 DEBUG o.s.s.a.d.DaoAuthenticationProvider - Authenticated user
23:18:02.459 DEBUG o.s.security.web.FilterChainProxy - Securing POST /api/auth/login
23:18:02.460 DEBUG o.s.s.w.a.AnonymousAuthenticationFilter - Set SecurityContextHolder to anonymous SecurityContext
23:18:02.460 DEBUG o.s.security.web.FilterChainProxy - Secured POST /api/auth/login
23:18:02.461 DEBUG o.s.s.a.d.DaoAuthenticationProvider - Authenticated user
23:18:02.525 DEBUG o.s.security.web.FilterChainProxy - Securing POST /api/auth/login
23:18:02.525 DEBUG o.s.s.w.a.AnonymousAuthenticationFilter - Set SecurityContextHolder to anonymous SecurityContext
23:18:02.526 DEBUG o.s.security.web.FilterChainProxy - Secured POST /api/auth/login
23:18:02.546 DEBUG o.s.security.web.FilterChainProxy - Securing POST /api/auth/login
23:18:02.546 DEBUG o.s.s.w.a.AnonymousAuthenticationFilter - Set SecurityContextHolder to anonymous SecurityContext
23:18:02.547 DEBUG o.s.security.web.FilterChainProxy - Secured POST /api/auth/login
23:18:02.602 DEBUG o.s.security.web.FilterChainProxy - Securing POST /api/auth/login
23:18:02.603 DEBUG o.s.s.w.a.AnonymousAuthenticationFilter - Set SecurityContextHolder to anonymous SecurityContext
23:18:02.603 DEBUG o.s.security.web.FilterChainProxy - Secured POST /api/auth/login
23:18:02.606 DEBUG o.s.security.web.FilterChainProxy - Securing POST /api/auth/login
23:18:02.607 DEBUG o.s.s.w.a.AnonymousAuthenticationFilter - Set SecurityContextHolder to anonymous SecurityContext
23:18:02.607 DEBUG o.s.security.web.FilterChainProxy - Secured POST /api/auth/login
23:18:02.664 DEBUG o.s.s.a.d.DaoAuthenticationProvider - Authenticated user
23:18:02.687 DEBUG o.s.security.web.FilterChainProxy - Securing POST /api/auth/login
23:18:02.687 DEBUG o.s.s.w.a.AnonymousAuthenticationFilter - Set SecurityContextHolder to anonymous SecurityContext
23:18:02.687 DEBUG o.s.security.web.FilterChainProxy - Secured POST /api/auth/login
23:18:02.712 DEBUG o.s.s.a.d.DaoAuthenticationProvider - Authenticated user
23:18:02.846 DEBUG o.s.s.a.d.DaoAuthenticationProvider - Authenticated user
23:18:02.861 DEBUG o.s.security.web.FilterChainProxy - Securing POST /api/auth/login
23:18:02.861 DEBUG o.s.s.w.a.AnonymousAuthenticationFilter - Set SecurityContextHolder to anonymous SecurityContext
23:18:02.862 DEBUG o.s.security.web.FilterChainProxy - Secured POST /api/auth/login
23:18:02.865 DEBUG o.s.security.web.FilterChainProxy - Securing POST /api/auth/login
23:18:02.866 DEBUG o.s.s.w.a.AnonymousAuthenticationFilter - Set SecurityContextHolder to anonymous SecurityContext
23:18:02.866 DEBUG o.s.security.web.FilterChainProxy - Secured POST /api/auth/login
23:18:02.886 DEBUG o.s.security.web.FilterChainProxy - Securing POST /api/auth/login
23:18:02.886 DEBUG o.s.s.w.a.AnonymousAuthenticationFilter - Set SecurityContextHolder to anonymous SecurityContext
23:18:02.886 DEBUG o.s.security.web.FilterChainProxy - Secured POST /api/auth/login
23:18:02.908 DEBUG o.s.s.a.d.DaoAuthenticationProvider - Authenticated user
23:18:02.908 DEBUG o.s.security.web.FilterChainProxy - Securing POST /api/auth/login
23:18:02.908 DEBUG o.s.s.w.a.AnonymousAuthenticationFilter - Set SecurityContextHolder to anonymous SecurityContext
23:18:02.908 DEBUG o.s.security.web.FilterChainProxy - Secured POST /api/auth/login
23:18:02.960 DEBUG o.s.security.web.FilterChainProxy - Securing POST /api/auth/login
23:18:02.960 DEBUG o.s.s.w.a.AnonymousAuthenticationFilter - Set SecurityContextHolder to anonymous SecurityContext
23:18:02.961 DEBUG o.s.security.web.FilterChainProxy - Secured POST /api/auth/login
23:18:03.071 DEBUG o.s.security.web.FilterChainProxy - Securing POST /api/auth/login
23:18:03.071 DEBUG o.s.s.w.a.AnonymousAuthenticationFilter - Set SecurityContextHolder to anonymous SecurityContext
23:18:03.071 DEBUG o.s.security.web.FilterChainProxy - Secured POST /api/auth/login
23:18:03.075 DEBUG o.s.security.web.FilterChainProxy - Securing POST /api/auth/login
23:18:03.076 DEBUG o.s.s.w.a.AnonymousAuthenticationFilter - Set SecurityContextHolder to anonymous SecurityContext
23:18:03.076 DEBUG o.s.security.web.FilterChainProxy - Secured POST /api/auth/login
23:18:03.133 DEBUG o.s.security.web.FilterChainProxy - Securing POST /api/auth/login
23:18:03.133 DEBUG o.s.s.w.a.AnonymousAuthenticationFilter - Set SecurityContextHolder to anonymous SecurityContext
23:18:03.133 DEBUG o.s.security.web.FilterChainProxy - Secured POST /api/auth/login
23:18:03.146 DEBUG o.s.s.a.d.DaoAuthenticationProvider - Authenticated user
23:18:03.151 DEBUG o.s.security.web.FilterChainProxy - Securing POST /api/auth/login
23:18:03.151 DEBUG o.s.s.w.a.AnonymousAuthenticationFilter - Set SecurityContextHolder to anonymous SecurityContext
23:18:03.152 DEBUG o.s.security.web.FilterChainProxy - Secured POST /api/auth/login
23:18:03.218 DEBUG o.s.s.a.d.DaoAuthenticationProvider - Authenticated user
23:18:03.265 DEBUG o.s.s.a.d.DaoAuthenticationProvider - Authenticated user
23:18:03.307 DEBUG o.s.security.web.FilterChainProxy - Securing POST /api/auth/login
23:18:03.307 DEBUG o.s.s.w.a.AnonymousAuthenticationFilter - Set SecurityContextHolder to anonymous SecurityContext
23:18:03.308 DEBUG o.s.security.web.FilterChainProxy - Secured POST /api/auth/login
23:18:03.326 DEBUG o.s.security.web.FilterChainProxy - Securing POST /api/auth/login
23:18:03.326 DEBUG o.s.s.w.a.AnonymousAuthenticationFilter - Set SecurityContextHolder to anonymous SecurityContext
23:18:03.326 DEBUG o.s.security.web.FilterChainProxy - Secured POST /api/auth/login
23:18:03.326 DEBUG o.s.s.a.d.DaoAuthenticationProvider - Authenticated user
23:18:03.337 DEBUG o.s.security.web.FilterChainProxy - Securing POST /api/auth/login
23:18:03.338 DEBUG o.s.s.w.a.AnonymousAuthenticationFilter - Set SecurityContextHolder to anonymous SecurityContext
23:18:03.338 DEBUG o.s.security.web.FilterChainProxy - Secured POST /api/auth/login
23:18:03.375 DEBUG o.s.s.a.d.DaoAuthenticationProvider - Authenticated user
23:18:03.397 DEBUG o.s.security.web.FilterChainProxy - Securing POST /api/auth/login
23:18:03.397 DEBUG o.s.s.w.a.AnonymousAuthenticationFilter - Set SecurityContextHolder to anonymous SecurityContext
23:18:03.397 DEBUG o.s.security.web.FilterChainProxy - Secured POST /api/auth/login
23:18:03.413 DEBUG o.s.s.a.d.DaoAuthenticationProvider - Authenticated user
23:18:03.438 DEBUG o.s.security.web.FilterChainProxy - Securing POST /api/auth/login
23:18:03.439 DEBUG o.s.security.web.FilterChainProxy - Securing POST /api/auth/login
23:18:03.492 DEBUG o.s.s.w.a.AnonymousAuthenticationFilter - Set SecurityContextHolder to anonymous SecurityContext
23:18:03.492 DEBUG o.s.s.w.a.AnonymousAuthenticationFilter - Set SecurityContextHolder to anonymous SecurityContext
23:18:03.492 DEBUG o.s.security.web.FilterChainProxy - Secured POST /api/auth/login
23:18:03.492 DEBUG o.s.security.web.FilterChainProxy - Secured POST /api/auth/login
23:18:03.519 DEBUG o.s.security.web.FilterChainProxy - Securing POST /api/auth/login
23:18:03.519 DEBUG o.s.s.w.a.AnonymousAuthenticationFilter - Set SecurityContextHolder to anonymous SecurityContext
23:18:03.520 DEBUG o.s.security.web.FilterChainProxy - Secured POST /api/auth/login
23:18:03.559 DEBUG o.s.security.web.FilterChainProxy - Securing POST /api/auth/login
23:18:03.567 DEBUG o.s.s.w.a.AnonymousAuthenticationFilter - Set SecurityContextHolder to anonymous SecurityContext
23:18:03.567 DEBUG o.s.security.web.FilterChainProxy - Secured POST /api/auth/login
23:18:03.679 DEBUG o.s.s.a.d.DaoAuthenticationProvider - Authenticated user
23:18:03.696 DEBUG o.s.security.web.FilterChainProxy - Securing POST /api/auth/login
23:18:03.696 DEBUG o.s.s.w.a.AnonymousAuthenticationFilter - Set SecurityContextHolder to anonymous SecurityContext
23:18:03.696 DEBUG o.s.security.web.FilterChainProxy - Secured POST /api/auth/login
23:18:03.726 DEBUG o.s.s.a.d.DaoAuthenticationProvider - Authenticated user
23:18:03.882 DEBUG o.s.security.web.FilterChainProxy - Securing POST /api/auth/login
23:18:03.884 DEBUG o.s.s.w.a.AnonymousAuthenticationFilter - Set SecurityContextHolder to anonymous SecurityContext
23:18:03.884 DEBUG o.s.security.web.FilterChainProxy - Secured POST /api/auth/login
23:18:03.906 DEBUG o.s.security.web.FilterChainProxy - Securing POST /api/auth/login
23:18:03.906 DEBUG o.s.s.w.a.AnonymousAuthenticationFilter - Set SecurityContextHolder to anonymous SecurityContext
23:18:03.906 DEBUG o.s.security.web.FilterChainProxy - Secured POST /api/auth/login
23:18:03.973 DEBUG o.s.security.web.FilterChainProxy - Securing POST /api/auth/login
23:18:03.973 DEBUG o.s.s.w.a.AnonymousAuthenticationFilter - Set SecurityContextHolder to anonymous SecurityContext
23:18:03.974 DEBUG o.s.security.web.FilterChainProxy - Secured POST /api/auth/login
23:18:03.998 DEBUG o.s.security.web.FilterChainProxy - Securing POST /api/auth/login
23:18:03.998 DEBUG o.s.s.w.a.AnonymousAuthenticationFilter - Set SecurityContextHolder to anonymous SecurityContext
23:18:03.998 DEBUG o.s.security.web.FilterChainProxy - Secured POST /api/auth/login
23:18:04.085 DEBUG o.s.s.a.d.DaoAuthenticationProvider - Authenticated user
23:18:04.124 DEBUG o.s.security.web.FilterChainProxy - Securing POST /api/auth/login
23:18:04.124 DEBUG o.s.s.w.a.AnonymousAuthenticationFilter - Set SecurityContextHolder to anonymous SecurityContext
23:18:04.125 DEBUG o.s.security.web.FilterChainProxy - Secured POST /api/auth/login
23:18:04.159 DEBUG o.s.s.a.d.DaoAuthenticationProvider - Authenticated user
23:18:04.176 DEBUG o.s.s.a.d.DaoAuthenticationProvider - Authenticated user
23:18:04.177 DEBUG o.s.security.web.FilterChainProxy - Securing POST /api/auth/login
23:18:04.178 DEBUG o.s.s.w.a.AnonymousAuthenticationFilter - Set SecurityContextHolder to anonymous SecurityContext
23:18:04.178 DEBUG o.s.security.web.FilterChainProxy - Secured POST /api/auth/login
23:18:04.187 DEBUG o.s.security.web.FilterChainProxy - Securing POST /api/auth/login
23:18:04.188 DEBUG o.s.s.w.a.AnonymousAuthenticationFilter - Set SecurityContextHolder to anonymous SecurityContext
23:18:04.188 DEBUG o.s.security.web.FilterChainProxy - Secured POST /api/auth/login
23:18:04.194 DEBUG o.s.s.a.d.DaoAuthenticationProvider - Authenticated user
23:18:04.213 DEBUG o.s.security.web.FilterChainProxy - Securing POST /api/auth/login
23:18:04.213 DEBUG o.s.s.w.a.AnonymousAuthenticationFilter - Set SecurityContextHolder to anonymous SecurityContext
23:18:04.213 DEBUG o.s.security.web.FilterChainProxy - Secured POST /api/auth/login
23:18:04.214 DEBUG o.s.s.a.d.DaoAuthenticationProvider - Authenticated user
23:18:04.345 DEBUG o.s.security.web.FilterChainProxy - Securing POST /api/auth/login
23:18:04.346 DEBUG o.s.s.w.a.AnonymousAuthenticationFilter - Set SecurityContextHolder to anonymous SecurityContext
23:18:04.346 DEBUG o.s.security.web.FilterChainProxy - Secured POST /api/auth/login
23:18:04.360 DEBUG o.s.security.web.FilterChainProxy - Securing POST /api/auth/login
23:18:04.361 DEBUG o.s.s.w.a.AnonymousAuthenticationFilter - Set SecurityContextHolder to anonymous SecurityContext
23:18:04.361 DEBUG o.s.security.web.FilterChainProxy - Secured POST /api/auth/login
23:18:04.369 DEBUG o.s.s.a.d.DaoAuthenticationProvider - Authenticated user
23:18:04.378 DEBUG o.s.security.web.FilterChainProxy - Securing POST /api/auth/login
23:18:04.378 DEBUG o.s.s.w.a.AnonymousAuthenticationFilter - Set SecurityContextHolder to anonymous SecurityContext
23:18:04.379 DEBUG o.s.security.web.FilterChainProxy - Secured POST /api/auth/login
23:18:04.393 DEBUG o.s.s.a.d.DaoAuthenticationProvider - Authenticated user
23:18:04.400 DEBUG o.s.security.web.FilterChainProxy - Securing POST /api/auth/login
23:18:04.400 DEBUG o.s.s.w.a.AnonymousAuthenticationFilter - Set SecurityContextHolder to anonymous SecurityContext
23:18:04.400 DEBUG o.s.security.web.FilterChainProxy - Secured POST /api/auth/login
23:18:04.402 DEBUG o.s.security.web.FilterChainProxy - Securing POST /api/auth/login
23:18:04.402 DEBUG o.s.s.w.a.AnonymousAuthenticationFilter - Set SecurityContextHolder to anonymous SecurityContext
23:18:04.402 DEBUG o.s.security.web.FilterChainProxy - Secured POST /api/auth/login
23:18:04.435 DEBUG o.s.s.a.d.DaoAuthenticationProvider - Authenticated user
23:18:04.450 DEBUG o.s.security.web.FilterChainProxy - Securing POST /api/auth/login
23:18:04.451 DEBUG o.s.s.w.a.AnonymousAuthenticationFilter - Set SecurityContextHolder to anonymous SecurityContext
23:18:04.451 DEBUG o.s.security.web.FilterChainProxy - Secured POST /api/auth/login
23:18:04.484 DEBUG o.s.s.a.d.DaoAuthenticationProvider - Authenticated user
23:18:04.492 DEBUG o.s.s.a.d.DaoAuthenticationProvider - Authenticated user
23:18:04.566 DEBUG o.s.security.web.FilterChainProxy - Securing POST /api/auth/login
23:18:04.566 DEBUG o.s.s.w.a.AnonymousAuthenticationFilter - Set SecurityContextHolder to anonymous SecurityContext
23:18:04.566 DEBUG o.s.security.web.FilterChainProxy - Secured POST /api/auth/login
23:18:04.592 DEBUG o.s.security.web.FilterChainProxy - Securing POST /api/auth/login
23:18:04.592 DEBUG o.s.s.w.a.AnonymousAuthenticationFilter - Set SecurityContextHolder to anonymous SecurityContext
23:18:04.592 DEBUG o.s.security.web.FilterChainProxy - Secured POST /api/auth/login
23:18:04.743 DEBUG o.s.security.web.FilterChainProxy - Securing POST /api/auth/login
23:18:04.743 DEBUG o.s.s.w.a.AnonymousAuthenticationFilter - Set SecurityContextHolder to anonymous SecurityContext
23:18:04.743 DEBUG o.s.security.web.FilterChainProxy - Secured POST /api/auth/login
23:18:04.747 DEBUG o.s.s.a.d.DaoAuthenticationProvider - Authenticated user
23:18:04.762 DEBUG o.s.s.a.d.DaoAuthenticationProvider - Authenticated user
23:18:04.793 DEBUG o.s.security.web.FilterChainProxy - Securing POST /api/auth/login
23:18:04.793 DEBUG o.s.s.w.a.AnonymousAuthenticationFilter - Set SecurityContextHolder to anonymous SecurityContext
23:18:04.794 DEBUG o.s.security.web.FilterChainProxy - Secured POST /api/auth/login
23:18:04.801 DEBUG o.s.security.web.FilterChainProxy - Securing POST /api/auth/login
23:18:04.801 DEBUG o.s.s.w.a.AnonymousAuthenticationFilter - Set SecurityContextHolder to anonymous SecurityContext
23:18:04.801 DEBUG o.s.security.web.FilterChainProxy - Secured POST /api/auth/login
23:18:04.830 DEBUG o.s.security.web.FilterChainProxy - Securing POST /api/auth/login
23:18:04.831 DEBUG o.s.s.w.a.AnonymousAuthenticationFilter - Set SecurityContextHolder to anonymous SecurityContext
23:18:04.831 DEBUG o.s.security.web.FilterChainProxy - Secured POST /api/auth/login
23:18:04.857 DEBUG o.s.security.web.FilterChainProxy - Securing POST /api/auth/login
23:18:04.857 DEBUG o.s.s.w.a.AnonymousAuthenticationFilter - Set SecurityContextHolder to anonymous SecurityContext
23:18:04.857 DEBUG o.s.security.web.FilterChainProxy - Secured POST /api/auth/login
23:18:04.895 DEBUG o.s.security.web.FilterChainProxy - Securing POST /api/auth/login
23:18:04.896 DEBUG o.s.s.w.a.AnonymousAuthenticationFilter - Set SecurityContextHolder to anonymous SecurityContext
23:18:04.896 DEBUG o.s.security.web.FilterChainProxy - Secured POST /api/auth/login
23:18:05.048 DEBUG o.s.security.web.FilterChainProxy - Securing POST /api/auth/login
23:18:05.048 DEBUG o.s.s.w.a.AnonymousAuthenticationFilter - Set SecurityContextHolder to anonymous SecurityContext
23:18:05.048 DEBUG o.s.security.web.FilterChainProxy - Secured POST /api/auth/login
23:18:05.243 DEBUG o.s.security.web.FilterChainProxy - Securing POST /api/auth/login
23:18:05.243 DEBUG o.s.s.w.a.AnonymousAuthenticationFilter - Set SecurityContextHolder to anonymous SecurityContext
23:18:05.243 DEBUG o.s.security.web.FilterChainProxy - Secured POST /api/auth/login
23:18:05.276 DEBUG o.s.s.a.d.DaoAuthenticationProvider - Authenticated user
23:18:05.286 DEBUG o.s.s.a.d.DaoAuthenticationProvider - Authenticated user
23:18:05.311 DEBUG o.s.security.web.FilterChainProxy - Securing POST /api/auth/login
23:18:05.311 DEBUG o.s.s.w.a.AnonymousAuthenticationFilter - Set SecurityContextHolder to anonymous SecurityContext
23:18:05.313 DEBUG o.s.security.web.FilterChainProxy - Secured POST /api/auth/login
23:18:05.326 DEBUG o.s.security.web.FilterChainProxy - Securing POST /api/auth/login
23:18:05.326 DEBUG o.s.s.w.a.AnonymousAuthenticationFilter - Set SecurityContextHolder to anonymous SecurityContext
23:18:05.327 DEBUG o.s.security.web.FilterChainProxy - Secured POST /api/auth/login
23:18:05.375 DEBUG o.s.s.a.d.DaoAuthenticationProvider - Authenticated user
23:18:05.404 DEBUG o.s.security.web.FilterChainProxy - Securing POST /api/auth/login
23:18:05.405 DEBUG o.s.s.w.a.AnonymousAuthenticationFilter - Set SecurityContextHolder to anonymous SecurityContext
23:18:05.405 DEBUG o.s.security.web.FilterChainProxy - Secured POST /api/auth/login
23:18:05.424 DEBUG o.s.s.a.d.DaoAuthenticationProvider - Authenticated user
23:18:05.500 DEBUG o.s.security.web.FilterChainProxy - Securing POST /api/auth/login
23:18:05.501 DEBUG o.s.s.w.a.AnonymousAuthenticationFilter - Set SecurityContextHolder to anonymous SecurityContext
23:18:05.501 DEBUG o.s.security.web.FilterChainProxy - Secured POST /api/auth/login
23:18:05.519 DEBUG o.s.s.a.d.DaoAuthenticationProvider - Authenticated user
23:18:05.535 DEBUG o.s.security.web.FilterChainProxy - Securing POST /api/auth/login
23:18:05.535 DEBUG o.s.s.w.a.AnonymousAuthenticationFilter - Set SecurityContextHolder to anonymous SecurityContext
23:18:05.535 DEBUG o.s.security.web.FilterChainProxy - Secured POST /api/auth/login
23:18:05.582 DEBUG o.s.security.web.FilterChainProxy - Securing POST /api/auth/login
23:18:05.582 DEBUG o.s.s.w.a.AnonymousAuthenticationFilter - Set SecurityContextHolder to anonymous SecurityContext
23:18:05.582 DEBUG o.s.security.web.FilterChainProxy - Secured POST /api/auth/login
23:18:05.582 DEBUG o.s.s.a.d.DaoAuthenticationProvider - Authenticated user
23:18:05.678 DEBUG o.s.security.web.FilterChainProxy - Securing POST /api/auth/login
23:18:05.678 DEBUG o.s.s.w.a.AnonymousAuthenticationFilter - Set SecurityContextHolder to anonymous SecurityContext
23:18:05.679 DEBUG o.s.security.web.FilterChainProxy - Secured POST /api/auth/login
23:18:05.684 DEBUG o.s.security.web.FilterChainProxy - Securing POST /api/auth/login
23:18:05.684 DEBUG o.s.s.w.a.AnonymousAuthenticationFilter - Set SecurityContextHolder to anonymous SecurityContext
23:18:05.685 DEBUG o.s.security.web.FilterChainProxy - Secured POST /api/auth/login
23:18:05.703 DEBUG o.s.s.a.d.DaoAuthenticationProvider - Authenticated user
23:18:05.729 DEBUG o.s.s.a.d.DaoAuthenticationProvider - Authenticated user
23:18:05.749 DEBUG o.s.s.a.d.DaoAuthenticationProvider - Authenticated user
23:18:05.779 DEBUG o.s.security.web.FilterChainProxy - Securing POST /api/auth/login
23:18:05.779 DEBUG o.s.s.w.a.AnonymousAuthenticationFilter - Set SecurityContextHolder to anonymous SecurityContext
23:18:05.779 DEBUG o.s.security.web.FilterChainProxy - Secured POST /api/auth/login
23:18:05.850 DEBUG o.s.security.web.FilterChainProxy - Securing POST /api/auth/login
23:18:05.850 DEBUG o.s.s.w.a.AnonymousAuthenticationFilter - Set SecurityContextHolder to anonymous SecurityContext
23:18:05.851 DEBUG o.s.security.web.FilterChainProxy - Secured POST /api/auth/login
23:18:05.857 DEBUG o.s.security.web.FilterChainProxy - Securing POST /api/auth/login
23:18:05.857 DEBUG o.s.s.w.a.AnonymousAuthenticationFilter - Set SecurityContextHolder to anonymous SecurityContext
23:18:05.857 DEBUG o.s.security.web.FilterChainProxy - Secured POST /api/auth/login
23:18:05.917 DEBUG o.s.security.web.FilterChainProxy - Securing POST /api/auth/login
23:18:05.917 DEBUG o.s.s.w.a.AnonymousAuthenticationFilter - Set SecurityContextHolder to anonymous SecurityContext
23:18:05.917 DEBUG o.s.security.web.FilterChainProxy - Secured POST /api/auth/login
23:18:05.922 DEBUG o.s.security.web.FilterChainProxy - Securing POST /api/auth/login
23:18:05.923 DEBUG o.s.s.w.a.AnonymousAuthenticationFilter - Set SecurityContextHolder to anonymous SecurityContext
23:18:05.923 DEBUG o.s.security.web.FilterChainProxy - Secured POST /api/auth/login
23:18:05.967 DEBUG o.s.s.a.d.DaoAuthenticationProvider - Authenticated user
23:18:05.995 DEBUG o.s.security.web.FilterChainProxy - Securing POST /api/auth/login
23:18:05.996 DEBUG o.s.s.w.a.AnonymousAuthenticationFilter - Set SecurityContextHolder to anonymous SecurityContext
23:18:05.996 DEBUG o.s.security.web.FilterChainProxy - Secured POST /api/auth/login
23:18:06.054 DEBUG o.s.security.web.FilterChainProxy - Securing POST /api/auth/login
23:18:06.054 DEBUG o.s.security.web.FilterChainProxy - Securing POST /api/auth/login
23:18:06.054 DEBUG o.s.s.w.a.AnonymousAuthenticationFilter - Set SecurityContextHolder to anonymous SecurityContext
23:18:06.054 DEBUG o.s.s.w.a.AnonymousAuthenticationFilter - Set SecurityContextHolder to anonymous SecurityContext
23:18:06.054 DEBUG o.s.security.web.FilterChainProxy - Secured POST /api/auth/login
23:18:06.055 DEBUG o.s.security.web.FilterChainProxy - Secured POST /api/auth/login
23:18:06.057 DEBUG o.s.s.a.d.DaoAuthenticationProvider - Authenticated user
23:18:06.103 DEBUG o.s.security.web.FilterChainProxy - Securing POST /api/auth/login
23:18:06.103 DEBUG o.s.s.w.a.AnonymousAuthenticationFilter - Set SecurityContextHolder to anonymous SecurityContext
23:18:06.104 DEBUG o.s.security.web.FilterChainProxy - Secured POST /api/auth/login
23:18:06.144 DEBUG o.s.s.a.d.DaoAuthenticationProvider - Authenticated user
23:18:06.218 DEBUG o.s.s.a.d.DaoAuthenticationProvider - Authenticated user
23:18:06.269 DEBUG o.s.security.web.FilterChainProxy - Securing POST /api/auth/login
23:18:06.270 DEBUG o.s.s.w.a.AnonymousAuthenticationFilter - Set SecurityContextHolder to anonymous SecurityContext
23:18:06.270 DEBUG o.s.security.web.FilterChainProxy - Secured POST /api/auth/login
23:18:06.276 DEBUG o.s.security.web.FilterChainProxy - Securing POST /api/auth/login
23:18:06.276 DEBUG o.s.s.w.a.AnonymousAuthenticationFilter - Set SecurityContextHolder to anonymous SecurityContext
23:18:06.276 DEBUG o.s.security.web.FilterChainProxy - Secured POST /api/auth/login
23:18:06.376 DEBUG o.s.security.web.FilterChainProxy - Securing POST /api/auth/login
23:18:06.376 DEBUG o.s.s.w.a.AnonymousAuthenticationFilter - Set SecurityContextHolder to anonymous SecurityContext
23:18:06.376 DEBUG o.s.security.web.FilterChainProxy - Secured POST /api/auth/login
23:18:06.381 DEBUG o.s.s.a.d.DaoAuthenticationProvider - Authenticated user
23:18:06.386 DEBUG o.s.security.web.FilterChainProxy - Securing POST /api/auth/login
23:18:06.386 DEBUG o.s.s.w.a.AnonymousAuthenticationFilter - Set SecurityContextHolder to anonymous SecurityContext
23:18:06.386 DEBUG o.s.security.web.FilterChainProxy - Secured POST /api/auth/login
23:18:06.407 DEBUG o.s.s.a.d.DaoAuthenticationProvider - Authenticated user
23:18:06.408 DEBUG o.s.security.web.FilterChainProxy - Securing POST /api/auth/login
23:18:06.408 DEBUG o.s.s.w.a.AnonymousAuthenticationFilter - Set SecurityContextHolder to anonymous SecurityContext
23:18:06.408 DEBUG o.s.security.web.FilterChainProxy - Secured POST /api/auth/login
23:18:06.452 DEBUG o.s.s.a.d.DaoAuthenticationProvider - Authenticated user
23:18:06.515 DEBUG o.s.security.web.FilterChainProxy - Securing POST /api/auth/login
23:18:06.515 DEBUG o.s.s.w.a.AnonymousAuthenticationFilter - Set SecurityContextHolder to anonymous SecurityContext
23:18:06.516 DEBUG o.s.security.web.FilterChainProxy - Secured POST /api/auth/login
23:18:06.525 DEBUG o.s.security.web.FilterChainProxy - Securing POST /api/auth/login
23:18:06.525 DEBUG o.s.s.w.a.AnonymousAuthenticationFilter - Set SecurityContextHolder to anonymous SecurityContext
23:18:06.525 DEBUG o.s.security.web.FilterChainProxy - Secured POST /api/auth/login
23:18:06.536 DEBUG o.s.s.a.d.DaoAuthenticationProvider - Authenticated user
23:18:06.562 DEBUG o.s.s.a.d.DaoAuthenticationProvider - Authenticated user
23:18:06.614 DEBUG o.s.security.web.FilterChainProxy - Securing POST /api/auth/login
23:18:06.614 DEBUG o.s.s.w.a.AnonymousAuthenticationFilter - Set SecurityContextHolder to anonymous SecurityContext
23:18:06.614 DEBUG o.s.security.web.FilterChainProxy - Secured POST /api/auth/login
23:18:06.619 DEBUG o.s.s.a.d.DaoAuthenticationProvider - Authenticated user
23:18:06.745 DEBUG o.s.security.web.FilterChainProxy - Securing POST /api/auth/login
23:18:06.745 DEBUG o.s.s.w.a.AnonymousAuthenticationFilter - Set SecurityContextHolder to anonymous SecurityContext
23:18:06.745 DEBUG o.s.security.web.FilterChainProxy - Secured POST /api/auth/login
23:18:06.829 DEBUG o.s.security.web.FilterChainProxy - Securing POST /api/auth/login
23:18:06.830 DEBUG o.s.s.w.a.AnonymousAuthenticationFilter - Set SecurityContextHolder to anonymous SecurityContext
23:18:06.830 DEBUG o.s.security.web.FilterChainProxy - Secured POST /api/auth/login
23:18:06.868 DEBUG o.s.security.web.FilterChainProxy - Securing POST /api/auth/login
23:18:06.868 DEBUG o.s.s.w.a.AnonymousAuthenticationFilter - Set SecurityContextHolder to anonymous SecurityContext
23:18:06.868 DEBUG o.s.security.web.FilterChainProxy - Secured POST /api/auth/login
23:18:06.883 DEBUG o.s.s.a.d.DaoAuthenticationProvider - Authenticated user
23:18:06.886 DEBUG o.s.security.web.FilterChainProxy - Securing POST /api/auth/login
23:18:06.886 DEBUG o.s.security.web.FilterChainProxy - Securing POST /api/auth/login
23:18:06.886 DEBUG o.s.s.w.a.AnonymousAuthenticationFilter - Set SecurityContextHolder to anonymous SecurityContext
23:18:06.886 DEBUG o.s.s.w.a.AnonymousAuthenticationFilter - Set SecurityContextHolder to anonymous SecurityContext
23:18:06.886 DEBUG o.s.security.web.FilterChainProxy - Secured POST /api/auth/login
23:18:06.886 DEBUG o.s.security.web.FilterChainProxy - Secured POST /api/auth/login
23:18:06.894 DEBUG o.s.security.web.FilterChainProxy - Securing POST /api/auth/login
23:18:06.895 DEBUG o.s.s.w.a.AnonymousAuthenticationFilter - Set SecurityContextHolder to anonymous SecurityContext
23:18:06.895 DEBUG o.s.security.web.FilterChainProxy - Secured POST /api/auth/login
23:18:06.952 DEBUG o.s.s.a.d.DaoAuthenticationProvider - Authenticated user
23:18:07.050 DEBUG o.s.s.a.d.DaoAuthenticationProvider - Authenticated user
23:18:07.078 DEBUG o.s.s.a.d.DaoAuthenticationProvider - Authenticated user
23:18:07.091 DEBUG o.s.security.web.FilterChainProxy - Securing POST /api/auth/login
23:18:07.091 DEBUG o.s.s.w.a.AnonymousAuthenticationFilter - Set SecurityContextHolder to anonymous SecurityContext
23:18:07.091 DEBUG o.s.security.web.FilterChainProxy - Secured POST /api/auth/login
23:18:07.121 DEBUG o.s.security.web.FilterChainProxy - Securing POST /api/auth/login
23:18:07.122 DEBUG o.s.s.w.a.AnonymousAuthenticationFilter - Set SecurityContextHolder to anonymous SecurityContext
23:18:07.122 DEBUG o.s.security.web.FilterChainProxy - Secured POST /api/auth/login
23:18:07.152 DEBUG o.s.s.a.d.DaoAuthenticationProvider - Authenticated user
23:18:07.195 DEBUG o.s.security.web.FilterChainProxy - Securing POST /api/auth/login
23:18:07.195 DEBUG o.s.s.w.a.AnonymousAuthenticationFilter - Set SecurityContextHolder to anonymous SecurityContext
23:18:07.195 DEBUG o.s.security.web.FilterChainProxy - Secured POST /api/auth/login
23:18:07.217 DEBUG o.s.security.web.FilterChainProxy - Securing POST /api/auth/login
23:18:07.217 DEBUG o.s.s.w.a.AnonymousAuthenticationFilter - Set SecurityContextHolder to anonymous SecurityContext
23:18:07.217 DEBUG o.s.security.web.FilterChainProxy - Secured POST /api/auth/login
23:18:07.303 DEBUG o.s.security.web.FilterChainProxy - Securing POST /api/auth/login
23:18:07.303 DEBUG o.s.s.w.a.AnonymousAuthenticationFilter - Set SecurityContextHolder to anonymous SecurityContext
23:18:07.303 DEBUG o.s.security.web.FilterChainProxy - Secured POST /api/auth/login
23:18:07.413 DEBUG o.s.s.a.d.DaoAuthenticationProvider - Authenticated user
23:18:07.473 DEBUG o.s.security.web.FilterChainProxy - Securing POST /api/auth/login
23:18:07.473 DEBUG o.s.s.w.a.AnonymousAuthenticationFilter - Set SecurityContextHolder to anonymous SecurityContext
23:18:07.473 DEBUG o.s.security.web.FilterChainProxy - Secured POST /api/auth/login
23:18:07.473 DEBUG o.s.security.web.FilterChainProxy - Securing POST /api/auth/login
23:18:07.476 DEBUG o.s.s.w.a.AnonymousAuthenticationFilter - Set SecurityContextHolder to anonymous SecurityContext
23:18:07.476 DEBUG o.s.security.web.FilterChainProxy - Secured POST /api/auth/login
23:18:07.508 DEBUG o.s.security.web.FilterChainProxy - Securing POST /api/auth/login
23:18:07.508 DEBUG o.s.s.w.a.AnonymousAuthenticationFilter - Set SecurityContextHolder to anonymous SecurityContext
23:18:07.508 DEBUG o.s.security.web.FilterChainProxy - Secured POST /api/auth/login
23:18:07.536 DEBUG o.s.security.web.FilterChainProxy - Securing POST /api/auth/login
23:18:07.536 DEBUG o.s.s.w.a.AnonymousAuthenticationFilter - Set SecurityContextHolder to anonymous SecurityContext
23:18:07.536 DEBUG o.s.security.web.FilterChainProxy - Secured POST /api/auth/login
23:18:07.551 DEBUG o.s.security.web.FilterChainProxy - Securing POST /api/auth/login
23:18:07.551 DEBUG o.s.s.w.a.AnonymousAuthenticationFilter - Set SecurityContextHolder to anonymous SecurityContext
23:18:07.551 DEBUG o.s.security.web.FilterChainProxy - Secured POST /api/auth/login
23:18:07.641 DEBUG o.s.s.a.d.DaoAuthenticationProvider - Authenticated user
23:18:07.652 DEBUG o.s.s.a.d.DaoAuthenticationProvider - Authenticated user
23:18:07.675 DEBUG o.s.security.web.FilterChainProxy - Securing POST /api/auth/login
23:18:07.676 DEBUG o.s.s.w.a.AnonymousAuthenticationFilter - Set SecurityContextHolder to anonymous SecurityContext
23:18:07.676 DEBUG o.s.security.web.FilterChainProxy - Secured POST /api/auth/login
23:18:07.691 DEBUG o.s.s.a.d.DaoAuthenticationProvider - Authenticated user
23:18:07.756 DEBUG o.s.s.a.d.DaoAuthenticationProvider - Authenticated user
23:18:07.772 DEBUG o.s.s.a.d.DaoAuthenticationProvider - Authenticated user
23:18:07.844 DEBUG o.s.security.web.FilterChainProxy - Securing POST /api/auth/login
23:18:07.845 DEBUG o.s.s.w.a.AnonymousAuthenticationFilter - Set SecurityContextHolder to anonymous SecurityContext
23:18:07.845 DEBUG o.s.security.web.FilterChainProxy - Secured POST /api/auth/login
23:18:07.854 DEBUG o.s.s.a.d.DaoAuthenticationProvider - Authenticated user
23:18:07.858 DEBUG o.s.security.web.FilterChainProxy - Securing POST /api/auth/login
23:18:07.858 DEBUG o.s.s.w.a.AnonymousAuthenticationFilter - Set SecurityContextHolder to anonymous SecurityContext
23:18:07.858 DEBUG o.s.security.web.FilterChainProxy - Secured POST /api/auth/login
23:18:07.990 DEBUG o.s.security.web.FilterChainProxy - Securing POST /api/auth/login
23:18:07.990 DEBUG o.s.s.w.a.AnonymousAuthenticationFilter - Set SecurityContextHolder to anonymous SecurityContext
23:18:07.990 DEBUG o.s.security.web.FilterChainProxy - Secured POST /api/auth/login
23:18:07.998 DEBUG o.s.security.web.FilterChainProxy - Securing POST /api/auth/login
23:18:07.998 DEBUG o.s.s.w.a.AnonymousAuthenticationFilter - Set SecurityContextHolder to anonymous SecurityContext
23:18:07.999 DEBUG o.s.security.web.FilterChainProxy - Secured POST /api/auth/login
23:18:08.131 DEBUG o.s.s.a.d.DaoAuthenticationProvider - Authenticated user
23:18:08.145 DEBUG o.s.security.web.FilterChainProxy - Securing POST /api/auth/login
23:18:08.146 DEBUG o.s.s.w.a.AnonymousAuthenticationFilter - Set SecurityContextHolder to anonymous SecurityContext
23:18:08.146 DEBUG o.s.security.web.FilterChainProxy - Secured POST /api/auth/login
23:18:08.168 DEBUG o.s.security.web.FilterChainProxy - Securing POST /api/auth/login
23:18:08.168 DEBUG o.s.s.w.a.AnonymousAuthenticationFilter - Set SecurityContextHolder to anonymous SecurityContext
23:18:08.168 DEBUG o.s.security.web.FilterChainProxy - Secured POST /api/auth/login
23:18:08.180 DEBUG o.s.security.web.FilterChainProxy - Securing POST /api/auth/login
23:18:08.180 DEBUG o.s.s.w.a.AnonymousAuthenticationFilter - Set SecurityContextHolder to anonymous SecurityContext
23:18:08.180 DEBUG o.s.security.web.FilterChainProxy - Secured POST /api/auth/login
23:18:08.189 DEBUG o.s.security.web.FilterChainProxy - Securing POST /api/auth/login
23:18:08.190 DEBUG o.s.s.w.a.AnonymousAuthenticationFilter - Set SecurityContextHolder to anonymous SecurityContext
23:18:08.190 DEBUG o.s.security.web.FilterChainProxy - Secured POST /api/auth/login
23:18:08.287 DEBUG o.s.security.web.FilterChainProxy - Securing POST /api/auth/login
23:18:08.288 DEBUG o.s.s.w.a.AnonymousAuthenticationFilter - Set SecurityContextHolder to anonymous SecurityContext
23:18:08.288 DEBUG o.s.security.web.FilterChainProxy - Secured POST /api/auth/login
23:18:08.307 DEBUG o.s.s.a.d.DaoAuthenticationProvider - Authenticated user
23:18:08.333 DEBUG o.s.s.a.d.DaoAuthenticationProvider - Authenticated user
23:18:08.367 DEBUG o.s.security.web.FilterChainProxy - Securing POST /api/auth/login
23:18:08.367 DEBUG o.s.s.w.a.AnonymousAuthenticationFilter - Set SecurityContextHolder to anonymous SecurityContext
23:18:08.367 DEBUG o.s.security.web.FilterChainProxy - Secured POST /api/auth/login
23:18:08.375 DEBUG o.s.security.web.FilterChainProxy - Securing POST /api/auth/login
23:18:08.375 DEBUG o.s.s.w.a.AnonymousAuthenticationFilter - Set SecurityContextHolder to anonymous SecurityContext
23:18:08.375 DEBUG o.s.security.web.FilterChainProxy - Secured POST /api/auth/login
23:18:08.398 DEBUG o.s.s.a.d.DaoAuthenticationProvider - Authenticated user
23:18:08.408 DEBUG o.s.security.web.FilterChainProxy - Securing POST /api/auth/login
23:18:08.408 DEBUG o.s.s.w.a.AnonymousAuthenticationFilter - Set SecurityContextHolder to anonymous SecurityContext
23:18:08.408 DEBUG o.s.security.web.FilterChainProxy - Secured POST /api/auth/login
23:18:08.419 DEBUG o.s.s.a.d.DaoAuthenticationProvider - Authenticated user
23:18:08.441 DEBUG o.s.s.a.d.DaoAuthenticationProvider - Authenticated user
23:18:08.463 DEBUG o.s.s.a.d.DaoAuthenticationProvider - Authenticated user
23:18:08.525 DEBUG o.s.security.web.FilterChainProxy - Securing POST /api/auth/login
23:18:08.525 DEBUG o.s.s.w.a.AnonymousAuthenticationFilter - Set SecurityContextHolder to anonymous SecurityContext
23:18:08.525 DEBUG o.s.security.web.FilterChainProxy - Secured POST /api/auth/login
23:18:08.569 DEBUG o.s.security.web.FilterChainProxy - Securing POST /api/auth/login
23:18:08.571 DEBUG o.s.s.w.a.AnonymousAuthenticationFilter - Set SecurityContextHolder to anonymous SecurityContext
23:18:08.571 DEBUG o.s.security.web.FilterChainProxy - Secured POST /api/auth/login
23:18:08.571 DEBUG o.s.security.web.FilterChainProxy - Securing POST /api/auth/login
23:18:08.571 DEBUG o.s.s.w.a.AnonymousAuthenticationFilter - Set SecurityContextHolder to anonymous SecurityContext
23:18:08.571 DEBUG o.s.security.web.FilterChainProxy - Secured POST /api/auth/login
23:18:08.735 DEBUG o.s.security.web.FilterChainProxy - Securing POST /api/auth/login
23:18:08.735 DEBUG o.s.s.w.a.AnonymousAuthenticationFilter - Set SecurityContextHolder to anonymous SecurityContext
23:18:08.735 DEBUG o.s.security.web.FilterChainProxy - Secured POST /api/auth/login
23:18:08.752 DEBUG o.s.security.web.FilterChainProxy - Securing POST /api/auth/login
23:18:08.752 DEBUG o.s.s.w.a.AnonymousAuthenticationFilter - Set SecurityContextHolder to anonymous SecurityContext
23:18:08.753 DEBUG o.s.security.web.FilterChainProxy - Secured POST /api/auth/login
23:18:08.877 DEBUG o.s.security.web.FilterChainProxy - Securing POST /api/auth/login
23:18:08.877 DEBUG o.s.s.w.a.AnonymousAuthenticationFilter - Set SecurityContextHolder to anonymous SecurityContext
23:18:08.877 DEBUG o.s.security.web.FilterChainProxy - Secured POST /api/auth/login
23:18:08.897 DEBUG o.s.security.web.FilterChainProxy - Securing POST /api/auth/login
23:18:08.897 DEBUG o.s.security.web.FilterChainProxy - Securing POST /api/auth/login
23:18:08.897 DEBUG o.s.s.w.a.AnonymousAuthenticationFilter - Set SecurityContextHolder to anonymous SecurityContext
23:18:08.897 DEBUG o.s.s.w.a.AnonymousAuthenticationFilter - Set SecurityContextHolder to anonymous SecurityContext
23:18:08.897 DEBUG o.s.security.web.FilterChainProxy - Secured POST /api/auth/login
23:18:08.897 DEBUG o.s.security.web.FilterChainProxy - Secured POST /api/auth/login
23:18:09.026 DEBUG o.s.s.a.d.DaoAuthenticationProvider - Authenticated user
23:18:09.093 DEBUG o.s.s.a.d.DaoAuthenticationProvider - Authenticated user
23:18:09.129 DEBUG o.s.security.web.FilterChainProxy - Securing POST /api/auth/login
23:18:09.129 DEBUG o.s.s.w.a.AnonymousAuthenticationFilter - Set SecurityContextHolder to anonymous SecurityContext
23:18:09.130 DEBUG o.s.security.web.FilterChainProxy - Secured POST /api/auth/login
23:18:09.143 DEBUG o.s.security.web.FilterChainProxy - Securing POST /api/auth/login
23:18:09.143 DEBUG o.s.s.w.a.AnonymousAuthenticationFilter - Set SecurityContextHolder to anonymous SecurityContext
23:18:09.144 DEBUG o.s.security.web.FilterChainProxy - Secured POST /api/auth/login
23:18:09.166 DEBUG o.s.s.a.d.DaoAuthenticationProvider - Authenticated user
23:18:09.169 DEBUG o.s.s.a.d.DaoAuthenticationProvider - Authenticated user
23:18:09.170 DEBUG o.s.security.web.FilterChainProxy - Securing POST /api/auth/login
23:18:09.171 DEBUG o.s.s.w.a.AnonymousAuthenticationFilter - Set SecurityContextHolder to anonymous SecurityContext
23:18:09.171 DEBUG o.s.security.web.FilterChainProxy - Secured POST /api/auth/login
23:18:09.231 DEBUG o.s.security.web.FilterChainProxy - Securing POST /api/auth/login
23:18:09.231 DEBUG o.s.s.w.a.AnonymousAuthenticationFilter - Set SecurityContextHolder to anonymous SecurityContext
23:18:09.232 DEBUG o.s.security.web.FilterChainProxy - Secured POST /api/auth/login
23:18:09.271 DEBUG o.s.security.web.FilterChainProxy - Securing POST /api/auth/login
23:18:09.271 DEBUG o.s.s.w.a.AnonymousAuthenticationFilter - Set SecurityContextHolder to anonymous SecurityContext
23:18:09.271 DEBUG o.s.security.web.FilterChainProxy - Secured POST /api/auth/login
23:18:09.309 DEBUG o.s.security.web.FilterChainProxy - Securing POST /api/auth/login
23:18:09.309 DEBUG o.s.s.w.a.AnonymousAuthenticationFilter - Set SecurityContextHolder to anonymous SecurityContext
23:18:09.310 DEBUG o.s.security.web.FilterChainProxy - Secured POST /api/auth/login
23:18:09.313 DEBUG o.s.security.web.FilterChainProxy - Securing POST /api/auth/login
23:18:09.314 DEBUG o.s.s.w.a.AnonymousAuthenticationFilter - Set SecurityContextHolder to anonymous SecurityContext
23:18:09.314 DEBUG o.s.security.web.FilterChainProxy - Secured POST /api/auth/login
23:18:09.348 DEBUG o.s.s.a.d.DaoAuthenticationProvider - Authenticated user
23:18:09.350 DEBUG o.s.s.a.d.DaoAuthenticationProvider - Authenticated user
23:18:09.368 DEBUG o.s.s.a.d.DaoAuthenticationProvider - Authenticated user
23:18:09.439 DEBUG o.s.security.web.FilterChainProxy - Securing POST /api/auth/login
23:18:09.440 DEBUG o.s.s.w.a.AnonymousAuthenticationFilter - Set SecurityContextHolder to anonymous SecurityContext
23:18:09.440 DEBUG o.s.security.web.FilterChainProxy - Secured POST /api/auth/login
23:18:09.529 DEBUG o.s.security.web.FilterChainProxy - Securing POST /api/auth/login
23:18:09.529 DEBUG o.s.s.w.a.AnonymousAuthenticationFilter - Set SecurityContextHolder to anonymous SecurityContext
23:18:09.529 DEBUG o.s.security.web.FilterChainProxy - Secured POST /api/auth/login
23:18:09.533 DEBUG o.s.security.web.FilterChainProxy - Securing POST /api/auth/login
23:18:09.533 DEBUG o.s.s.w.a.AnonymousAuthenticationFilter - Set SecurityContextHolder to anonymous SecurityContext
23:18:09.533 DEBUG o.s.security.web.FilterChainProxy - Secured POST /api/auth/login
23:18:09.638 DEBUG o.s.security.web.FilterChainProxy - Securing POST /api/auth/login
23:18:09.638 DEBUG o.s.s.w.a.AnonymousAuthenticationFilter - Set SecurityContextHolder to anonymous SecurityContext
23:18:09.638 DEBUG o.s.security.web.FilterChainProxy - Secured POST /api/auth/login
23:18:09.660 DEBUG o.s.security.web.FilterChainProxy - Securing POST /api/auth/login
23:18:09.660 DEBUG o.s.s.w.a.AnonymousAuthenticationFilter - Set SecurityContextHolder to anonymous SecurityContext
23:18:09.660 DEBUG o.s.security.web.FilterChainProxy - Secured POST /api/auth/login
23:18:09.672 DEBUG o.s.security.web.FilterChainProxy - Securing POST /api/auth/login
23:18:09.672 DEBUG o.s.s.w.a.AnonymousAuthenticationFilter - Set SecurityContextHolder to anonymous SecurityContext
23:18:09.672 DEBUG o.s.security.web.FilterChainProxy - Secured POST /api/auth/login
23:18:09.709 DEBUG o.s.security.web.FilterChainProxy - Securing POST /api/auth/login
23:18:09.709 DEBUG o.s.s.w.a.AnonymousAuthenticationFilter - Set SecurityContextHolder to anonymous SecurityContext
23:18:09.709 DEBUG o.s.security.web.FilterChainProxy - Secured POST /api/auth/login
23:18:09.715 DEBUG o.s.security.web.FilterChainProxy - Securing POST /api/auth/login
23:18:09.716 DEBUG o.s.s.w.a.AnonymousAuthenticationFilter - Set SecurityContextHolder to anonymous SecurityContext
23:18:09.716 DEBUG o.s.security.web.FilterChainProxy - Secured POST /api/auth/login
23:18:09.762 DEBUG o.s.s.a.d.DaoAuthenticationProvider - Authenticated user
23:18:09.767 DEBUG o.s.s.a.d.DaoAuthenticationProvider - Authenticated user
23:18:09.767 DEBUG o.s.s.a.d.DaoAuthenticationProvider - Authenticated user
23:18:09.772 DEBUG o.s.security.web.FilterChainProxy - Securing POST /api/auth/login
23:18:09.772 DEBUG o.s.s.w.a.AnonymousAuthenticationFilter - Set SecurityContextHolder to anonymous SecurityContext
23:18:09.772 DEBUG o.s.security.web.FilterChainProxy - Secured POST /api/auth/login
23:18:09.887 DEBUG o.s.security.web.FilterChainProxy - Securing POST /api/auth/login
23:18:09.887 DEBUG o.s.s.w.a.AnonymousAuthenticationFilter - Set SecurityContextHolder to anonymous SecurityContext
23:18:09.887 DEBUG o.s.security.web.FilterChainProxy - Secured POST /api/auth/login
23:18:10.073 DEBUG o.s.s.a.d.DaoAuthenticationProvider - Authenticated user
23:18:10.137 DEBUG o.s.security.web.FilterChainProxy - Securing POST /api/auth/login
23:18:10.138 DEBUG o.s.s.w.a.AnonymousAuthenticationFilter - Set SecurityContextHolder to anonymous SecurityContext
23:18:10.138 DEBUG o.s.security.web.FilterChainProxy - Secured POST /api/auth/login
23:18:10.162 DEBUG o.s.security.web.FilterChainProxy - Securing POST /api/auth/login
23:18:10.162 DEBUG o.s.s.w.a.AnonymousAuthenticationFilter - Set SecurityContextHolder to anonymous SecurityContext
23:18:10.163 DEBUG o.s.security.web.FilterChainProxy - Secured POST /api/auth/login
23:18:10.231 DEBUG o.s.security.web.FilterChainProxy - Securing POST /api/auth/login
23:18:10.231 DEBUG o.s.s.w.a.AnonymousAuthenticationFilter - Set SecurityContextHolder to anonymous SecurityContext
23:18:10.231 DEBUG o.s.security.web.FilterChainProxy - Secured POST /api/auth/login
23:18:10.242 DEBUG o.s.s.a.d.DaoAuthenticationProvider - Authenticated user
23:18:10.254 DEBUG o.s.s.a.d.DaoAuthenticationProvider - Authenticated user
23:18:10.267 DEBUG o.s.s.a.d.DaoAuthenticationProvider - Authenticated user
23:18:10.269 DEBUG o.s.security.web.FilterChainProxy - Securing POST /api/auth/login
23:18:10.270 DEBUG o.s.s.w.a.AnonymousAuthenticationFilter - Set SecurityContextHolder to anonymous SecurityContext
23:18:10.270 DEBUG o.s.security.web.FilterChainProxy - Secured POST /api/auth/login
23:18:10.273 DEBUG o.s.s.a.d.DaoAuthenticationProvider - Authenticated user
23:18:10.307 DEBUG o.s.security.web.FilterChainProxy - Securing POST /api/auth/login
23:18:10.307 DEBUG o.s.s.w.a.AnonymousAuthenticationFilter - Set SecurityContextHolder to anonymous SecurityContext
23:18:10.307 DEBUG o.s.security.web.FilterChainProxy - Secured POST /api/auth/login
23:18:10.360 DEBUG o.s.s.a.d.DaoAuthenticationProvider - Authenticated user
23:18:10.384 DEBUG o.s.security.web.FilterChainProxy - Securing POST /api/auth/login
23:18:10.385 DEBUG o.s.s.w.a.AnonymousAuthenticationFilter - Set SecurityContextHolder to anonymous SecurityContext
23:18:10.385 DEBUG o.s.security.web.FilterChainProxy - Secured POST /api/auth/login
23:18:10.393 DEBUG o.s.security.web.FilterChainProxy - Securing POST /api/auth/login
23:18:10.394 DEBUG o.s.s.w.a.AnonymousAuthenticationFilter - Set SecurityContextHolder to anonymous SecurityContext
23:18:10.394 DEBUG o.s.security.web.FilterChainProxy - Secured POST /api/auth/login
23:18:10.404 DEBUG o.s.security.web.FilterChainProxy - Securing POST /api/auth/login
23:18:10.404 DEBUG o.s.s.w.a.AnonymousAuthenticationFilter - Set SecurityContextHolder to anonymous SecurityContext
23:18:10.404 DEBUG o.s.security.web.FilterChainProxy - Secured POST /api/auth/login
23:18:10.418 DEBUG o.s.s.a.d.DaoAuthenticationProvider - Authenticated user
23:18:10.492 DEBUG o.s.security.web.FilterChainProxy - Securing POST /api/auth/login
23:18:10.492 DEBUG o.s.s.w.a.AnonymousAuthenticationFilter - Set SecurityContextHolder to anonymous SecurityContext
23:18:10.492 DEBUG o.s.security.web.FilterChainProxy - Secured POST /api/auth/login
23:18:10.521 DEBUG o.s.security.web.FilterChainProxy - Securing POST /api/auth/login
23:18:10.521 DEBUG o.s.s.w.a.AnonymousAuthenticationFilter - Set SecurityContextHolder to anonymous SecurityContext
23:18:10.521 DEBUG o.s.security.web.FilterChainProxy - Secured POST /api/auth/login
23:18:10.525 DEBUG o.s.s.a.d.DaoAuthenticationProvider - Authenticated user
23:18:10.545 DEBUG o.s.security.web.FilterChainProxy - Securing POST /api/auth/login
23:18:10.546 DEBUG o.s.s.w.a.AnonymousAuthenticationFilter - Set SecurityContextHolder to anonymous SecurityContext
23:18:10.546 DEBUG o.s.security.web.FilterChainProxy - Secured POST /api/auth/login
23:18:10.559 DEBUG o.s.security.web.FilterChainProxy - Securing POST /api/auth/login
23:18:10.560 DEBUG o.s.s.w.a.AnonymousAuthenticationFilter - Set SecurityContextHolder to anonymous SecurityContext
23:18:10.561 DEBUG o.s.security.web.FilterChainProxy - Secured POST /api/auth/login
23:18:10.566 DEBUG o.s.security.web.FilterChainProxy - Securing POST /api/auth/login
23:18:10.566 DEBUG o.s.s.w.a.AnonymousAuthenticationFilter - Set SecurityContextHolder to anonymous SecurityContext
23:18:10.566 DEBUG o.s.security.web.FilterChainProxy - Secured POST /api/auth/login
23:18:10.640 DEBUG o.s.security.web.FilterChainProxy - Securing POST /api/auth/login
23:18:10.641 DEBUG o.s.s.w.a.AnonymousAuthenticationFilter - Set SecurityContextHolder to anonymous SecurityContext
23:18:10.641 DEBUG o.s.security.web.FilterChainProxy - Secured POST /api/auth/login
23:18:10.671 DEBUG o.s.security.web.FilterChainProxy - Securing POST /api/auth/login
23:18:10.671 DEBUG o.s.s.w.a.AnonymousAuthenticationFilter - Set SecurityContextHolder to anonymous SecurityContext
23:18:10.671 DEBUG o.s.security.web.FilterChainProxy - Secured POST /api/auth/login
23:18:10.795 DEBUG o.s.security.web.FilterChainProxy - Securing POST /api/auth/login
23:18:10.795 DEBUG o.s.s.w.a.AnonymousAuthenticationFilter - Set SecurityContextHolder to anonymous SecurityContext
23:18:10.796 DEBUG o.s.security.web.FilterChainProxy - Secured POST /api/auth/login
23:18:10.803 DEBUG o.s.s.a.d.DaoAuthenticationProvider - Authenticated user
23:18:10.837 DEBUG o.s.s.a.d.DaoAuthenticationProvider - Authenticated user
23:18:10.855 DEBUG o.s.s.a.d.DaoAuthenticationProvider - Authenticated user
23:18:10.872 DEBUG o.s.s.a.d.DaoAuthenticationProvider - Authenticated user
23:18:10.876 DEBUG o.s.s.a.d.DaoAuthenticationProvider - Authenticated user
23:18:10.894 DEBUG o.s.security.web.FilterChainProxy - Securing POST /api/auth/login
23:18:10.894 DEBUG o.s.s.w.a.AnonymousAuthenticationFilter - Set SecurityContextHolder to anonymous SecurityContext
23:18:10.894 DEBUG o.s.security.web.FilterChainProxy - Secured POST /api/auth/login
23:18:10.899 DEBUG o.s.s.a.d.DaoAuthenticationProvider - Authenticated user
23:18:10.947 DEBUG o.s.security.web.FilterChainProxy - Securing POST /api/auth/login
23:18:10.948 DEBUG o.s.s.w.a.AnonymousAuthenticationFilter - Set SecurityContextHolder to anonymous SecurityContext
23:18:10.948 DEBUG o.s.security.web.FilterChainProxy - Secured POST /api/auth/login
23:18:10.951 DEBUG o.s.security.web.FilterChainProxy - Securing POST /api/auth/login
23:18:10.951 DEBUG o.s.s.w.a.AnonymousAuthenticationFilter - Set SecurityContextHolder to anonymous SecurityContext
23:18:10.951 DEBUG o.s.security.web.FilterChainProxy - Secured POST /api/auth/login
23:18:11.007 DEBUG o.s.security.web.FilterChainProxy - Securing POST /api/auth/login
23:18:11.007 DEBUG o.s.s.w.a.AnonymousAuthenticationFilter - Set SecurityContextHolder to anonymous SecurityContext
23:18:11.007 DEBUG o.s.security.web.FilterChainProxy - Secured POST /api/auth/login
23:18:11.014 DEBUG o.s.security.web.FilterChainProxy - Securing POST /api/auth/login
23:18:11.014 DEBUG o.s.s.w.a.AnonymousAuthenticationFilter - Set SecurityContextHolder to anonymous SecurityContext
23:18:11.014 DEBUG o.s.security.web.FilterChainProxy - Secured POST /api/auth/login
23:18:11.161 DEBUG o.s.s.a.d.DaoAuthenticationProvider - Authenticated user
23:18:11.221 DEBUG o.s.security.web.FilterChainProxy - Securing POST /api/auth/login
23:18:11.221 DEBUG o.s.s.w.a.AnonymousAuthenticationFilter - Set SecurityContextHolder to anonymous SecurityContext
23:18:11.221 DEBUG o.s.security.web.FilterChainProxy - Secured POST /api/auth/login
23:18:11.239 DEBUG o.s.security.web.FilterChainProxy - Securing POST /api/auth/login
23:18:11.239 DEBUG o.s.s.w.a.AnonymousAuthenticationFilter - Set SecurityContextHolder to anonymous SecurityContext
23:18:11.239 DEBUG o.s.security.web.FilterChainProxy - Secured POST /api/auth/login
23:18:11.252 DEBUG o.s.s.a.d.DaoAuthenticationProvider - Authenticated user
23:18:11.268 DEBUG o.s.security.web.FilterChainProxy - Securing POST /api/auth/login
23:18:11.268 DEBUG o.s.s.w.a.AnonymousAuthenticationFilter - Set SecurityContextHolder to anonymous SecurityContext
23:18:11.268 DEBUG o.s.security.web.FilterChainProxy - Secured POST /api/auth/login
23:18:11.293 DEBUG o.s.s.a.d.DaoAuthenticationProvider - Authenticated user
23:18:11.311 DEBUG o.s.s.a.d.DaoAuthenticationProvider - Authenticated user
23:18:11.388 DEBUG o.s.security.web.FilterChainProxy - Securing POST /api/auth/login
23:18:11.389 DEBUG o.s.s.w.a.AnonymousAuthenticationFilter - Set SecurityContextHolder to anonymous SecurityContext
23:18:11.389 DEBUG o.s.security.web.FilterChainProxy - Secured POST /api/auth/login
23:18:11.442 DEBUG o.s.s.a.d.DaoAuthenticationProvider - Authenticated user
23:18:11.456 DEBUG o.s.security.web.FilterChainProxy - Securing POST /api/auth/login
23:18:11.456 DEBUG o.s.s.w.a.AnonymousAuthenticationFilter - Set SecurityContextHolder to anonymous SecurityContext
23:18:11.456 DEBUG o.s.security.web.FilterChainProxy - Secured POST /api/auth/login
23:18:11.477 DEBUG o.s.s.a.d.DaoAuthenticationProvider - Authenticated user
23:18:11.500 DEBUG o.s.security.web.FilterChainProxy - Securing POST /api/auth/login
23:18:11.500 DEBUG o.s.s.w.a.AnonymousAuthenticationFilter - Set SecurityContextHolder to anonymous SecurityContext
23:18:11.500 DEBUG o.s.security.web.FilterChainProxy - Secured POST /api/auth/login
23:18:11.532 DEBUG o.s.security.web.FilterChainProxy - Securing POST /api/auth/login
23:18:11.532 DEBUG o.s.s.w.a.AnonymousAuthenticationFilter - Set SecurityContextHolder to anonymous SecurityContext
23:18:11.533 DEBUG o.s.security.web.FilterChainProxy - Secured POST /api/auth/login
23:18:11.541 DEBUG o.s.security.web.FilterChainProxy - Securing POST /api/auth/login
23:18:11.541 DEBUG o.s.s.w.a.AnonymousAuthenticationFilter - Set SecurityContextHolder to anonymous SecurityContext
23:18:11.543 DEBUG o.s.security.web.FilterChainProxy - Secured POST /api/auth/login
23:18:11.567 DEBUG o.s.s.a.d.DaoAuthenticationProvider - Authenticated user
23:18:11.603 DEBUG o.s.security.web.FilterChainProxy - Securing POST /api/auth/login
23:18:11.604 DEBUG o.s.s.w.a.AnonymousAuthenticationFilter - Set SecurityContextHolder to anonymous SecurityContext
23:18:11.604 DEBUG o.s.security.web.FilterChainProxy - Secured POST /api/auth/login
23:18:11.674 DEBUG o.s.security.web.FilterChainProxy - Securing POST /api/auth/login
23:18:11.674 DEBUG o.s.s.w.a.AnonymousAuthenticationFilter - Set SecurityContextHolder to anonymous SecurityContext
23:18:11.674 DEBUG o.s.security.web.FilterChainProxy - Secured POST /api/auth/login
23:18:11.733 DEBUG o.s.security.web.FilterChainProxy - Securing POST /api/auth/login
23:18:11.734 DEBUG o.s.s.w.a.AnonymousAuthenticationFilter - Set SecurityContextHolder to anonymous SecurityContext
23:18:11.734 DEBUG o.s.security.web.FilterChainProxy - Secured POST /api/auth/login
23:18:11.751 DEBUG o.s.security.web.FilterChainProxy - Securing POST /api/auth/login
23:18:11.751 DEBUG o.s.s.w.a.AnonymousAuthenticationFilter - Set SecurityContextHolder to anonymous SecurityContext
23:18:11.751 DEBUG o.s.security.web.FilterChainProxy - Secured POST /api/auth/login
23:18:11.772 DEBUG o.s.s.a.d.DaoAuthenticationProvider - Authenticated user
23:18:11.779 DEBUG o.s.security.web.FilterChainProxy - Securing POST /api/auth/login
23:18:11.779 DEBUG o.s.s.w.a.AnonymousAuthenticationFilter - Set SecurityContextHolder to anonymous SecurityContext
23:18:11.780 DEBUG o.s.security.web.FilterChainProxy - Secured POST /api/auth/login
23:18:11.803 DEBUG o.s.s.a.d.DaoAuthenticationProvider - Authenticated user
23:18:11.817 DEBUG o.s.s.a.d.DaoAuthenticationProvider - Authenticated user
23:18:11.869 DEBUG o.s.s.a.d.DaoAuthenticationProvider - Authenticated user
23:18:11.955 DEBUG o.s.security.web.FilterChainProxy - Securing POST /api/auth/login
23:18:11.956 DEBUG o.s.s.w.a.AnonymousAuthenticationFilter - Set SecurityContextHolder to anonymous SecurityContext
23:18:11.956 DEBUG o.s.security.web.FilterChainProxy - Secured POST /api/auth/login
23:18:11.967 DEBUG o.s.s.a.d.DaoAuthenticationProvider - Authenticated user
23:18:11.988 DEBUG o.s.s.a.d.DaoAuthenticationProvider - Authenticated user
23:18:12.028 DEBUG o.s.security.web.FilterChainProxy - Securing POST /api/auth/login
23:18:12.028 DEBUG o.s.s.w.a.AnonymousAuthenticationFilter - Set SecurityContextHolder to anonymous SecurityContext
23:18:12.028 DEBUG o.s.security.web.FilterChainProxy - Secured POST /api/auth/login
23:18:12.062 DEBUG o.s.security.web.FilterChainProxy - Securing POST /api/auth/login
23:18:12.062 DEBUG o.s.s.w.a.AnonymousAuthenticationFilter - Set SecurityContextHolder to anonymous SecurityContext
23:18:12.062 DEBUG o.s.security.web.FilterChainProxy - Secured POST /api/auth/login
23:18:12.069 DEBUG o.s.security.web.FilterChainProxy - Securing POST /api/auth/login
23:18:12.069 DEBUG o.s.s.w.a.AnonymousAuthenticationFilter - Set SecurityContextHolder to anonymous SecurityContext
23:18:12.070 DEBUG o.s.security.web.FilterChainProxy - Secured POST /api/auth/login
23:18:12.071 DEBUG o.s.s.a.d.DaoAuthenticationProvider - Authenticated user
23:18:12.130 DEBUG o.s.security.web.FilterChainProxy - Securing POST /api/auth/login
23:18:12.130 DEBUG o.s.s.w.a.AnonymousAuthenticationFilter - Set SecurityContextHolder to anonymous SecurityContext
23:18:12.130 DEBUG o.s.security.web.FilterChainProxy - Secured POST /api/auth/login
23:18:12.200 DEBUG o.s.s.a.d.DaoAuthenticationProvider - Authenticated user
23:18:12.250 DEBUG o.s.security.web.FilterChainProxy - Securing POST /api/auth/login
23:18:12.250 DEBUG o.s.s.w.a.AnonymousAuthenticationFilter - Set SecurityContextHolder to anonymous SecurityContext
23:18:12.250 DEBUG o.s.security.web.FilterChainProxy - Secured POST /api/auth/login
23:18:12.324 DEBUG o.s.security.web.FilterChainProxy - Securing POST /api/auth/login
23:18:12.324 DEBUG o.s.s.w.a.AnonymousAuthenticationFilter - Set SecurityContextHolder to anonymous SecurityContext
23:18:12.324 DEBUG o.s.security.web.FilterChainProxy - Secured POST /api/auth/login
23:18:12.346 DEBUG o.s.s.a.d.DaoAuthenticationProvider - Authenticated user
23:18:12.355 DEBUG o.s.s.a.d.DaoAuthenticationProvider - Authenticated user
23:18:12.398 DEBUG o.s.security.web.FilterChainProxy - Securing POST /api/auth/login
23:18:12.398 DEBUG o.s.s.w.a.AnonymousAuthenticationFilter - Set SecurityContextHolder to anonymous SecurityContext
23:18:12.398 DEBUG o.s.security.web.FilterChainProxy - Secured POST /api/auth/login
23:18:12.544 DEBUG o.s.security.web.FilterChainProxy - Securing POST /api/auth/login
23:18:12.545 DEBUG o.s.s.w.a.AnonymousAuthenticationFilter - Set SecurityContextHolder to anonymous SecurityContext
23:18:12.545 DEBUG o.s.security.web.FilterChainProxy - Secured POST /api/auth/login
23:18:12.575 DEBUG o.s.security.web.FilterChainProxy - Securing POST /api/auth/login
23:18:12.576 DEBUG o.s.s.w.a.AnonymousAuthenticationFilter - Set SecurityContextHolder to anonymous SecurityContext
23:18:12.576 DEBUG o.s.security.web.FilterChainProxy - Secured POST /api/auth/login
23:18:12.623 DEBUG o.s.security.web.FilterChainProxy - Securing POST /api/auth/login
23:18:12.623 DEBUG o.s.s.w.a.AnonymousAuthenticationFilter - Set SecurityContextHolder to anonymous SecurityContext
23:18:12.623 DEBUG o.s.security.web.FilterChainProxy - Secured POST /api/auth/login
23:18:12.681 DEBUG o.s.security.web.FilterChainProxy - Securing POST /api/auth/login
23:18:12.682 DEBUG o.s.s.w.a.AnonymousAuthenticationFilter - Set SecurityContextHolder to anonymous SecurityContext
23:18:12.683 DEBUG o.s.security.web.FilterChainProxy - Secured POST /api/auth/login
23:18:12.716 DEBUG o.s.security.web.FilterChainProxy - Securing POST /api/auth/login
23:18:12.716 DEBUG o.s.s.w.a.AnonymousAuthenticationFilter - Set SecurityContextHolder to anonymous SecurityContext
23:18:12.716 DEBUG o.s.security.web.FilterChainProxy - Secured POST /api/auth/login
23:18:12.719 DEBUG o.s.security.web.FilterChainProxy - Securing POST /api/auth/login
23:18:12.719 DEBUG o.s.s.w.a.AnonymousAuthenticationFilter - Set SecurityContextHolder to anonymous SecurityContext
23:18:12.719 DEBUG o.s.security.web.FilterChainProxy - Secured POST /api/auth/login
23:18:12.731 DEBUG o.s.s.a.d.DaoAuthenticationProvider - Authenticated user
23:18:12.780 DEBUG o.s.s.a.d.DaoAuthenticationProvider - Authenticated user
23:18:12.836 DEBUG o.s.s.a.d.DaoAuthenticationProvider - Authenticated user
23:18:12.859 DEBUG o.s.s.a.d.DaoAuthenticationProvider - Authenticated user
23:18:12.860 DEBUG o.s.s.a.d.DaoAuthenticationProvider - Authenticated user
23:18:12.865 DEBUG o.s.security.web.FilterChainProxy - Securing POST /api/auth/login
23:18:12.865 DEBUG o.s.s.w.a.AnonymousAuthenticationFilter - Set SecurityContextHolder to anonymous SecurityContext
23:18:12.865 DEBUG o.s.security.web.FilterChainProxy - Secured POST /api/auth/login
23:18:12.890 DEBUG o.s.s.a.d.DaoAuthenticationProvider - Authenticated user
23:18:12.922 DEBUG o.s.security.web.FilterChainProxy - Securing POST /api/auth/login
23:18:12.922 DEBUG o.s.s.w.a.AnonymousAuthenticationFilter - Set SecurityContextHolder to anonymous SecurityContext
23:18:12.922 DEBUG o.s.security.web.FilterChainProxy - Secured POST /api/auth/login
23:18:12.933 DEBUG o.s.s.a.d.DaoAuthenticationProvider - Authenticated user
23:18:13.013 DEBUG o.s.security.web.FilterChainProxy - Securing POST /api/auth/login
23:18:13.013 DEBUG o.s.s.w.a.AnonymousAuthenticationFilter - Set SecurityContextHolder to anonymous SecurityContext
23:18:13.014 DEBUG o.s.security.web.FilterChainProxy - Secured POST /api/auth/login
23:18:13.017 DEBUG o.s.security.web.FilterChainProxy - Securing POST /api/auth/login
23:18:13.017 DEBUG o.s.s.w.a.AnonymousAuthenticationFilter - Set SecurityContextHolder to anonymous SecurityContext
23:18:13.017 DEBUG o.s.security.web.FilterChainProxy - Secured POST /api/auth/login
23:18:13.030 DEBUG o.s.security.web.FilterChainProxy - Securing POST /api/auth/login
23:18:13.030 DEBUG o.s.s.w.a.AnonymousAuthenticationFilter - Set SecurityContextHolder to anonymous SecurityContext
23:18:13.030 DEBUG o.s.security.web.FilterChainProxy - Secured POST /api/auth/login
23:18:13.043 DEBUG o.s.security.web.FilterChainProxy - Securing POST /api/auth/login
23:18:13.043 DEBUG o.s.s.w.a.AnonymousAuthenticationFilter - Set SecurityContextHolder to anonymous SecurityContext
23:18:13.043 DEBUG o.s.security.web.FilterChainProxy - Secured POST /api/auth/login
23:18:13.090 DEBUG o.s.s.a.d.DaoAuthenticationProvider - Authenticated user
23:18:13.162 DEBUG o.s.security.web.FilterChainProxy - Securing POST /api/auth/login
23:18:13.162 DEBUG o.s.s.w.a.AnonymousAuthenticationFilter - Set SecurityContextHolder to anonymous SecurityContext
23:18:13.163 DEBUG o.s.security.web.FilterChainProxy - Secured POST /api/auth/login
23:18:13.174 DEBUG o.s.security.web.FilterChainProxy - Securing POST /api/auth/login
23:18:13.174 DEBUG o.s.s.w.a.AnonymousAuthenticationFilter - Set SecurityContextHolder to anonymous SecurityContext
23:18:13.174 DEBUG o.s.security.web.FilterChainProxy - Secured POST /api/auth/login
23:18:13.221 DEBUG o.s.security.web.FilterChainProxy - Securing POST /api/auth/login
23:18:13.276 DEBUG o.s.s.w.a.AnonymousAuthenticationFilter - Set SecurityContextHolder to anonymous SecurityContext
23:18:13.276 DEBUG o.s.security.web.FilterChainProxy - Secured POST /api/auth/login
23:18:13.309 DEBUG o.s.security.web.FilterChainProxy - Securing POST /api/auth/login
23:18:13.310 DEBUG o.s.s.w.a.AnonymousAuthenticationFilter - Set SecurityContextHolder to anonymous SecurityContext
23:18:13.310 DEBUG o.s.s.a.d.DaoAuthenticationProvider - Authenticated user
23:18:13.310 DEBUG o.s.security.web.FilterChainProxy - Secured POST /api/auth/login
23:18:13.315 DEBUG o.s.security.web.FilterChainProxy - Securing POST /api/auth/login
23:18:13.315 DEBUG o.s.s.w.a.AnonymousAuthenticationFilter - Set SecurityContextHolder to anonymous SecurityContext
23:18:13.315 DEBUG o.s.security.web.FilterChainProxy - Secured POST /api/auth/login
23:18:13.341 DEBUG o.s.s.a.d.DaoAuthenticationProvider - Authenticated user
23:18:13.372 DEBUG o.s.s.a.d.DaoAuthenticationProvider - Authenticated user
23:18:13.431 DEBUG o.s.security.web.FilterChainProxy - Securing POST /api/auth/login
23:18:13.431 DEBUG o.s.s.w.a.AnonymousAuthenticationFilter - Set SecurityContextHolder to anonymous SecurityContext
23:18:13.431 DEBUG o.s.security.web.FilterChainProxy - Secured POST /api/auth/login
23:18:13.461 DEBUG o.s.security.web.FilterChainProxy - Securing POST /api/auth/login
23:18:13.462 DEBUG o.s.s.w.a.AnonymousAuthenticationFilter - Set SecurityContextHolder to anonymous SecurityContext
23:18:13.462 DEBUG o.s.security.web.FilterChainProxy - Secured POST /api/auth/login
23:18:13.478 DEBUG o.s.s.a.d.DaoAuthenticationProvider - Authenticated user
23:18:13.636 DEBUG o.s.security.web.FilterChainProxy - Securing POST /api/auth/login
23:18:13.636 DEBUG o.s.s.w.a.AnonymousAuthenticationFilter - Set SecurityContextHolder to anonymous SecurityContext
23:18:13.636 DEBUG o.s.security.web.FilterChainProxy - Secured POST /api/auth/login
23:18:13.716 DEBUG o.s.security.web.FilterChainProxy - Securing POST /api/auth/login
23:18:13.717 DEBUG o.s.s.w.a.AnonymousAuthenticationFilter - Set SecurityContextHolder to anonymous SecurityContext
23:18:13.717 DEBUG o.s.security.web.FilterChainProxy - Secured POST /api/auth/login
23:18:13.729 DEBUG o.s.security.web.FilterChainProxy - Securing POST /api/auth/login
23:18:13.730 DEBUG o.s.s.w.a.AnonymousAuthenticationFilter - Set SecurityContextHolder to anonymous SecurityContext
23:18:13.730 DEBUG o.s.security.web.FilterChainProxy - Secured POST /api/auth/login
23:18:13.765 DEBUG o.s.security.web.FilterChainProxy - Securing POST /api/auth/login
23:18:13.766 DEBUG o.s.s.w.a.AnonymousAuthenticationFilter - Set SecurityContextHolder to anonymous SecurityContext
23:18:13.766 DEBUG o.s.security.web.FilterChainProxy - Secured POST /api/auth/login
23:18:13.768 DEBUG o.s.security.web.FilterChainProxy - Securing POST /api/auth/login
23:18:13.769 DEBUG o.s.s.w.a.AnonymousAuthenticationFilter - Set SecurityContextHolder to anonymous SecurityContext
23:18:13.769 DEBUG o.s.security.web.FilterChainProxy - Secured POST /api/auth/login
23:18:13.825 DEBUG o.s.s.a.d.DaoAuthenticationProvider - Authenticated user
23:18:13.864 DEBUG o.s.security.web.FilterChainProxy - Securing POST /api/auth/login
23:18:13.864 DEBUG o.s.s.w.a.AnonymousAuthenticationFilter - Set SecurityContextHolder to anonymous SecurityContext
23:18:13.864 DEBUG o.s.security.web.FilterChainProxy - Secured POST /api/auth/login
23:18:13.928 DEBUG o.s.s.a.d.DaoAuthenticationProvider - Authenticated user
23:18:13.953 DEBUG o.s.s.a.d.DaoAuthenticationProvider - Authenticated user
23:18:13.994 DEBUG o.s.s.a.d.DaoAuthenticationProvider - Authenticated user
23:18:14.053 DEBUG o.s.s.a.d.DaoAuthenticationProvider - Authenticated user
23:18:14.087 DEBUG o.s.s.a.d.DaoAuthenticationProvider - Authenticated user
23:18:14.132 DEBUG o.s.security.web.FilterChainProxy - Securing POST /api/auth/login
23:18:14.132 DEBUG o.s.s.w.a.AnonymousAuthenticationFilter - Set SecurityContextHolder to anonymous SecurityContext
23:18:14.132 DEBUG o.s.security.web.FilterChainProxy - Secured POST /api/auth/login
23:18:14.140 DEBUG o.s.s.a.d.DaoAuthenticationProvider - Authenticated user
23:18:14.192 DEBUG o.s.security.web.FilterChainProxy - Securing POST /api/auth/login
23:18:14.193 DEBUG o.s.s.w.a.AnonymousAuthenticationFilter - Set SecurityContextHolder to anonymous SecurityContext
23:18:14.193 DEBUG o.s.security.web.FilterChainProxy - Secured POST /api/auth/login
23:18:14.241 DEBUG o.s.security.web.FilterChainProxy - Securing POST /api/auth/login
23:18:14.241 DEBUG o.s.s.w.a.AnonymousAuthenticationFilter - Set SecurityContextHolder to anonymous SecurityContext
23:18:14.241 DEBUG o.s.security.web.FilterChainProxy - Secured POST /api/auth/login
23:18:14.308 DEBUG o.s.security.web.FilterChainProxy - Securing POST /api/auth/login
23:18:14.309 DEBUG o.s.s.w.a.AnonymousAuthenticationFilter - Set SecurityContextHolder to anonymous SecurityContext
23:18:14.309 DEBUG o.s.security.web.FilterChainProxy - Secured POST /api/auth/login
23:18:14.311 DEBUG o.s.security.web.FilterChainProxy - Securing POST /api/auth/login
23:18:14.311 DEBUG o.s.s.w.a.AnonymousAuthenticationFilter - Set SecurityContextHolder to anonymous SecurityContext
23:18:14.311 DEBUG o.s.security.web.FilterChainProxy - Secured POST /api/auth/login
23:18:14.344 DEBUG o.s.s.a.d.DaoAuthenticationProvider - Authenticated user
23:18:14.397 DEBUG o.s.security.web.FilterChainProxy - Securing POST /api/auth/login
23:18:14.397 DEBUG o.s.s.w.a.AnonymousAuthenticationFilter - Set SecurityContextHolder to anonymous SecurityContext
23:18:14.398 DEBUG o.s.security.web.FilterChainProxy - Secured POST /api/auth/login
23:18:14.406 DEBUG o.s.security.web.FilterChainProxy - Securing POST /api/auth/login
23:18:14.407 DEBUG o.s.s.w.a.AnonymousAuthenticationFilter - Set SecurityContextHolder to anonymous SecurityContext
23:18:14.407 DEBUG o.s.security.web.FilterChainProxy - Secured POST /api/auth/login
23:18:14.408 DEBUG o.s.security.web.FilterChainProxy - Securing POST /api/auth/login
23:18:14.409 DEBUG o.s.s.w.a.AnonymousAuthenticationFilter - Set SecurityContextHolder to anonymous SecurityContext
23:18:14.409 DEBUG o.s.security.web.FilterChainProxy - Secured POST /api/auth/login
23:18:14.456 DEBUG o.s.security.web.FilterChainProxy - Securing POST /api/auth/login
23:18:14.457 DEBUG o.s.s.w.a.AnonymousAuthenticationFilter - Set SecurityContextHolder to anonymous SecurityContext
23:18:14.457 DEBUG o.s.security.web.FilterChainProxy - Secured POST /api/auth/login
23:18:14.484 DEBUG o.s.s.a.d.DaoAuthenticationProvider - Authenticated user
23:18:14.486 DEBUG o.s.security.web.FilterChainProxy - Securing POST /api/auth/login
23:18:14.486 DEBUG o.s.s.w.a.AnonymousAuthenticationFilter - Set SecurityContextHolder to anonymous SecurityContext
23:18:14.486 DEBUG o.s.security.web.FilterChainProxy - Secured POST /api/auth/login
23:18:14.506 DEBUG o.s.security.web.FilterChainProxy - Securing POST /api/auth/login
23:18:14.506 DEBUG o.s.s.w.a.AnonymousAuthenticationFilter - Set SecurityContextHolder to anonymous SecurityContext
23:18:14.506 DEBUG o.s.security.web.FilterChainProxy - Secured POST /api/auth/login
23:18:14.521 DEBUG o.s.s.a.d.DaoAuthenticationProvider - Authenticated user
23:18:14.614 DEBUG o.s.security.web.FilterChainProxy - Securing POST /api/auth/login
23:18:14.614 DEBUG o.s.s.w.a.AnonymousAuthenticationFilter - Set SecurityContextHolder to anonymous SecurityContext
23:18:14.615 DEBUG o.s.security.web.FilterChainProxy - Secured POST /api/auth/login
23:18:14.615 DEBUG o.s.security.web.FilterChainProxy - Securing POST /api/auth/login
23:18:14.615 DEBUG o.s.s.w.a.AnonymousAuthenticationFilter - Set SecurityContextHolder to anonymous SecurityContext
23:18:14.615 DEBUG o.s.security.web.FilterChainProxy - Secured POST /api/auth/login
23:18:14.659 DEBUG o.s.security.web.FilterChainProxy - Securing POST /api/auth/login
23:18:14.659 DEBUG o.s.s.w.a.AnonymousAuthenticationFilter - Set SecurityContextHolder to anonymous SecurityContext
23:18:14.659 DEBUG o.s.security.web.FilterChainProxy - Secured POST /api/auth/login
23:18:14.719 DEBUG o.s.security.web.FilterChainProxy - Securing POST /api/auth/login
23:18:14.719 DEBUG o.s.s.w.a.AnonymousAuthenticationFilter - Set SecurityContextHolder to anonymous SecurityContext
23:18:14.720 DEBUG o.s.security.web.FilterChainProxy - Secured POST /api/auth/login
23:18:14.876 DEBUG o.s.security.web.FilterChainProxy - Securing POST /api/auth/login
23:18:14.876 DEBUG o.s.s.w.a.AnonymousAuthenticationFilter - Set SecurityContextHolder to anonymous SecurityContext
23:18:14.877 DEBUG o.s.security.web.FilterChainProxy - Secured POST /api/auth/login
23:18:14.901 DEBUG o.s.security.web.FilterChainProxy - Securing POST /api/auth/login
23:18:14.901 DEBUG o.s.s.w.a.AnonymousAuthenticationFilter - Set SecurityContextHolder to anonymous SecurityContext
23:18:14.902 DEBUG o.s.security.web.FilterChainProxy - Secured POST /api/auth/login
23:18:14.911 DEBUG o.s.s.a.d.DaoAuthenticationProvider - Authenticated user
23:18:15.012 DEBUG o.s.security.web.FilterChainProxy - Securing POST /api/auth/login
23:18:15.013 DEBUG o.s.s.w.a.AnonymousAuthenticationFilter - Set SecurityContextHolder to anonymous SecurityContext
23:18:15.013 DEBUG o.s.security.web.FilterChainProxy - Secured POST /api/auth/login
23:18:15.096 DEBUG o.s.security.web.FilterChainProxy - Securing POST /api/auth/login
23:18:15.096 DEBUG o.s.s.w.a.AnonymousAuthenticationFilter - Set SecurityContextHolder to anonymous SecurityContext
23:18:15.096 DEBUG o.s.security.web.FilterChainProxy - Secured POST /api/auth/login
23:18:15.152 DEBUG o.s.s.a.d.DaoAuthenticationProvider - Authenticated user
23:18:15.169 DEBUG o.s.s.a.d.DaoAuthenticationProvider - Authenticated user
23:18:15.200 DEBUG o.s.s.a.d.DaoAuthenticationProvider - Authenticated user
23:18:15.202 DEBUG o.s.security.web.FilterChainProxy - Securing POST /api/auth/login
23:18:15.202 DEBUG o.s.s.w.a.AnonymousAuthenticationFilter - Set SecurityContextHolder to anonymous SecurityContext
23:18:15.203 DEBUG o.s.security.web.FilterChainProxy - Secured POST /api/auth/login
23:18:15.242 DEBUG o.s.security.web.FilterChainProxy - Securing POST /api/auth/login
23:18:15.242 DEBUG o.s.s.w.a.AnonymousAuthenticationFilter - Set SecurityContextHolder to anonymous SecurityContext
23:18:15.242 DEBUG o.s.security.web.FilterChainProxy - Secured POST /api/auth/login
23:18:15.249 DEBUG o.s.s.a.d.DaoAuthenticationProvider - Authenticated user
23:18:15.285 DEBUG o.s.s.a.d.DaoAuthenticationProvider - Authenticated user
23:18:15.288 DEBUG o.s.s.a.d.DaoAuthenticationProvider - Authenticated user
23:18:15.310 DEBUG o.s.security.web.FilterChainProxy - Securing POST /api/auth/login
23:18:15.310 DEBUG o.s.s.w.a.AnonymousAuthenticationFilter - Set SecurityContextHolder to anonymous SecurityContext
23:18:15.311 DEBUG o.s.security.web.FilterChainProxy - Secured POST /api/auth/login
23:18:15.349 DEBUG o.s.security.web.FilterChainProxy - Securing POST /api/auth/login
23:18:15.349 DEBUG o.s.s.w.a.AnonymousAuthenticationFilter - Set SecurityContextHolder to anonymous SecurityContext
23:18:15.350 DEBUG o.s.security.web.FilterChainProxy - Secured POST /api/auth/login
23:18:15.383 DEBUG o.s.security.web.FilterChainProxy - Securing POST /api/auth/login
23:18:15.383 DEBUG o.s.s.w.a.AnonymousAuthenticationFilter - Set SecurityContextHolder to anonymous SecurityContext
23:18:15.383 DEBUG o.s.security.web.FilterChainProxy - Secured POST /api/auth/login
23:18:15.393 DEBUG o.s.security.web.FilterChainProxy - Securing POST /api/auth/login
23:18:15.393 DEBUG o.s.s.w.a.AnonymousAuthenticationFilter - Set SecurityContextHolder to anonymous SecurityContext
23:18:15.394 DEBUG o.s.security.web.FilterChainProxy - Secured POST /api/auth/login
23:18:15.395 DEBUG o.s.s.a.d.DaoAuthenticationProvider - Authenticated user
23:18:15.441 DEBUG o.s.security.web.FilterChainProxy - Securing POST /api/auth/login
23:18:15.442 DEBUG o.s.s.w.a.AnonymousAuthenticationFilter - Set SecurityContextHolder to anonymous SecurityContext
23:18:15.442 DEBUG o.s.security.web.FilterChainProxy - Secured POST /api/auth/login
23:18:15.461 DEBUG o.s.s.a.d.DaoAuthenticationProvider - Authenticated user
23:18:15.474 DEBUG o.s.s.a.d.DaoAuthenticationProvider - Authenticated user
23:18:15.550 DEBUG o.s.security.web.FilterChainProxy - Securing POST /api/auth/login
23:18:15.551 DEBUG o.s.s.w.a.AnonymousAuthenticationFilter - Set SecurityContextHolder to anonymous SecurityContext
23:18:15.551 DEBUG o.s.security.web.FilterChainProxy - Secured POST /api/auth/login
23:18:15.555 DEBUG o.s.security.web.FilterChainProxy - Securing POST /api/auth/login
23:18:15.555 DEBUG o.s.s.w.a.AnonymousAuthenticationFilter - Set SecurityContextHolder to anonymous SecurityContext
23:18:15.556 DEBUG o.s.security.web.FilterChainProxy - Secured POST /api/auth/login
23:18:15.571 DEBUG o.s.security.web.FilterChainProxy - Securing POST /api/auth/login
23:18:15.571 DEBUG o.s.s.w.a.AnonymousAuthenticationFilter - Set SecurityContextHolder to anonymous SecurityContext
23:18:15.572 DEBUG o.s.security.web.FilterChainProxy - Secured POST /api/auth/login
23:18:15.684 DEBUG o.s.security.web.FilterChainProxy - Securing POST /api/auth/login
23:18:15.684 DEBUG o.s.s.w.a.AnonymousAuthenticationFilter - Set SecurityContextHolder to anonymous SecurityContext
23:18:15.685 DEBUG o.s.security.web.FilterChainProxy - Secured POST /api/auth/login
23:18:15.702 DEBUG o.s.security.web.FilterChainProxy - Securing POST /api/auth/login
23:18:15.703 DEBUG o.s.s.w.a.AnonymousAuthenticationFilter - Set SecurityContextHolder to anonymous SecurityContext
23:18:15.703 DEBUG o.s.security.web.FilterChainProxy - Secured POST /api/auth/login
23:18:15.780 DEBUG o.s.security.web.FilterChainProxy - Securing POST /api/auth/login
23:18:15.780 DEBUG o.s.s.w.a.AnonymousAuthenticationFilter - Set SecurityContextHolder to anonymous SecurityContext
23:18:15.781 DEBUG o.s.security.web.FilterChainProxy - Secured POST /api/auth/login
23:18:15.785 DEBUG o.s.s.a.d.DaoAuthenticationProvider - Authenticated user
23:18:15.861 DEBUG o.s.s.a.d.DaoAuthenticationProvider - Authenticated user
23:18:15.898 DEBUG o.s.s.a.d.DaoAuthenticationProvider - Authenticated user
23:18:15.903 DEBUG o.s.s.a.d.DaoAuthenticationProvider - Authenticated user
23:18:15.917 DEBUG o.s.security.web.FilterChainProxy - Securing POST /api/auth/login
23:18:15.917 DEBUG o.s.s.w.a.AnonymousAuthenticationFilter - Set SecurityContextHolder to anonymous SecurityContext
23:18:15.917 DEBUG o.s.security.web.FilterChainProxy - Secured POST /api/auth/login
23:18:15.925 DEBUG o.s.security.web.FilterChainProxy - Securing POST /api/auth/login
23:18:15.925 DEBUG o.s.s.w.a.AnonymousAuthenticationFilter - Set SecurityContextHolder to anonymous SecurityContext
23:18:15.925 DEBUG o.s.security.web.FilterChainProxy - Secured POST /api/auth/login
23:18:15.975 DEBUG o.s.s.a.d.DaoAuthenticationProvider - Authenticated user
23:18:16.012 DEBUG o.s.security.web.FilterChainProxy - Securing POST /api/auth/login
23:18:16.012 DEBUG o.s.s.w.a.AnonymousAuthenticationFilter - Set SecurityContextHolder to anonymous SecurityContext
23:18:16.013 DEBUG o.s.security.web.FilterChainProxy - Secured POST /api/auth/login
23:18:16.061 DEBUG o.s.security.web.FilterChainProxy - Securing POST /api/auth/login
23:18:16.061 DEBUG o.s.s.w.a.AnonymousAuthenticationFilter - Set SecurityContextHolder to anonymous SecurityContext
23:18:16.061 DEBUG o.s.security.web.FilterChainProxy - Secured POST /api/auth/login
23:18:16.163 DEBUG o.s.s.a.d.DaoAuthenticationProvider - Authenticated user
23:18:16.243 DEBUG o.s.security.web.FilterChainProxy - Securing POST /api/auth/login
23:18:16.243 DEBUG o.s.security.web.FilterChainProxy - Securing POST /api/auth/login
23:18:16.243 DEBUG o.s.security.web.FilterChainProxy - Securing POST /api/auth/login
23:18:16.243 DEBUG o.s.s.w.a.AnonymousAuthenticationFilter - Set SecurityContextHolder to anonymous SecurityContext
23:18:16.243 DEBUG o.s.s.w.a.AnonymousAuthenticationFilter - Set SecurityContextHolder to anonymous SecurityContext
23:18:16.244 DEBUG o.s.s.w.a.AnonymousAuthenticationFilter - Set SecurityContextHolder to anonymous SecurityContext
23:18:16.244 DEBUG o.s.security.web.FilterChainProxy - Secured POST /api/auth/login
23:18:16.244 DEBUG o.s.security.web.FilterChainProxy - Secured POST /api/auth/login
23:18:16.244 DEBUG o.s.security.web.FilterChainProxy - Secured POST /api/auth/login
23:18:16.288 DEBUG o.s.security.web.FilterChainProxy - Securing POST /api/auth/login
23:18:16.288 DEBUG o.s.s.w.a.AnonymousAuthenticationFilter - Set SecurityContextHolder to anonymous SecurityContext
23:18:16.288 DEBUG o.s.security.web.FilterChainProxy - Secured POST /api/auth/login
23:18:16.302 DEBUG o.s.security.web.FilterChainProxy - Securing POST /api/auth/login
23:18:16.302 DEBUG o.s.s.w.a.AnonymousAuthenticationFilter - Set SecurityContextHolder to anonymous SecurityContext
23:18:16.302 DEBUG o.s.security.web.FilterChainProxy - Secured POST /api/auth/login
23:18:16.332 DEBUG o.s.s.a.d.DaoAuthenticationProvider - Authenticated user
23:18:16.350 DEBUG o.s.s.a.d.DaoAuthenticationProvider - Authenticated user
23:18:16.416 DEBUG o.s.security.web.FilterChainProxy - Securing POST /api/auth/login
23:18:16.416 DEBUG o.s.s.w.a.AnonymousAuthenticationFilter - Set SecurityContextHolder to anonymous SecurityContext
23:18:16.416 DEBUG o.s.security.web.FilterChainProxy - Secured POST /api/auth/login
23:18:16.416 DEBUG o.s.security.web.FilterChainProxy - Securing POST /api/auth/login
23:18:16.417 DEBUG o.s.s.w.a.AnonymousAuthenticationFilter - Set SecurityContextHolder to anonymous SecurityContext
23:18:16.417 DEBUG o.s.security.web.FilterChainProxy - Secured POST /api/auth/login
23:18:16.432 DEBUG o.s.s.a.d.DaoAuthenticationProvider - Authenticated user
23:18:16.447 DEBUG o.s.s.a.d.DaoAuthenticationProvider - Authenticated user
23:18:16.459 DEBUG o.s.s.a.d.DaoAuthenticationProvider - Authenticated user
23:18:16.524 DEBUG o.s.security.web.FilterChainProxy - Securing POST /api/auth/login
23:18:16.524 DEBUG o.s.s.w.a.AnonymousAuthenticationFilter - Set SecurityContextHolder to anonymous SecurityContext
23:18:16.524 DEBUG o.s.security.web.FilterChainProxy - Secured POST /api/auth/login
23:18:16.524 DEBUG o.s.security.web.FilterChainProxy - Securing POST /api/auth/login
23:18:16.525 DEBUG o.s.s.w.a.AnonymousAuthenticationFilter - Set SecurityContextHolder to anonymous SecurityContext
23:18:16.525 DEBUG o.s.security.web.FilterChainProxy - Secured POST /api/auth/login
23:18:16.538 DEBUG o.s.s.a.d.DaoAuthenticationProvider - Authenticated user
23:18:16.587 DEBUG o.s.security.web.FilterChainProxy - Securing POST /api/auth/login
23:18:16.587 DEBUG o.s.s.w.a.AnonymousAuthenticationFilter - Set SecurityContextHolder to anonymous SecurityContext
23:18:16.587 DEBUG o.s.security.web.FilterChainProxy - Secured POST /api/auth/login
23:18:16.594 DEBUG o.s.s.a.d.DaoAuthenticationProvider - Authenticated user
23:18:16.633 DEBUG o.s.s.a.d.DaoAuthenticationProvider - Authenticated user
23:18:16.635 DEBUG o.s.security.web.FilterChainProxy - Securing POST /api/auth/login
23:18:16.635 DEBUG o.s.s.w.a.AnonymousAuthenticationFilter - Set SecurityContextHolder to anonymous SecurityContext
23:18:16.635 DEBUG o.s.security.web.FilterChainProxy - Secured POST /api/auth/login
23:18:16.729 DEBUG o.s.security.web.FilterChainProxy - Securing POST /api/auth/login
23:18:16.729 DEBUG o.s.s.w.a.AnonymousAuthenticationFilter - Set SecurityContextHolder to anonymous SecurityContext
23:18:16.729 DEBUG o.s.security.web.FilterChainProxy - Secured POST /api/auth/login
23:18:16.741 DEBUG o.s.security.web.FilterChainProxy - Securing POST /api/auth/login
23:18:16.742 DEBUG o.s.s.w.a.AnonymousAuthenticationFilter - Set SecurityContextHolder to anonymous SecurityContext
23:18:16.742 DEBUG o.s.security.web.FilterChainProxy - Secured POST /api/auth/login
23:18:16.803 DEBUG o.s.security.web.FilterChainProxy - Securing POST /api/auth/login
23:18:16.803 DEBUG o.s.s.w.a.AnonymousAuthenticationFilter - Set SecurityContextHolder to anonymous SecurityContext
23:18:16.803 DEBUG o.s.security.web.FilterChainProxy - Secured POST /api/auth/login
23:18:16.866 DEBUG o.s.s.a.d.DaoAuthenticationProvider - Authenticated user
23:18:16.880 DEBUG o.s.security.web.FilterChainProxy - Securing POST /api/auth/login
23:18:16.881 DEBUG o.s.s.w.a.AnonymousAuthenticationFilter - Set SecurityContextHolder to anonymous SecurityContext
23:18:16.881 DEBUG o.s.security.web.FilterChainProxy - Secured POST /api/auth/login
23:18:16.919 DEBUG o.s.security.web.FilterChainProxy - Securing POST /api/auth/login
23:18:16.919 DEBUG o.s.s.w.a.AnonymousAuthenticationFilter - Set SecurityContextHolder to anonymous SecurityContext
23:18:16.919 DEBUG o.s.security.web.FilterChainProxy - Secured POST /api/auth/login
23:18:16.931 DEBUG o.s.s.a.d.DaoAuthenticationProvider - Authenticated user
23:18:16.935 DEBUG o.s.security.web.FilterChainProxy - Securing POST /api/auth/login
23:18:16.935 DEBUG o.s.s.w.a.AnonymousAuthenticationFilter - Set SecurityContextHolder to anonymous SecurityContext
23:18:16.935 DEBUG o.s.security.web.FilterChainProxy - Secured POST /api/auth/login
23:18:16.981 DEBUG o.s.s.a.d.DaoAuthenticationProvider - Authenticated user
23:18:16.998 DEBUG o.s.security.web.FilterChainProxy - Securing POST /api/auth/login
23:18:16.998 DEBUG o.s.s.w.a.AnonymousAuthenticationFilter - Set SecurityContextHolder to anonymous SecurityContext
23:18:16.999 DEBUG o.s.security.web.FilterChainProxy - Secured POST /api/auth/login
23:18:17.014 DEBUG o.s.s.a.d.DaoAuthenticationProvider - Authenticated user
23:18:17.121 DEBUG o.s.s.a.d.DaoAuthenticationProvider - Authenticated user
23:18:17.161 DEBUG o.s.s.a.d.DaoAuthenticationProvider - Authenticated user
23:18:17.181 DEBUG o.s.security.web.FilterChainProxy - Securing POST /api/auth/login
23:18:17.182 DEBUG o.s.s.w.a.AnonymousAuthenticationFilter - Set SecurityContextHolder to anonymous SecurityContext
23:18:17.182 DEBUG o.s.security.web.FilterChainProxy - Secured POST /api/auth/login
23:18:17.266 DEBUG o.s.s.a.d.DaoAuthenticationProvider - Authenticated user
23:18:17.395 DEBUG o.s.security.web.FilterChainProxy - Securing POST /api/auth/login
23:18:17.396 DEBUG o.s.s.w.a.AnonymousAuthenticationFilter - Set SecurityContextHolder to anonymous SecurityContext
23:18:17.396 DEBUG o.s.security.web.FilterChainProxy - Secured POST /api/auth/login
23:18:17.530 DEBUG o.s.security.web.FilterChainProxy - Securing POST /api/auth/login
23:18:17.530 DEBUG o.s.s.w.a.AnonymousAuthenticationFilter - Set SecurityContextHolder to anonymous SecurityContext
23:18:17.531 DEBUG o.s.security.web.FilterChainProxy - Secured POST /api/auth/login
23:18:17.551 DEBUG o.s.s.a.d.DaoAuthenticationProvider - Authenticated user
23:18:17.570 DEBUG o.s.s.a.d.DaoAuthenticationProvider - Authenticated user
23:18:17.578 DEBUG o.s.security.web.FilterChainProxy - Securing POST /api/auth/login
23:18:17.586 DEBUG o.s.security.web.FilterChainProxy - Securing POST /api/auth/login
23:18:17.586 DEBUG o.s.s.w.a.AnonymousAuthenticationFilter - Set SecurityContextHolder to anonymous SecurityContext
23:18:17.586 DEBUG o.s.security.web.FilterChainProxy - Secured POST /api/auth/login
23:18:17.588 DEBUG o.s.s.w.a.AnonymousAuthenticationFilter - Set SecurityContextHolder to anonymous SecurityContext
23:18:17.588 DEBUG o.s.security.web.FilterChainProxy - Secured POST /api/auth/login
23:18:17.636 DEBUG o.s.security.web.FilterChainProxy - Securing POST /api/auth/login
23:18:17.636 DEBUG o.s.s.w.a.AnonymousAuthenticationFilter - Set SecurityContextHolder to anonymous SecurityContext
23:18:17.637 DEBUG o.s.security.web.FilterChainProxy - Secured POST /api/auth/login
23:18:17.649 DEBUG o.s.security.web.FilterChainProxy - Securing POST /api/auth/login
23:18:17.649 DEBUG o.s.s.w.a.AnonymousAuthenticationFilter - Set SecurityContextHolder to anonymous SecurityContext
23:18:17.649 DEBUG o.s.security.web.FilterChainProxy - Secured POST /api/auth/login
23:18:17.776 DEBUG o.s.s.a.d.DaoAuthenticationProvider - Authenticated user
23:18:17.783 DEBUG o.s.security.web.FilterChainProxy - Securing POST /api/auth/login
23:18:17.784 DEBUG o.s.s.w.a.AnonymousAuthenticationFilter - Set SecurityContextHolder to anonymous SecurityContext
23:18:17.784 DEBUG o.s.security.web.FilterChainProxy - Secured POST /api/auth/login
23:18:17.803 DEBUG o.s.security.web.FilterChainProxy - Securing POST /api/auth/login
23:18:17.811 DEBUG o.s.s.w.a.AnonymousAuthenticationFilter - Set SecurityContextHolder to anonymous SecurityContext
23:18:17.811 DEBUG o.s.security.web.FilterChainProxy - Secured POST /api/auth/login
23:18:17.815 DEBUG o.s.security.web.FilterChainProxy - Securing POST /api/auth/login
23:18:17.815 DEBUG o.s.s.w.a.AnonymousAuthenticationFilter - Set SecurityContextHolder to anonymous SecurityContext
23:18:17.815 DEBUG o.s.security.web.FilterChainProxy - Secured POST /api/auth/login
23:18:17.842 DEBUG o.s.s.a.d.DaoAuthenticationProvider - Authenticated user
23:18:17.900 DEBUG o.s.security.web.FilterChainProxy - Securing POST /api/auth/login
23:18:17.900 DEBUG o.s.s.w.a.AnonymousAuthenticationFilter - Set SecurityContextHolder to anonymous SecurityContext
23:18:17.900 DEBUG o.s.security.web.FilterChainProxy - Secured POST /api/auth/login
23:18:17.957 DEBUG o.s.security.web.FilterChainProxy - Securing POST /api/auth/login
23:18:17.958 DEBUG o.s.s.w.a.AnonymousAuthenticationFilter - Set SecurityContextHolder to anonymous SecurityContext
23:18:17.958 DEBUG o.s.security.web.FilterChainProxy - Secured POST /api/auth/login
23:18:17.962 DEBUG o.s.s.a.d.DaoAuthenticationProvider - Authenticated user
23:18:18.017 DEBUG o.s.s.a.d.DaoAuthenticationProvider - Authenticated user
23:18:18.095 DEBUG o.s.security.web.FilterChainProxy - Securing POST /api/auth/login
23:18:18.095 DEBUG o.s.s.w.a.AnonymousAuthenticationFilter - Set SecurityContextHolder to anonymous SecurityContext
23:18:18.095 DEBUG o.s.security.web.FilterChainProxy - Secured POST /api/auth/login
23:18:18.159 DEBUG o.s.security.web.FilterChainProxy - Securing POST /api/auth/login
23:18:18.159 DEBUG o.s.s.w.a.AnonymousAuthenticationFilter - Set SecurityContextHolder to anonymous SecurityContext
23:18:18.159 DEBUG o.s.security.web.FilterChainProxy - Secured POST /api/auth/login
23:18:18.159 DEBUG o.s.s.a.d.DaoAuthenticationProvider - Authenticated user
23:18:18.206 DEBUG o.s.security.web.FilterChainProxy - Securing POST /api/auth/login
23:18:18.207 DEBUG o.s.s.w.a.AnonymousAuthenticationFilter - Set SecurityContextHolder to anonymous SecurityContext
23:18:18.207 DEBUG o.s.security.web.FilterChainProxy - Secured POST /api/auth/login
23:18:18.231 DEBUG o.s.security.web.FilterChainProxy - Securing POST /api/auth/login
23:18:18.231 DEBUG o.s.s.w.a.AnonymousAuthenticationFilter - Set SecurityContextHolder to anonymous SecurityContext
23:18:18.232 DEBUG o.s.security.web.FilterChainProxy - Secured POST /api/auth/login
23:18:18.276 DEBUG o.s.s.a.d.DaoAuthenticationProvider - Authenticated user
23:18:18.278 DEBUG o.s.security.web.FilterChainProxy - Securing POST /api/auth/login
23:18:18.278 DEBUG o.s.s.w.a.AnonymousAuthenticationFilter - Set SecurityContextHolder to anonymous SecurityContext
23:18:18.278 DEBUG o.s.security.web.FilterChainProxy - Secured POST /api/auth/login
23:18:18.317 DEBUG o.s.s.a.d.DaoAuthenticationProvider - Authenticated user
23:18:18.324 DEBUG o.s.s.a.d.DaoAuthenticationProvider - Authenticated user
23:18:18.368 DEBUG o.s.security.web.FilterChainProxy - Securing POST /api/auth/login
23:18:18.368 DEBUG o.s.security.web.FilterChainProxy - Securing POST /api/auth/login
23:18:18.368 DEBUG o.s.s.w.a.AnonymousAuthenticationFilter - Set SecurityContextHolder to anonymous SecurityContext
23:18:18.368 DEBUG o.s.s.w.a.AnonymousAuthenticationFilter - Set SecurityContextHolder to anonymous SecurityContext
23:18:18.368 DEBUG o.s.security.web.FilterChainProxy - Secured POST /api/auth/login
23:18:18.368 DEBUG o.s.security.web.FilterChainProxy - Secured POST /api/auth/login
23:18:18.374 DEBUG o.s.security.web.FilterChainProxy - Securing POST /api/auth/login
23:18:18.374 DEBUG o.s.s.w.a.AnonymousAuthenticationFilter - Set SecurityContextHolder to anonymous SecurityContext
23:18:18.374 DEBUG o.s.security.web.FilterChainProxy - Secured POST /api/auth/login
23:18:18.380 DEBUG o.s.security.web.FilterChainProxy - Securing POST /api/auth/login
23:18:18.380 DEBUG o.s.s.w.a.AnonymousAuthenticationFilter - Set SecurityContextHolder to anonymous SecurityContext
23:18:18.381 DEBUG o.s.security.web.FilterChainProxy - Secured POST /api/auth/login
23:18:18.382 DEBUG o.s.s.a.d.DaoAuthenticationProvider - Authenticated user
23:18:18.438 DEBUG o.s.security.web.FilterChainProxy - Securing POST /api/auth/login
23:18:18.438 DEBUG o.s.s.w.a.AnonymousAuthenticationFilter - Set SecurityContextHolder to anonymous SecurityContext
23:18:18.438 DEBUG o.s.security.web.FilterChainProxy - Secured POST /api/auth/login
23:18:18.605 DEBUG o.s.security.web.FilterChainProxy - Securing POST /api/auth/login
23:18:18.606 DEBUG o.s.s.w.a.AnonymousAuthenticationFilter - Set SecurityContextHolder to anonymous SecurityContext
23:18:18.606 DEBUG o.s.security.web.FilterChainProxy - Secured POST /api/auth/login
23:18:18.621 DEBUG o.s.security.web.FilterChainProxy - Securing POST /api/auth/login
23:18:18.622 DEBUG o.s.s.w.a.AnonymousAuthenticationFilter - Set SecurityContextHolder to anonymous SecurityContext
23:18:18.622 DEBUG o.s.security.web.FilterChainProxy - Secured POST /api/auth/login
23:18:18.638 DEBUG o.s.s.a.d.DaoAuthenticationProvider - Authenticated user
23:18:18.671 DEBUG o.s.s.a.d.DaoAuthenticationProvider - Authenticated user
23:18:18.682 DEBUG o.s.security.web.FilterChainProxy - Securing POST /api/auth/login
23:18:18.682 DEBUG o.s.s.w.a.AnonymousAuthenticationFilter - Set SecurityContextHolder to anonymous SecurityContext
23:18:18.682 DEBUG o.s.security.web.FilterChainProxy - Secured POST /api/auth/login
23:18:18.684 DEBUG o.s.security.web.FilterChainProxy - Securing POST /api/auth/login
23:18:18.684 DEBUG o.s.s.w.a.AnonymousAuthenticationFilter - Set SecurityContextHolder to anonymous SecurityContext
23:18:18.684 DEBUG o.s.security.web.FilterChainProxy - Secured POST /api/auth/login
23:18:18.721 DEBUG o.s.security.web.FilterChainProxy - Securing POST /api/auth/login
23:18:18.721 DEBUG o.s.s.w.a.AnonymousAuthenticationFilter - Set SecurityContextHolder to anonymous SecurityContext
23:18:18.721 DEBUG o.s.security.web.FilterChainProxy - Secured POST /api/auth/login
23:18:18.749 DEBUG o.s.security.web.FilterChainProxy - Securing POST /api/auth/login
23:18:18.749 DEBUG o.s.s.w.a.AnonymousAuthenticationFilter - Set SecurityContextHolder to anonymous SecurityContext
23:18:18.749 DEBUG o.s.security.web.FilterChainProxy - Secured POST /api/auth/login
23:18:18.763 DEBUG o.s.s.a.d.DaoAuthenticationProvider - Authenticated user
23:18:18.907 DEBUG o.s.security.web.FilterChainProxy - Securing POST /api/auth/login
23:18:18.907 DEBUG o.s.s.w.a.AnonymousAuthenticationFilter - Set SecurityContextHolder to anonymous SecurityContext
23:18:18.908 DEBUG o.s.security.web.FilterChainProxy - Secured POST /api/auth/login
23:18:19.008 DEBUG o.s.s.a.d.DaoAuthenticationProvider - Authenticated user
23:18:19.019 DEBUG o.s.security.web.FilterChainProxy - Securing POST /api/auth/login
23:18:19.019 DEBUG o.s.s.w.a.AnonymousAuthenticationFilter - Set SecurityContextHolder to anonymous SecurityContext
23:18:19.019 DEBUG o.s.security.web.FilterChainProxy - Secured POST /api/auth/login
23:18:19.096 DEBUG o.s.s.a.d.DaoAuthenticationProvider - Authenticated user
23:18:19.100 DEBUG o.s.security.web.FilterChainProxy - Securing POST /api/auth/login
23:18:19.101 DEBUG o.s.s.w.a.AnonymousAuthenticationFilter - Set SecurityContextHolder to anonymous SecurityContext
23:18:19.101 DEBUG o.s.security.web.FilterChainProxy - Secured POST /api/auth/login
23:18:19.218 DEBUG o.s.security.web.FilterChainProxy - Securing POST /api/auth/login
23:18:19.219 DEBUG o.s.s.w.a.AnonymousAuthenticationFilter - Set SecurityContextHolder to anonymous SecurityContext
23:18:19.219 DEBUG o.s.security.web.FilterChainProxy - Secured POST /api/auth/login
23:18:19.250 DEBUG o.s.security.web.FilterChainProxy - Securing POST /api/auth/login
23:18:19.251 DEBUG o.s.s.w.a.AnonymousAuthenticationFilter - Set SecurityContextHolder to anonymous SecurityContext
23:18:19.251 DEBUG o.s.security.web.FilterChainProxy - Secured POST /api/auth/login
23:18:19.258 DEBUG o.s.s.a.d.DaoAuthenticationProvider - Authenticated user
23:18:19.315 DEBUG o.s.s.a.d.DaoAuthenticationProvider - Authenticated user
23:18:19.331 DEBUG o.s.s.a.d.DaoAuthenticationProvider - Authenticated user
23:18:19.344 DEBUG o.s.security.web.FilterChainProxy - Securing POST /api/auth/login
23:18:19.345 DEBUG o.s.s.w.a.AnonymousAuthenticationFilter - Set SecurityContextHolder to anonymous SecurityContext
23:18:19.345 DEBUG o.s.security.web.FilterChainProxy - Secured POST /api/auth/login
23:18:19.364 DEBUG o.s.security.web.FilterChainProxy - Securing POST /api/auth/login
23:18:19.365 DEBUG o.s.s.w.a.AnonymousAuthenticationFilter - Set SecurityContextHolder to anonymous SecurityContext
23:18:19.365 DEBUG o.s.security.web.FilterChainProxy - Secured POST /api/auth/login
23:18:19.379 DEBUG o.s.security.web.FilterChainProxy - Securing POST /api/auth/login
23:18:19.379 DEBUG o.s.s.w.a.AnonymousAuthenticationFilter - Set SecurityContextHolder to anonymous SecurityContext
23:18:19.379 DEBUG o.s.security.web.FilterChainProxy - Secured POST /api/auth/login
23:18:19.415 DEBUG o.s.security.web.FilterChainProxy - Securing POST /api/auth/login
23:18:19.415 DEBUG o.s.s.w.a.AnonymousAuthenticationFilter - Set SecurityContextHolder to anonymous SecurityContext
23:18:19.415 DEBUG o.s.security.web.FilterChainProxy - Secured POST /api/auth/login
23:18:19.420 DEBUG o.s.s.a.d.DaoAuthenticationProvider - Authenticated user
23:18:19.760 DEBUG o.s.security.web.FilterChainProxy - Securing POST /api/auth/login
23:18:19.760 DEBUG o.s.s.w.a.AnonymousAuthenticationFilter - Set SecurityContextHolder to anonymous SecurityContext
23:18:19.760 DEBUG o.s.security.web.FilterChainProxy - Secured POST /api/auth/login
23:18:19.780 DEBUG o.s.security.web.FilterChainProxy - Securing POST /api/auth/login
23:18:19.780 DEBUG o.s.s.w.a.AnonymousAuthenticationFilter - Set SecurityContextHolder to anonymous SecurityContext
23:18:19.780 DEBUG o.s.security.web.FilterChainProxy - Secured POST /api/auth/login
23:18:19.787 DEBUG o.s.s.a.d.DaoAuthenticationProvider - Authenticated user
23:18:19.860 DEBUG o.s.security.web.FilterChainProxy - Securing POST /api/auth/login
23:18:19.861 DEBUG o.s.s.w.a.AnonymousAuthenticationFilter - Set SecurityContextHolder to anonymous SecurityContext
23:18:19.861 DEBUG o.s.security.web.FilterChainProxy - Secured POST /api/auth/login
23:18:19.986 DEBUG o.s.security.web.FilterChainProxy - Securing POST /api/auth/login
23:18:19.986 DEBUG o.s.s.w.a.AnonymousAuthenticationFilter - Set SecurityContextHolder to anonymous SecurityContext
23:18:19.987 DEBUG o.s.security.web.FilterChainProxy - Secured POST /api/auth/login
23:18:20.060 DEBUG o.s.security.web.FilterChainProxy - Securing POST /api/auth/login
23:18:20.060 DEBUG o.s.s.w.a.AnonymousAuthenticationFilter - Set SecurityContextHolder to anonymous SecurityContext
23:18:20.060 DEBUG o.s.security.web.FilterChainProxy - Secured POST /api/auth/login
23:18:20.092 DEBUG o.s.security.web.FilterChainProxy - Securing POST /api/auth/login
23:18:20.093 DEBUG o.s.s.w.a.AnonymousAuthenticationFilter - Set SecurityContextHolder to anonymous SecurityContext
23:18:20.093 DEBUG o.s.security.web.FilterChainProxy - Secured POST /api/auth/login
23:18:20.119 DEBUG o.s.security.web.FilterChainProxy - Securing POST /api/auth/login
23:18:20.119 DEBUG o.s.s.w.a.AnonymousAuthenticationFilter - Set SecurityContextHolder to anonymous SecurityContext
23:18:20.119 DEBUG o.s.security.web.FilterChainProxy - Secured POST /api/auth/login
23:18:20.162 DEBUG o.s.security.web.FilterChainProxy - Securing POST /api/auth/login
23:18:20.162 DEBUG o.s.s.w.a.AnonymousAuthenticationFilter - Set SecurityContextHolder to anonymous SecurityContext
23:18:20.163 DEBUG o.s.security.web.FilterChainProxy - Secured POST /api/auth/login
23:18:20.190 DEBUG o.s.security.web.FilterChainProxy - Securing POST /api/auth/login
23:18:20.190 DEBUG o.s.s.w.a.AnonymousAuthenticationFilter - Set SecurityContextHolder to anonymous SecurityContext
23:18:20.190 DEBUG o.s.security.web.FilterChainProxy - Secured POST /api/auth/login
23:18:20.232 DEBUG o.s.security.web.FilterChainProxy - Securing POST /api/auth/login
23:18:20.232 DEBUG o.s.s.w.a.AnonymousAuthenticationFilter - Set SecurityContextHolder to anonymous SecurityContext
23:18:20.234 DEBUG o.s.security.web.FilterChainProxy - Secured POST /api/auth/login
23:18:20.396 DEBUG o.s.security.web.FilterChainProxy - Securing POST /api/auth/login
23:18:20.397 DEBUG o.s.s.w.a.AnonymousAuthenticationFilter - Set SecurityContextHolder to anonymous SecurityContext
23:18:20.397 DEBUG o.s.security.web.FilterChainProxy - Secured POST /api/auth/login
23:18:20.451 DEBUG o.s.security.web.FilterChainProxy - Securing POST /api/auth/login
23:18:20.451 DEBUG o.s.s.w.a.AnonymousAuthenticationFilter - Set SecurityContextHolder to anonymous SecurityContext
23:18:20.451 DEBUG o.s.security.web.FilterChainProxy - Secured POST /api/auth/login
23:18:20.523 DEBUG o.s.s.a.d.DaoAuthenticationProvider - Authenticated user
23:18:20.770 DEBUG o.s.s.a.d.DaoAuthenticationProvider - Authenticated user
23:18:20.810 DEBUG o.s.security.web.FilterChainProxy - Securing POST /api/auth/login
23:18:20.811 DEBUG o.s.s.w.a.AnonymousAuthenticationFilter - Set SecurityContextHolder to anonymous SecurityContext
23:18:20.811 DEBUG o.s.security.web.FilterChainProxy - Secured POST /api/auth/login
23:18:20.890 DEBUG o.s.security.web.FilterChainProxy - Securing POST /api/auth/login
23:18:20.890 DEBUG o.s.s.w.a.AnonymousAuthenticationFilter - Set SecurityContextHolder to anonymous SecurityContext
23:18:20.891 DEBUG o.s.security.web.FilterChainProxy - Secured POST /api/auth/login
23:18:20.924 DEBUG o.s.security.web.FilterChainProxy - Securing POST /api/auth/login
23:18:20.924 DEBUG o.s.s.w.a.AnonymousAuthenticationFilter - Set SecurityContextHolder to anonymous SecurityContext
23:18:20.925 DEBUG o.s.security.web.FilterChainProxy - Secured POST /api/auth/login
23:18:20.927 DEBUG o.s.security.web.FilterChainProxy - Securing POST /api/auth/login
23:18:20.927 DEBUG o.s.s.w.a.AnonymousAuthenticationFilter - Set SecurityContextHolder to anonymous SecurityContext
23:18:20.927 DEBUG o.s.security.web.FilterChainProxy - Secured POST /api/auth/login
23:18:20.948 DEBUG o.s.s.a.d.DaoAuthenticationProvider - Authenticated user
23:18:20.990 DEBUG o.s.s.a.d.DaoAuthenticationProvider - Authenticated user
23:18:21.094 DEBUG o.s.security.web.FilterChainProxy - Securing POST /api/auth/login
23:18:21.094 DEBUG o.s.s.w.a.AnonymousAuthenticationFilter - Set SecurityContextHolder to anonymous SecurityContext
23:18:21.094 DEBUG o.s.security.web.FilterChainProxy - Secured POST /api/auth/login
23:18:21.243 DEBUG o.s.security.web.FilterChainProxy - Securing POST /api/auth/login
23:18:21.244 DEBUG o.s.s.w.a.AnonymousAuthenticationFilter - Set SecurityContextHolder to anonymous SecurityContext
23:18:21.244 DEBUG o.s.security.web.FilterChainProxy - Secured POST /api/auth/login
23:18:21.252 DEBUG o.s.security.web.FilterChainProxy - Securing POST /api/auth/login
23:18:21.252 DEBUG o.s.s.w.a.AnonymousAuthenticationFilter - Set SecurityContextHolder to anonymous SecurityContext
23:18:21.252 DEBUG o.s.security.web.FilterChainProxy - Secured POST /api/auth/login
23:18:21.254 DEBUG o.s.security.web.FilterChainProxy - Securing POST /api/auth/login
23:18:21.254 DEBUG o.s.security.web.FilterChainProxy - Securing POST /api/auth/login
23:18:21.254 DEBUG o.s.s.w.a.AnonymousAuthenticationFilter - Set SecurityContextHolder to anonymous SecurityContext
23:18:21.255 DEBUG o.s.s.w.a.AnonymousAuthenticationFilter - Set SecurityContextHolder to anonymous SecurityContext
23:18:21.255 DEBUG o.s.security.web.FilterChainProxy - Secured POST /api/auth/login
23:18:21.255 DEBUG o.s.security.web.FilterChainProxy - Secured POST /api/auth/login
23:18:21.273 DEBUG o.s.security.web.FilterChainProxy - Securing POST /api/auth/login
23:18:21.273 DEBUG o.s.s.w.a.AnonymousAuthenticationFilter - Set SecurityContextHolder to anonymous SecurityContext
23:18:21.273 DEBUG o.s.security.web.FilterChainProxy - Secured POST /api/auth/login
23:18:21.384 DEBUG o.s.s.a.d.DaoAuthenticationProvider - Authenticated user
23:18:21.498 DEBUG o.s.security.web.FilterChainProxy - Securing POST /api/auth/login
23:18:21.499 DEBUG o.s.s.w.a.AnonymousAuthenticationFilter - Set SecurityContextHolder to anonymous SecurityContext
23:18:21.499 DEBUG o.s.security.web.FilterChainProxy - Secured POST /api/auth/login
23:18:21.511 DEBUG o.s.security.web.FilterChainProxy - Securing POST /api/auth/login
23:18:21.512 DEBUG o.s.s.w.a.AnonymousAuthenticationFilter - Set SecurityContextHolder to anonymous SecurityContext
23:18:21.512 DEBUG o.s.security.web.FilterChainProxy - Secured POST /api/auth/login
23:18:21.568 DEBUG o.s.security.web.FilterChainProxy - Securing POST /api/auth/login
23:18:21.568 DEBUG o.s.s.w.a.AnonymousAuthenticationFilter - Set SecurityContextHolder to anonymous SecurityContext
23:18:21.568 DEBUG o.s.security.web.FilterChainProxy - Secured POST /api/auth/login
23:18:21.579 DEBUG o.s.security.web.FilterChainProxy - Securing POST /api/auth/login
23:18:21.583 DEBUG o.s.s.a.d.DaoAuthenticationProvider - Authenticated user
23:18:21.584 DEBUG o.s.s.w.a.AnonymousAuthenticationFilter - Set SecurityContextHolder to anonymous SecurityContext
23:18:21.584 DEBUG o.s.security.web.FilterChainProxy - Secured POST /api/auth/login
23:18:21.588 DEBUG o.s.security.web.FilterChainProxy - Securing POST /api/auth/login
23:18:21.589 DEBUG o.s.s.w.a.AnonymousAuthenticationFilter - Set SecurityContextHolder to anonymous SecurityContext
23:18:21.589 DEBUG o.s.security.web.FilterChainProxy - Secured POST /api/auth/login
23:18:21.626 DEBUG o.s.security.web.FilterChainProxy - Securing POST /api/auth/login
23:18:21.630 DEBUG o.s.s.w.a.AnonymousAuthenticationFilter - Set SecurityContextHolder to anonymous SecurityContext
23:18:21.630 DEBUG o.s.security.web.FilterChainProxy - Secured POST /api/auth/login
23:18:21.677 DEBUG o.s.security.web.FilterChainProxy - Securing POST /api/auth/login
23:18:21.677 DEBUG o.s.s.w.a.AnonymousAuthenticationFilter - Set SecurityContextHolder to anonymous SecurityContext
23:18:21.678 DEBUG o.s.security.web.FilterChainProxy - Secured POST /api/auth/login
23:18:21.685 DEBUG o.s.security.web.FilterChainProxy - Securing POST /api/auth/login
23:18:21.685 DEBUG o.s.s.w.a.AnonymousAuthenticationFilter - Set SecurityContextHolder to anonymous SecurityContext
23:18:21.685 DEBUG o.s.security.web.FilterChainProxy - Secured POST /api/auth/login
23:18:21.813 DEBUG o.s.security.web.FilterChainProxy - Securing POST /api/auth/login
23:18:21.814 DEBUG o.s.s.w.a.AnonymousAuthenticationFilter - Set SecurityContextHolder to anonymous SecurityContext
23:18:21.814 DEBUG o.s.security.web.FilterChainProxy - Secured POST /api/auth/login
23:18:21.883 DEBUG o.s.security.web.FilterChainProxy - Securing POST /api/auth/login
23:18:21.883 DEBUG o.s.s.w.a.AnonymousAuthenticationFilter - Set SecurityContextHolder to anonymous SecurityContext
23:18:21.883 DEBUG o.s.security.web.FilterChainProxy - Secured POST /api/auth/login
23:18:21.888 DEBUG o.s.security.web.FilterChainProxy - Securing POST /api/auth/login
23:18:21.889 DEBUG o.s.s.w.a.AnonymousAuthenticationFilter - Set SecurityContextHolder to anonymous SecurityContext
23:18:21.889 DEBUG o.s.security.web.FilterChainProxy - Secured POST /api/auth/login
23:18:21.925 DEBUG o.s.security.web.FilterChainProxy - Securing POST /api/auth/login
23:18:21.925 DEBUG o.s.s.w.a.AnonymousAuthenticationFilter - Set SecurityContextHolder to anonymous SecurityContext
23:18:21.925 DEBUG o.s.security.web.FilterChainProxy - Secured POST /api/auth/login
23:18:21.937 DEBUG o.s.s.a.d.DaoAuthenticationProvider - Authenticated user
23:18:22.062 DEBUG o.s.security.web.FilterChainProxy - Securing POST /api/auth/login
23:18:22.062 DEBUG o.s.security.web.FilterChainProxy - Securing POST /api/auth/login
23:18:22.062 DEBUG o.s.s.w.a.AnonymousAuthenticationFilter - Set SecurityContextHolder to anonymous SecurityContext
23:18:22.062 DEBUG o.s.s.w.a.AnonymousAuthenticationFilter - Set SecurityContextHolder to anonymous SecurityContext
23:18:22.062 DEBUG o.s.security.web.FilterChainProxy - Secured POST /api/auth/login
23:18:22.062 DEBUG o.s.security.web.FilterChainProxy - Secured POST /api/auth/login
23:18:22.082 DEBUG o.s.s.a.d.DaoAuthenticationProvider - Authenticated user
23:18:22.129 DEBUG o.s.s.a.d.DaoAuthenticationProvider - Authenticated user
23:18:22.133 DEBUG o.s.security.web.FilterChainProxy - Securing POST /api/auth/login
23:18:22.135 DEBUG o.s.s.w.a.AnonymousAuthenticationFilter - Set SecurityContextHolder to anonymous SecurityContext
23:18:22.136 DEBUG o.s.security.web.FilterChainProxy - Secured POST /api/auth/login
23:18:22.315 DEBUG o.s.security.web.FilterChainProxy - Securing POST /api/auth/login
23:18:22.315 DEBUG o.s.s.w.a.AnonymousAuthenticationFilter - Set SecurityContextHolder to anonymous SecurityContext
23:18:22.315 DEBUG o.s.security.web.FilterChainProxy - Secured POST /api/auth/login
23:18:22.362 DEBUG o.s.security.web.FilterChainProxy - Securing POST /api/auth/login
23:18:22.465 DEBUG o.s.s.w.a.AnonymousAuthenticationFilter - Set SecurityContextHolder to anonymous SecurityContext
23:18:22.465 DEBUG o.s.security.web.FilterChainProxy - Secured POST /api/auth/login
23:18:22.472 DEBUG o.s.security.web.FilterChainProxy - Securing POST /api/auth/login
23:18:22.472 DEBUG o.s.s.w.a.AnonymousAuthenticationFilter - Set SecurityContextHolder to anonymous SecurityContext
23:18:22.472 DEBUG o.s.security.web.FilterChainProxy - Secured POST /api/auth/login
23:18:22.813 DEBUG o.s.security.web.FilterChainProxy - Securing POST /api/auth/login
23:18:22.814 DEBUG o.s.s.w.a.AnonymousAuthenticationFilter - Set SecurityContextHolder to anonymous SecurityContext
23:18:22.814 DEBUG o.s.security.web.FilterChainProxy - Secured POST /api/auth/login
23:18:22.821 DEBUG o.s.s.a.d.DaoAuthenticationProvider - Authenticated user
23:18:22.860 DEBUG o.s.s.a.d.DaoAuthenticationProvider - Authenticated user
23:18:23.145 DEBUG o.s.security.web.FilterChainProxy - Securing POST /api/auth/login
23:18:23.146 DEBUG o.s.s.w.a.AnonymousAuthenticationFilter - Set SecurityContextHolder to anonymous SecurityContext
23:18:23.146 DEBUG o.s.security.web.FilterChainProxy - Secured POST /api/auth/login
23:18:23.161 DEBUG o.s.security.web.FilterChainProxy - Securing POST /api/auth/login
23:18:23.161 DEBUG o.s.s.w.a.AnonymousAuthenticationFilter - Set SecurityContextHolder to anonymous SecurityContext
23:18:23.162 DEBUG o.s.security.web.FilterChainProxy - Secured POST /api/auth/login
23:18:23.166 DEBUG o.s.s.a.d.DaoAuthenticationProvider - Authenticated user
23:18:23.169 DEBUG o.s.security.web.FilterChainProxy - Securing POST /api/auth/login
23:18:23.169 DEBUG o.s.s.w.a.AnonymousAuthenticationFilter - Set SecurityContextHolder to anonymous SecurityContext
23:18:23.170 DEBUG o.s.security.web.FilterChainProxy - Secured POST /api/auth/login
23:18:23.170 DEBUG o.s.security.web.FilterChainProxy - Securing POST /api/auth/login
23:18:23.171 DEBUG o.s.s.w.a.AnonymousAuthenticationFilter - Set SecurityContextHolder to anonymous SecurityContext
23:18:23.171 DEBUG o.s.security.web.FilterChainProxy - Secured POST /api/auth/login
23:18:23.176 DEBUG o.s.s.a.d.DaoAuthenticationProvider - Authenticated user
23:18:23.372 DEBUG o.s.security.web.FilterChainProxy - Securing POST /api/auth/login
23:18:23.373 DEBUG o.s.s.w.a.AnonymousAuthenticationFilter - Set SecurityContextHolder to anonymous SecurityContext
23:18:23.373 DEBUG o.s.security.web.FilterChainProxy - Secured POST /api/auth/login
23:18:23.463 DEBUG o.s.security.web.FilterChainProxy - Securing POST /api/auth/login
23:18:23.463 DEBUG o.s.s.w.a.AnonymousAuthenticationFilter - Set SecurityContextHolder to anonymous SecurityContext
23:18:23.463 DEBUG o.s.security.web.FilterChainProxy - Secured POST /api/auth/login
23:18:23.465 DEBUG o.s.security.web.FilterChainProxy - Securing POST /api/auth/login
23:18:23.465 DEBUG o.s.s.w.a.AnonymousAuthenticationFilter - Set SecurityContextHolder to anonymous SecurityContext
23:18:23.466 DEBUG o.s.security.web.FilterChainProxy - Secured POST /api/auth/login
23:18:23.532 DEBUG o.s.s.a.d.DaoAuthenticationProvider - Authenticated user
23:18:23.625 DEBUG o.s.security.web.FilterChainProxy - Securing POST /api/auth/login
23:18:23.625 DEBUG o.s.s.w.a.AnonymousAuthenticationFilter - Set SecurityContextHolder to anonymous SecurityContext
23:18:23.625 DEBUG o.s.security.web.FilterChainProxy - Secured POST /api/auth/login
23:18:23.668 DEBUG o.s.security.web.FilterChainProxy - Securing POST /api/auth/login
23:18:23.668 DEBUG o.s.s.w.a.AnonymousAuthenticationFilter - Set SecurityContextHolder to anonymous SecurityContext
23:18:23.668 DEBUG o.s.security.web.FilterChainProxy - Secured POST /api/auth/login
23:18:23.771 DEBUG o.s.security.web.FilterChainProxy - Securing POST /api/auth/login
23:18:23.771 DEBUG o.s.s.w.a.AnonymousAuthenticationFilter - Set SecurityContextHolder to anonymous SecurityContext
23:18:23.771 DEBUG o.s.security.web.FilterChainProxy - Secured POST /api/auth/login
23:18:23.825 DEBUG o.s.security.web.FilterChainProxy - Securing POST /api/auth/login
23:18:23.825 DEBUG o.s.s.w.a.AnonymousAuthenticationFilter - Set SecurityContextHolder to anonymous SecurityContext
23:18:23.825 DEBUG o.s.security.web.FilterChainProxy - Secured POST /api/auth/login
23:18:23.862 DEBUG o.s.s.a.d.DaoAuthenticationProvider - Authenticated user
23:18:24.055 DEBUG o.s.s.a.d.DaoAuthenticationProvider - Authenticated user
23:18:24.097 DEBUG o.s.security.web.FilterChainProxy - Securing POST /api/auth/login
23:18:24.097 DEBUG o.s.s.w.a.AnonymousAuthenticationFilter - Set SecurityContextHolder to anonymous SecurityContext
23:18:24.097 DEBUG o.s.security.web.FilterChainProxy - Secured POST /api/auth/login
23:18:24.146 DEBUG o.s.security.web.FilterChainProxy - Securing POST /api/auth/login
23:18:24.146 DEBUG o.s.s.w.a.AnonymousAuthenticationFilter - Set SecurityContextHolder to anonymous SecurityContext
23:18:24.146 DEBUG o.s.security.web.FilterChainProxy - Secured POST /api/auth/login
23:18:24.179 DEBUG o.s.security.web.FilterChainProxy - Securing POST /api/auth/login
23:18:24.179 DEBUG o.s.s.w.a.AnonymousAuthenticationFilter - Set SecurityContextHolder to anonymous SecurityContext
23:18:24.179 DEBUG o.s.security.web.FilterChainProxy - Secured POST /api/auth/login
23:18:24.195 DEBUG o.s.security.web.FilterChainProxy - Securing POST /api/auth/login
23:18:24.195 DEBUG o.s.s.w.a.AnonymousAuthenticationFilter - Set SecurityContextHolder to anonymous SecurityContext
23:18:24.195 DEBUG o.s.security.web.FilterChainProxy - Secured POST /api/auth/login
23:18:24.204 DEBUG o.s.s.a.d.DaoAuthenticationProvider - Authenticated user
23:18:24.229 DEBUG o.s.security.web.FilterChainProxy - Securing POST /api/auth/login
23:18:24.229 DEBUG o.s.s.w.a.AnonymousAuthenticationFilter - Set SecurityContextHolder to anonymous SecurityContext
23:18:24.229 DEBUG o.s.security.web.FilterChainProxy - Secured POST /api/auth/login
23:18:24.272 DEBUG o.s.security.web.FilterChainProxy - Securing POST /api/auth/login
23:18:24.272 DEBUG o.s.s.w.a.AnonymousAuthenticationFilter - Set SecurityContextHolder to anonymous SecurityContext
23:18:24.274 DEBUG o.s.security.web.FilterChainProxy - Secured POST /api/auth/login
23:18:24.295 DEBUG o.s.security.web.FilterChainProxy - Securing POST /api/auth/login
23:18:24.295 DEBUG o.s.s.w.a.AnonymousAuthenticationFilter - Set SecurityContextHolder to anonymous SecurityContext
23:18:24.295 DEBUG o.s.security.web.FilterChainProxy - Secured POST /api/auth/login
23:18:24.327 DEBUG o.s.s.a.d.DaoAuthenticationProvider - Authenticated user
23:18:24.352 DEBUG o.s.s.a.d.DaoAuthenticationProvider - Authenticated user
23:18:24.375 DEBUG o.s.security.web.FilterChainProxy - Securing POST /api/auth/login
23:18:24.376 DEBUG o.s.s.w.a.AnonymousAuthenticationFilter - Set SecurityContextHolder to anonymous SecurityContext
23:18:24.376 DEBUG o.s.security.web.FilterChainProxy - Secured POST /api/auth/login
23:18:24.592 DEBUG o.s.s.a.d.DaoAuthenticationProvider - Authenticated user
23:18:24.597 DEBUG o.s.security.web.FilterChainProxy - Securing POST /api/auth/login
23:18:24.598 DEBUG o.s.s.w.a.AnonymousAuthenticationFilter - Set SecurityContextHolder to anonymous SecurityContext
23:18:24.598 DEBUG o.s.security.web.FilterChainProxy - Secured POST /api/auth/login
23:18:24.624 DEBUG o.s.security.web.FilterChainProxy - Securing POST /api/auth/login
23:18:24.624 DEBUG o.s.s.w.a.AnonymousAuthenticationFilter - Set SecurityContextHolder to anonymous SecurityContext
23:18:24.624 DEBUG o.s.security.web.FilterChainProxy - Secured POST /api/auth/login
23:18:24.724 DEBUG o.s.s.a.d.DaoAuthenticationProvider - Authenticated user
23:18:24.852 DEBUG o.s.s.a.d.DaoAuthenticationProvider - Authenticated user
23:18:24.989 DEBUG o.s.security.web.FilterChainProxy - Securing POST /api/auth/login
23:18:24.989 DEBUG o.s.s.w.a.AnonymousAuthenticationFilter - Set SecurityContextHolder to anonymous SecurityContext
23:18:24.989 DEBUG o.s.security.web.FilterChainProxy - Secured POST /api/auth/login
23:18:25.011 DEBUG o.s.security.web.FilterChainProxy - Securing POST /api/auth/login
23:18:25.012 DEBUG o.s.s.w.a.AnonymousAuthenticationFilter - Set SecurityContextHolder to anonymous SecurityContext
23:18:25.012 DEBUG o.s.security.web.FilterChainProxy - Secured POST /api/auth/login
23:18:25.117 DEBUG o.s.security.web.FilterChainProxy - Securing POST /api/auth/login
23:18:25.117 DEBUG o.s.s.w.a.AnonymousAuthenticationFilter - Set SecurityContextHolder to anonymous SecurityContext
23:18:25.117 DEBUG o.s.security.web.FilterChainProxy - Secured POST /api/auth/login
23:18:25.181 DEBUG o.s.s.a.d.DaoAuthenticationProvider - Authenticated user
23:18:25.187 DEBUG o.s.security.web.FilterChainProxy - Securing POST /api/auth/login
23:18:25.188 DEBUG o.s.s.w.a.AnonymousAuthenticationFilter - Set SecurityContextHolder to anonymous SecurityContext
23:18:25.188 DEBUG o.s.security.web.FilterChainProxy - Secured POST /api/auth/login
23:18:25.228 DEBUG o.s.security.web.FilterChainProxy - Securing POST /api/auth/login
23:18:25.230 DEBUG o.s.s.w.a.AnonymousAuthenticationFilter - Set SecurityContextHolder to anonymous SecurityContext
23:18:25.230 DEBUG o.s.security.web.FilterChainProxy - Secured POST /api/auth/login
23:18:25.238 DEBUG o.s.security.web.FilterChainProxy - Securing POST /api/auth/login
23:18:25.239 DEBUG o.s.s.w.a.AnonymousAuthenticationFilter - Set SecurityContextHolder to anonymous SecurityContext
23:18:25.240 DEBUG o.s.security.web.FilterChainProxy - Secured POST /api/auth/login
23:18:25.406 DEBUG o.s.security.web.FilterChainProxy - Securing POST /api/auth/login
23:18:25.406 DEBUG o.s.s.w.a.AnonymousAuthenticationFilter - Set SecurityContextHolder to anonymous SecurityContext
23:18:25.406 DEBUG o.s.security.web.FilterChainProxy - Secured POST /api/auth/login
23:18:25.414 DEBUG o.s.s.a.d.DaoAuthenticationProvider - Authenticated user
23:18:25.417 DEBUG o.s.s.a.d.DaoAuthenticationProvider - Authenticated user
23:18:25.426 DEBUG o.s.security.web.FilterChainProxy - Securing POST /api/auth/login
23:18:25.426 DEBUG o.s.s.w.a.AnonymousAuthenticationFilter - Set SecurityContextHolder to anonymous SecurityContext
23:18:25.426 DEBUG o.s.security.web.FilterChainProxy - Secured POST /api/auth/login
23:18:25.427 DEBUG o.s.security.web.FilterChainProxy - Securing POST /api/auth/login
23:18:25.427 DEBUG o.s.s.w.a.AnonymousAuthenticationFilter - Set SecurityContextHolder to anonymous SecurityContext
23:18:25.427 DEBUG o.s.security.web.FilterChainProxy - Secured POST /api/auth/login
23:18:25.491 DEBUG o.s.security.web.FilterChainProxy - Securing POST /api/auth/login
23:18:25.491 DEBUG o.s.s.w.a.AnonymousAuthenticationFilter - Set SecurityContextHolder to anonymous SecurityContext
23:18:25.491 DEBUG o.s.security.web.FilterChainProxy - Secured POST /api/auth/login
23:18:25.525 DEBUG o.s.security.web.FilterChainProxy - Securing POST /api/auth/login
23:18:25.525 DEBUG o.s.s.w.a.AnonymousAuthenticationFilter - Set SecurityContextHolder to anonymous SecurityContext
23:18:25.525 DEBUG o.s.security.web.FilterChainProxy - Secured POST /api/auth/login
23:18:25.568 DEBUG o.s.security.web.FilterChainProxy - Securing POST /api/auth/login
23:18:25.568 DEBUG o.s.s.w.a.AnonymousAuthenticationFilter - Set SecurityContextHolder to anonymous SecurityContext
23:18:25.568 DEBUG o.s.security.web.FilterChainProxy - Secured POST /api/auth/login
23:18:25.575 DEBUG o.s.security.web.FilterChainProxy - Securing POST /api/auth/login
23:18:25.576 DEBUG o.s.s.w.a.AnonymousAuthenticationFilter - Set SecurityContextHolder to anonymous SecurityContext
23:18:25.576 DEBUG o.s.security.web.FilterChainProxy - Secured POST /api/auth/login
23:18:25.577 DEBUG o.s.security.web.FilterChainProxy - Securing POST /api/auth/login
23:18:25.577 DEBUG o.s.s.w.a.AnonymousAuthenticationFilter - Set SecurityContextHolder to anonymous SecurityContext
23:18:25.577 DEBUG o.s.security.web.FilterChainProxy - Secured POST /api/auth/login
23:18:25.598 DEBUG o.s.s.a.d.DaoAuthenticationProvider - Authenticated user
23:18:25.604 DEBUG o.s.security.web.FilterChainProxy - Securing POST /api/auth/login
23:18:25.604 DEBUG o.s.s.w.a.AnonymousAuthenticationFilter - Set SecurityContextHolder to anonymous SecurityContext
23:18:25.604 DEBUG o.s.security.web.FilterChainProxy - Secured POST /api/auth/login
23:18:25.632 DEBUG o.s.s.a.d.DaoAuthenticationProvider - Authenticated user
23:18:25.633 DEBUG o.s.s.a.d.DaoAuthenticationProvider - Authenticated user
23:18:25.651 DEBUG o.s.security.web.FilterChainProxy - Securing POST /api/auth/login
23:18:25.651 DEBUG o.s.s.w.a.AnonymousAuthenticationFilter - Set SecurityContextHolder to anonymous SecurityContext
23:18:25.652 DEBUG o.s.security.web.FilterChainProxy - Secured POST /api/auth/login
23:18:25.705 DEBUG o.s.security.web.FilterChainProxy - Securing POST /api/auth/login
23:18:25.706 DEBUG o.s.s.w.a.AnonymousAuthenticationFilter - Set SecurityContextHolder to anonymous SecurityContext
23:18:25.708 DEBUG o.s.security.web.FilterChainProxy - Secured POST /api/auth/login
23:18:25.748 DEBUG o.s.security.web.FilterChainProxy - Securing POST /api/auth/login
23:18:25.748 DEBUG o.s.s.w.a.AnonymousAuthenticationFilter - Set SecurityContextHolder to anonymous SecurityContext
23:18:25.748 DEBUG o.s.security.web.FilterChainProxy - Secured POST /api/auth/login
23:18:25.814 DEBUG o.s.security.web.FilterChainProxy - Securing POST /api/auth/login
23:18:25.815 DEBUG o.s.s.w.a.AnonymousAuthenticationFilter - Set SecurityContextHolder to anonymous SecurityContext
23:18:25.815 DEBUG o.s.security.web.FilterChainProxy - Secured POST /api/auth/login
23:18:25.834 DEBUG o.s.security.web.FilterChainProxy - Securing POST /api/auth/login
23:18:25.834 DEBUG o.s.s.w.a.AnonymousAuthenticationFilter - Set SecurityContextHolder to anonymous SecurityContext
23:18:25.834 DEBUG o.s.security.web.FilterChainProxy - Secured POST /api/auth/login
23:18:25.835 DEBUG o.s.security.web.FilterChainProxy - Securing POST /api/auth/login
23:18:25.835 DEBUG o.s.s.w.a.AnonymousAuthenticationFilter - Set SecurityContextHolder to anonymous SecurityContext
23:18:25.835 DEBUG o.s.security.web.FilterChainProxy - Secured POST /api/auth/login
23:18:25.935 DEBUG o.s.security.web.FilterChainProxy - Securing POST /api/auth/login
23:18:25.936 DEBUG o.s.s.w.a.AnonymousAuthenticationFilter - Set SecurityContextHolder to anonymous SecurityContext
23:18:25.936 DEBUG o.s.security.web.FilterChainProxy - Secured POST /api/auth/login
23:18:25.999 DEBUG o.s.s.a.d.DaoAuthenticationProvider - Authenticated user
23:18:26.006 DEBUG o.s.security.web.FilterChainProxy - Securing POST /api/auth/login
23:18:26.007 DEBUG o.s.s.w.a.AnonymousAuthenticationFilter - Set SecurityContextHolder to anonymous SecurityContext
23:18:26.007 DEBUG o.s.security.web.FilterChainProxy - Secured POST /api/auth/login
23:18:26.014 DEBUG o.s.security.web.FilterChainProxy - Securing POST /api/auth/login
23:18:26.015 DEBUG o.s.s.w.a.AnonymousAuthenticationFilter - Set SecurityContextHolder to anonymous SecurityContext
23:18:26.015 DEBUG o.s.security.web.FilterChainProxy - Secured POST /api/auth/login
23:18:26.020 DEBUG o.s.s.a.d.DaoAuthenticationProvider - Authenticated user
23:18:26.031 DEBUG o.s.security.web.FilterChainProxy - Securing POST /api/auth/login
23:18:26.031 DEBUG o.s.s.w.a.AnonymousAuthenticationFilter - Set SecurityContextHolder to anonymous SecurityContext
23:18:26.031 DEBUG o.s.security.web.FilterChainProxy - Secured POST /api/auth/login
23:18:26.124 DEBUG o.s.security.web.FilterChainProxy - Securing POST /api/auth/login
23:18:26.124 DEBUG o.s.s.w.a.AnonymousAuthenticationFilter - Set SecurityContextHolder to anonymous SecurityContext
23:18:26.124 DEBUG o.s.security.web.FilterChainProxy - Secured POST /api/auth/login
23:18:26.149 DEBUG o.s.s.a.d.DaoAuthenticationProvider - Authenticated user
23:18:26.241 DEBUG o.s.security.web.FilterChainProxy - Securing POST /api/auth/login
23:18:26.241 DEBUG o.s.s.w.a.AnonymousAuthenticationFilter - Set SecurityContextHolder to anonymous SecurityContext
23:18:26.242 DEBUG o.s.security.web.FilterChainProxy - Secured POST /api/auth/login
23:18:26.288 DEBUG o.s.s.a.d.DaoAuthenticationProvider - Authenticated user
23:18:26.401 DEBUG o.s.security.web.FilterChainProxy - Securing POST /api/auth/login
23:18:26.402 DEBUG o.s.s.w.a.AnonymousAuthenticationFilter - Set SecurityContextHolder to anonymous SecurityContext
23:18:26.402 DEBUG o.s.security.web.FilterChainProxy - Secured POST /api/auth/login
23:18:26.489 DEBUG o.s.s.a.d.DaoAuthenticationProvider - Authenticated user
23:18:26.495 DEBUG o.s.security.web.FilterChainProxy - Securing POST /api/auth/login
23:18:26.495 DEBUG o.s.s.w.a.AnonymousAuthenticationFilter - Set SecurityContextHolder to anonymous SecurityContext
23:18:26.496 DEBUG o.s.security.web.FilterChainProxy - Secured POST /api/auth/login
23:18:26.503 DEBUG o.s.s.a.d.DaoAuthenticationProvider - Authenticated user
23:18:26.507 DEBUG o.s.security.web.FilterChainProxy - Securing POST /api/auth/login
23:18:26.507 DEBUG o.s.s.w.a.AnonymousAuthenticationFilter - Set SecurityContextHolder to anonymous SecurityContext
23:18:26.507 DEBUG o.s.security.web.FilterChainProxy - Secured POST /api/auth/login
23:18:26.548 DEBUG o.s.s.a.d.DaoAuthenticationProvider - Authenticated user
23:18:26.578 DEBUG o.s.security.web.FilterChainProxy - Securing POST /api/auth/login
23:18:26.579 DEBUG o.s.s.w.a.AnonymousAuthenticationFilter - Set SecurityContextHolder to anonymous SecurityContext
23:18:26.579 DEBUG o.s.security.web.FilterChainProxy - Secured POST /api/auth/login
23:18:26.632 DEBUG o.s.s.a.d.DaoAuthenticationProvider - Authenticated user
23:18:26.694 DEBUG o.s.s.a.d.DaoAuthenticationProvider - Authenticated user
23:18:26.714 DEBUG o.s.s.a.d.DaoAuthenticationProvider - Authenticated user
23:18:26.717 DEBUG o.s.security.web.FilterChainProxy - Securing POST /api/auth/login
23:18:26.717 DEBUG o.s.s.w.a.AnonymousAuthenticationFilter - Set SecurityContextHolder to anonymous SecurityContext
23:18:26.718 DEBUG o.s.security.web.FilterChainProxy - Secured POST /api/auth/login
23:18:26.830 DEBUG o.s.s.a.d.DaoAuthenticationProvider - Authenticated user
23:18:26.841 DEBUG o.s.security.web.FilterChainProxy - Securing POST /api/auth/login
23:18:26.842 DEBUG o.s.s.w.a.AnonymousAuthenticationFilter - Set SecurityContextHolder to anonymous SecurityContext
23:18:26.842 DEBUG o.s.security.web.FilterChainProxy - Secured POST /api/auth/login
23:18:26.878 DEBUG o.s.security.web.FilterChainProxy - Securing POST /api/auth/login
23:18:26.878 DEBUG o.s.s.w.a.AnonymousAuthenticationFilter - Set SecurityContextHolder to anonymous SecurityContext
23:18:26.878 DEBUG o.s.security.web.FilterChainProxy - Secured POST /api/auth/login
23:18:26.910 DEBUG o.s.s.a.d.DaoAuthenticationProvider - Authenticated user
23:18:27.031 DEBUG o.s.s.a.d.DaoAuthenticationProvider - Authenticated user
23:18:27.199 DEBUG o.s.security.web.FilterChainProxy - Securing POST /api/auth/login
23:18:27.199 DEBUG o.s.s.w.a.AnonymousAuthenticationFilter - Set SecurityContextHolder to anonymous SecurityContext
23:18:27.199 DEBUG o.s.security.web.FilterChainProxy - Secured POST /api/auth/login
23:18:27.300 DEBUG o.s.s.a.d.DaoAuthenticationProvider - Authenticated user
23:18:27.326 DEBUG o.s.security.web.FilterChainProxy - Securing POST /api/auth/login
23:18:27.327 DEBUG o.s.s.w.a.AnonymousAuthenticationFilter - Set SecurityContextHolder to anonymous SecurityContext
23:18:27.327 DEBUG o.s.security.web.FilterChainProxy - Secured POST /api/auth/login
23:18:27.331 DEBUG o.s.s.a.d.DaoAuthenticationProvider - Authenticated user
23:18:27.446 DEBUG o.s.s.a.d.DaoAuthenticationProvider - Authenticated user
23:18:27.450 DEBUG o.s.security.web.FilterChainProxy - Securing POST /api/auth/login
23:18:27.451 DEBUG o.s.s.w.a.AnonymousAuthenticationFilter - Set SecurityContextHolder to anonymous SecurityContext
23:18:27.451 DEBUG o.s.security.web.FilterChainProxy - Secured POST /api/auth/login
23:18:27.456 DEBUG o.s.s.a.d.DaoAuthenticationProvider - Authenticated user
23:18:27.462 DEBUG o.s.security.web.FilterChainProxy - Securing POST /api/auth/login
23:18:27.462 DEBUG o.s.s.w.a.AnonymousAuthenticationFilter - Set SecurityContextHolder to anonymous SecurityContext
23:18:27.463 DEBUG o.s.security.web.FilterChainProxy - Secured POST /api/auth/login
23:18:27.557 DEBUG o.s.s.a.d.DaoAuthenticationProvider - Authenticated user
23:18:27.564 DEBUG o.s.security.web.FilterChainProxy - Securing POST /api/auth/login
23:18:27.565 DEBUG o.s.s.w.a.AnonymousAuthenticationFilter - Set SecurityContextHolder to anonymous SecurityContext
23:18:27.565 DEBUG o.s.security.web.FilterChainProxy - Secured POST /api/auth/login
23:18:27.607 DEBUG o.s.s.a.d.DaoAuthenticationProvider - Authenticated user
23:18:27.652 DEBUG o.s.s.a.d.DaoAuthenticationProvider - Authenticated user
23:18:27.691 DEBUG o.s.security.web.FilterChainProxy - Securing POST /api/auth/login
23:18:27.691 DEBUG o.s.s.w.a.AnonymousAuthenticationFilter - Set SecurityContextHolder to anonymous SecurityContext
23:18:27.691 DEBUG o.s.security.web.FilterChainProxy - Secured POST /api/auth/login
23:18:27.714 DEBUG o.s.security.web.FilterChainProxy - Securing POST /api/auth/login
23:18:27.714 DEBUG o.s.s.w.a.AnonymousAuthenticationFilter - Set SecurityContextHolder to anonymous SecurityContext
23:18:27.714 DEBUG o.s.security.web.FilterChainProxy - Secured POST /api/auth/login
23:18:27.718 DEBUG o.s.security.web.FilterChainProxy - Securing POST /api/auth/login
23:18:27.718 DEBUG o.s.s.w.a.AnonymousAuthenticationFilter - Set SecurityContextHolder to anonymous SecurityContext
23:18:27.718 DEBUG o.s.security.web.FilterChainProxy - Secured POST /api/auth/login
23:18:27.734 DEBUG o.s.s.a.d.DaoAuthenticationProvider - Authenticated user
23:18:27.745 DEBUG o.s.security.web.FilterChainProxy - Securing POST /api/auth/login
23:18:27.746 DEBUG o.s.s.w.a.AnonymousAuthenticationFilter - Set SecurityContextHolder to anonymous SecurityContext
23:18:27.746 DEBUG o.s.security.web.FilterChainProxy - Secured POST /api/auth/login
23:18:27.847 DEBUG o.s.s.a.d.DaoAuthenticationProvider - Authenticated user
23:18:27.856 DEBUG o.s.security.web.FilterChainProxy - Securing POST /api/auth/login
23:18:27.856 DEBUG o.s.s.w.a.AnonymousAuthenticationFilter - Set SecurityContextHolder to anonymous SecurityContext
23:18:27.856 DEBUG o.s.security.web.FilterChainProxy - Secured POST /api/auth/login
23:18:27.932 DEBUG o.s.s.a.d.DaoAuthenticationProvider - Authenticated user
23:18:28.241 DEBUG o.s.s.a.d.DaoAuthenticationProvider - Authenticated user
23:18:28.252 DEBUG o.s.security.web.FilterChainProxy - Securing POST /api/auth/login
23:18:28.252 DEBUG o.s.s.w.a.AnonymousAuthenticationFilter - Set SecurityContextHolder to anonymous SecurityContext
23:18:28.253 DEBUG o.s.security.web.FilterChainProxy - Secured POST /api/auth/login
23:18:28.316 DEBUG o.s.security.web.FilterChainProxy - Securing POST /api/auth/login
23:18:28.316 DEBUG o.s.s.w.a.AnonymousAuthenticationFilter - Set SecurityContextHolder to anonymous SecurityContext
23:18:28.316 DEBUG o.s.security.web.FilterChainProxy - Secured POST /api/auth/login
23:18:28.377 DEBUG o.s.security.web.FilterChainProxy - Securing POST /api/auth/login
23:18:28.377 DEBUG o.s.s.w.a.AnonymousAuthenticationFilter - Set SecurityContextHolder to anonymous SecurityContext
23:18:28.377 DEBUG o.s.security.web.FilterChainProxy - Secured POST /api/auth/login
23:18:28.384 DEBUG o.s.security.web.FilterChainProxy - Securing POST /api/auth/login
23:18:28.384 DEBUG o.s.s.w.a.AnonymousAuthenticationFilter - Set SecurityContextHolder to anonymous SecurityContext
23:18:28.384 DEBUG o.s.security.web.FilterChainProxy - Secured POST /api/auth/login
23:18:28.505 DEBUG o.s.s.a.d.DaoAuthenticationProvider - Authenticated user
23:18:28.510 DEBUG o.s.security.web.FilterChainProxy - Securing POST /api/auth/login
23:18:28.510 DEBUG o.s.s.w.a.AnonymousAuthenticationFilter - Set SecurityContextHolder to anonymous SecurityContext
23:18:28.510 DEBUG o.s.security.web.FilterChainProxy - Secured POST /api/auth/login
23:18:28.547 DEBUG o.s.security.web.FilterChainProxy - Securing POST /api/auth/login
23:18:28.547 DEBUG o.s.s.w.a.AnonymousAuthenticationFilter - Set SecurityContextHolder to anonymous SecurityContext
23:18:28.547 DEBUG o.s.security.web.FilterChainProxy - Secured POST /api/auth/login
23:18:28.617 DEBUG o.s.s.a.d.DaoAuthenticationProvider - Authenticated user
23:18:28.625 DEBUG o.s.s.a.d.DaoAuthenticationProvider - Authenticated user
23:18:28.635 DEBUG o.s.security.web.FilterChainProxy - Securing POST /api/auth/login
23:18:28.636 DEBUG o.s.s.w.a.AnonymousAuthenticationFilter - Set SecurityContextHolder to anonymous SecurityContext
23:18:28.637 DEBUG o.s.security.web.FilterChainProxy - Secured POST /api/auth/login
23:18:28.648 DEBUG o.s.security.web.FilterChainProxy - Securing POST /api/auth/login
23:18:28.648 DEBUG o.s.s.w.a.AnonymousAuthenticationFilter - Set SecurityContextHolder to anonymous SecurityContext
23:18:28.648 DEBUG o.s.security.web.FilterChainProxy - Secured POST /api/auth/login
23:18:28.738 DEBUG o.s.s.a.d.DaoAuthenticationProvider - Authenticated user
23:18:28.740 DEBUG o.s.s.a.d.DaoAuthenticationProvider - Authenticated user
23:18:28.754 DEBUG o.s.security.web.FilterChainProxy - Securing POST /api/auth/login
23:18:28.755 DEBUG o.s.s.w.a.AnonymousAuthenticationFilter - Set SecurityContextHolder to anonymous SecurityContext
23:18:28.772 DEBUG o.s.security.web.FilterChainProxy - Secured POST /api/auth/login
23:18:28.774 DEBUG o.s.s.a.d.DaoAuthenticationProvider - Authenticated user
23:18:28.784 DEBUG o.s.security.web.FilterChainProxy - Securing POST /api/auth/login
23:18:28.784 DEBUG o.s.s.w.a.AnonymousAuthenticationFilter - Set SecurityContextHolder to anonymous SecurityContext
23:18:28.784 DEBUG o.s.security.web.FilterChainProxy - Secured POST /api/auth/login
23:18:28.806 DEBUG o.s.security.web.FilterChainProxy - Securing POST /api/auth/login
23:18:28.807 DEBUG o.s.s.w.a.AnonymousAuthenticationFilter - Set SecurityContextHolder to anonymous SecurityContext
23:18:28.807 DEBUG o.s.security.web.FilterChainProxy - Secured POST /api/auth/login
23:18:28.866 DEBUG o.s.s.a.d.DaoAuthenticationProvider - Authenticated user
23:18:28.880 DEBUG o.s.security.web.FilterChainProxy - Securing POST /api/auth/login
23:18:28.881 DEBUG o.s.s.w.a.AnonymousAuthenticationFilter - Set SecurityContextHolder to anonymous SecurityContext
23:18:28.881 DEBUG o.s.security.web.FilterChainProxy - Secured POST /api/auth/login
23:18:28.936 DEBUG o.s.s.a.d.DaoAuthenticationProvider - Authenticated user
23:18:28.948 DEBUG o.s.security.web.FilterChainProxy - Securing POST /api/auth/login
23:18:28.948 DEBUG o.s.s.a.d.DaoAuthenticationProvider - Authenticated user
23:18:28.948 DEBUG o.s.s.w.a.AnonymousAuthenticationFilter - Set SecurityContextHolder to anonymous SecurityContext
23:18:28.949 DEBUG o.s.security.web.FilterChainProxy - Secured POST /api/auth/login
23:18:28.967 DEBUG o.s.security.web.FilterChainProxy - Securing POST /api/auth/login
23:18:28.968 DEBUG o.s.s.w.a.AnonymousAuthenticationFilter - Set SecurityContextHolder to anonymous SecurityContext
23:18:28.970 DEBUG o.s.security.web.FilterChainProxy - Secured POST /api/auth/login
23:18:29.177 DEBUG o.s.s.a.d.DaoAuthenticationProvider - Authenticated user
23:18:29.187 DEBUG o.s.security.web.FilterChainProxy - Securing POST /api/auth/login
23:18:29.187 DEBUG o.s.s.w.a.AnonymousAuthenticationFilter - Set SecurityContextHolder to anonymous SecurityContext
23:18:29.188 DEBUG o.s.security.web.FilterChainProxy - Secured POST /api/auth/login
23:18:29.541 DEBUG o.s.s.a.d.DaoAuthenticationProvider - Authenticated user
23:18:29.568 DEBUG o.s.security.web.FilterChainProxy - Securing POST /api/auth/login
23:18:29.568 DEBUG o.s.s.w.a.AnonymousAuthenticationFilter - Set SecurityContextHolder to anonymous SecurityContext
23:18:29.568 DEBUG o.s.security.web.FilterChainProxy - Secured POST /api/auth/login
23:18:29.605 DEBUG o.s.s.a.d.DaoAuthenticationProvider - Authenticated user
23:18:29.610 DEBUG o.s.security.web.FilterChainProxy - Securing POST /api/auth/login
23:18:29.610 DEBUG o.s.s.w.a.AnonymousAuthenticationFilter - Set SecurityContextHolder to anonymous SecurityContext
23:18:29.611 DEBUG o.s.security.web.FilterChainProxy - Secured POST /api/auth/login
23:18:29.705 DEBUG o.s.s.a.d.DaoAuthenticationProvider - Authenticated user
23:18:29.727 DEBUG o.s.security.web.FilterChainProxy - Securing POST /api/auth/login
23:18:29.764 DEBUG o.s.s.w.a.AnonymousAuthenticationFilter - Set SecurityContextHolder to anonymous SecurityContext
23:18:29.764 DEBUG o.s.security.web.FilterChainProxy - Secured POST /api/auth/login
23:18:29.797 DEBUG o.s.s.a.d.DaoAuthenticationProvider - Authenticated user
23:18:29.805 DEBUG o.s.security.web.FilterChainProxy - Securing POST /api/auth/login
23:18:29.805 DEBUG o.s.s.w.a.AnonymousAuthenticationFilter - Set SecurityContextHolder to anonymous SecurityContext
23:18:29.807 DEBUG o.s.security.web.FilterChainProxy - Secured POST /api/auth/login
23:18:29.826 DEBUG o.s.s.a.d.DaoAuthenticationProvider - Authenticated user
23:18:29.830 DEBUG o.s.security.web.FilterChainProxy - Securing POST /api/auth/login
23:18:29.830 DEBUG o.s.s.w.a.AnonymousAuthenticationFilter - Set SecurityContextHolder to anonymous SecurityContext
23:18:29.833 DEBUG o.s.security.web.FilterChainProxy - Secured POST /api/auth/login
23:18:29.856 DEBUG o.s.s.a.d.DaoAuthenticationProvider - Authenticated user
23:18:29.864 DEBUG o.s.security.web.FilterChainProxy - Securing POST /api/auth/login
23:18:29.864 DEBUG o.s.s.w.a.AnonymousAuthenticationFilter - Set SecurityContextHolder to anonymous SecurityContext
23:18:29.864 DEBUG o.s.security.web.FilterChainProxy - Secured POST /api/auth/login
23:18:29.872 DEBUG o.s.s.a.d.DaoAuthenticationProvider - Authenticated user
23:18:29.877 DEBUG o.s.security.web.FilterChainProxy - Securing POST /api/auth/login
23:18:29.877 DEBUG o.s.s.w.a.AnonymousAuthenticationFilter - Set SecurityContextHolder to anonymous SecurityContext
23:18:29.877 DEBUG o.s.security.web.FilterChainProxy - Secured POST /api/auth/login
23:18:29.909 DEBUG o.s.s.a.d.DaoAuthenticationProvider - Authenticated user
23:18:29.928 DEBUG o.s.security.web.FilterChainProxy - Securing POST /api/auth/login
23:18:29.928 DEBUG o.s.s.w.a.AnonymousAuthenticationFilter - Set SecurityContextHolder to anonymous SecurityContext
23:18:29.928 DEBUG o.s.security.web.FilterChainProxy - Secured POST /api/auth/login
23:18:30.022 DEBUG o.s.s.a.d.DaoAuthenticationProvider - Authenticated user
23:18:30.027 DEBUG o.s.security.web.FilterChainProxy - Securing POST /api/auth/login
23:18:30.028 DEBUG o.s.s.w.a.AnonymousAuthenticationFilter - Set SecurityContextHolder to anonymous SecurityContext
23:18:30.028 DEBUG o.s.security.web.FilterChainProxy - Secured POST /api/auth/login
23:18:30.033 DEBUG o.s.s.a.d.DaoAuthenticationProvider - Authenticated user
23:18:30.041 DEBUG o.s.security.web.FilterChainProxy - Securing POST /api/auth/login
23:18:30.041 DEBUG o.s.s.w.a.AnonymousAuthenticationFilter - Set SecurityContextHolder to anonymous SecurityContext
23:18:30.041 DEBUG o.s.security.web.FilterChainProxy - Secured POST /api/auth/login
23:18:30.168 DEBUG o.s.s.a.d.DaoAuthenticationProvider - Authenticated user
23:18:30.181 DEBUG o.s.security.web.FilterChainProxy - Securing POST /api/auth/login
23:18:30.181 DEBUG o.s.s.w.a.AnonymousAuthenticationFilter - Set SecurityContextHolder to anonymous SecurityContext
23:18:30.181 DEBUG o.s.security.web.FilterChainProxy - Secured POST /api/auth/login
23:18:30.591 DEBUG o.s.s.a.d.DaoAuthenticationProvider - Authenticated user
23:18:30.605 DEBUG o.s.security.web.FilterChainProxy - Securing POST /api/auth/login
23:18:30.605 DEBUG o.s.s.w.a.AnonymousAuthenticationFilter - Set SecurityContextHolder to anonymous SecurityContext
23:18:30.605 DEBUG o.s.security.web.FilterChainProxy - Secured POST /api/auth/login
23:18:30.656 DEBUG o.s.s.a.d.DaoAuthenticationProvider - Authenticated user
23:18:30.709 DEBUG o.s.security.web.FilterChainProxy - Securing POST /api/auth/login
23:18:30.709 DEBUG o.s.s.w.a.AnonymousAuthenticationFilter - Set SecurityContextHolder to anonymous SecurityContext
23:18:30.709 DEBUG o.s.security.web.FilterChainProxy - Secured POST /api/auth/login
23:18:30.734 DEBUG o.s.s.a.d.DaoAuthenticationProvider - Authenticated user
23:18:30.745 DEBUG o.s.s.a.d.DaoAuthenticationProvider - Authenticated user
23:18:30.751 DEBUG o.s.security.web.FilterChainProxy - Securing POST /api/auth/login
23:18:30.751 DEBUG o.s.s.w.a.AnonymousAuthenticationFilter - Set SecurityContextHolder to anonymous SecurityContext
23:18:30.751 DEBUG o.s.security.web.FilterChainProxy - Secured POST /api/auth/login
23:18:30.779 DEBUG o.s.security.web.FilterChainProxy - Securing POST /api/auth/login
23:18:30.779 DEBUG o.s.s.w.a.AnonymousAuthenticationFilter - Set SecurityContextHolder to anonymous SecurityContext
23:18:30.779 DEBUG o.s.security.web.FilterChainProxy - Secured POST /api/auth/login
23:18:30.785 DEBUG o.s.s.a.d.DaoAuthenticationProvider - Authenticated user
23:18:30.791 DEBUG o.s.security.web.FilterChainProxy - Securing POST /api/auth/login
23:18:30.791 DEBUG o.s.s.w.a.AnonymousAuthenticationFilter - Set SecurityContextHolder to anonymous SecurityContext
23:18:30.791 DEBUG o.s.security.web.FilterChainProxy - Secured POST /api/auth/login
23:18:30.815 DEBUG o.s.s.a.d.DaoAuthenticationProvider - Authenticated user
23:18:30.822 DEBUG o.s.security.web.FilterChainProxy - Securing POST /api/auth/login
23:18:30.822 DEBUG o.s.s.w.a.AnonymousAuthenticationFilter - Set SecurityContextHolder to anonymous SecurityContext
23:18:30.823 DEBUG o.s.security.web.FilterChainProxy - Secured POST /api/auth/login
23:18:30.846 DEBUG o.s.s.a.d.DaoAuthenticationProvider - Authenticated user
23:18:30.852 DEBUG o.s.security.web.FilterChainProxy - Securing POST /api/auth/login
23:18:30.853 DEBUG o.s.s.w.a.AnonymousAuthenticationFilter - Set SecurityContextHolder to anonymous SecurityContext
23:18:30.853 DEBUG o.s.security.web.FilterChainProxy - Secured POST /api/auth/login
23:18:30.917 DEBUG o.s.s.a.d.DaoAuthenticationProvider - Authenticated user
23:18:30.958 DEBUG o.s.s.a.d.DaoAuthenticationProvider - Authenticated user
23:18:30.958 DEBUG o.s.s.a.d.DaoAuthenticationProvider - Authenticated user
23:18:30.966 DEBUG o.s.security.web.FilterChainProxy - Securing POST /api/auth/login
23:18:30.966 DEBUG o.s.s.w.a.AnonymousAuthenticationFilter - Set SecurityContextHolder to anonymous SecurityContext
23:18:30.966 DEBUG o.s.security.web.FilterChainProxy - Secured POST /api/auth/login
23:18:31.100 DEBUG o.s.s.a.d.DaoAuthenticationProvider - Authenticated user
23:18:31.176 DEBUG o.s.s.a.d.DaoAuthenticationProvider - Authenticated user
23:18:31.179 DEBUG o.s.s.a.d.DaoAuthenticationProvider - Authenticated user
23:18:31.216 DEBUG o.s.s.a.d.DaoAuthenticationProvider - Authenticated user
23:18:31.276 DEBUG o.s.s.a.d.DaoAuthenticationProvider - Authenticated user
23:18:31.406 DEBUG o.s.s.a.d.DaoAuthenticationProvider - Authenticated user
23:18:31.493 DEBUG o.s.s.a.d.DaoAuthenticationProvider - Authenticated user
23:18:31.568 DEBUG o.s.s.a.d.DaoAuthenticationProvider - Authenticated user
23:18:31.572 DEBUG o.s.s.a.d.DaoAuthenticationProvider - Authenticated user
23:18:31.580 DEBUG o.s.s.a.d.DaoAuthenticationProvider - Authenticated user
23:18:31.621 DEBUG o.s.s.a.d.DaoAuthenticationProvider - Authenticated user
23:18:31.627 DEBUG o.s.s.a.d.DaoAuthenticationProvider - Authenticated user
23:18:31.640 DEBUG o.s.s.a.d.DaoAuthenticationProvider - Authenticated user
23:18:31.651 DEBUG o.s.s.a.d.DaoAuthenticationProvider - Authenticated user
23:18:31.773 DEBUG o.s.s.a.d.DaoAuthenticationProvider - Authenticated user
23:18:31.933 DEBUG o.s.s.a.d.DaoAuthenticationProvider - Authenticated user
23:18:31.978 DEBUG o.s.s.a.d.DaoAuthenticationProvider - Authenticated user
23:18:31.996 DEBUG o.s.s.a.d.DaoAuthenticationProvider - Authenticated user
23:18:32.004 DEBUG o.s.s.a.d.DaoAuthenticationProvider - Authenticated user
23:18:32.067 DEBUG o.s.s.a.d.DaoAuthenticationProvider - Authenticated user
23:18:32.134 DEBUG o.s.s.a.d.DaoAuthenticationProvider - Authenticated user
23:18:32.180 DEBUG o.s.s.a.d.DaoAuthenticationProvider - Authenticated user
23:18:32.193 DEBUG o.s.s.a.d.DaoAuthenticationProvider - Authenticated user
23:18:32.232 DEBUG o.s.s.a.d.DaoAuthenticationProvider - Authenticated user
23:18:32.338 DEBUG o.s.s.a.d.DaoAuthenticationProvider - Authenticated user
23:18:32.433 DEBUG o.s.s.a.d.DaoAuthenticationProvider - Authenticated user
23:18:32.497 DEBUG o.s.s.a.d.DaoAuthenticationProvider - Authenticated user
23:18:32.514 DEBUG o.s.s.a.d.DaoAuthenticationProvider - Authenticated user
23:18:32.590 DEBUG o.s.s.a.d.DaoAuthenticationProvider - Authenticated user
23:18:32.660 DEBUG o.s.s.a.d.DaoAuthenticationProvider - Authenticated user
23:18:32.703 DEBUG o.s.s.a.d.DaoAuthenticationProvider - Authenticated user
23:18:32.844 DEBUG o.s.s.a.d.DaoAuthenticationProvider - Authenticated user
23:18:32.980 DEBUG o.s.s.a.d.DaoAuthenticationProvider - Authenticated user
23:18:33.033 DEBUG o.s.s.a.d.DaoAuthenticationProvider - Authenticated user
23:18:33.190 DEBUG o.s.s.a.d.DaoAuthenticationProvider - Authenticated user
23:18:33.220 DEBUG o.s.s.a.d.DaoAuthenticationProvider - Authenticated user
23:18:33.253 DEBUG o.s.s.a.d.DaoAuthenticationProvider - Authenticated user
23:18:33.482 DEBUG o.s.s.a.d.DaoAuthenticationProvider - Authenticated user
23:18:33.518 DEBUG o.s.s.a.d.DaoAuthenticationProvider - Authenticated user
23:18:33.635 DEBUG o.s.s.a.d.DaoAuthenticationProvider - Authenticated user
23:18:33.696 DEBUG o.s.s.a.d.DaoAuthenticationProvider - Authenticated user
23:18:33.741 DEBUG o.s.s.a.d.DaoAuthenticationProvider - Authenticated user
23:18:33.798 DEBUG o.s.s.a.d.DaoAuthenticationProvider - Authenticated user
23:18:33.859 DEBUG o.s.s.a.d.DaoAuthenticationProvider - Authenticated user
23:18:33.890 DEBUG o.s.s.a.d.DaoAuthenticationProvider - Authenticated user
23:18:33.923 DEBUG o.s.s.a.d.DaoAuthenticationProvider - Authenticated user
23:18:34.045 DEBUG o.s.s.a.d.DaoAuthenticationProvider - Authenticated user
23:18:34.108 DEBUG o.s.s.a.d.DaoAuthenticationProvider - Authenticated user
23:18:34.239 DEBUG o.s.s.a.d.DaoAuthenticationProvider - Authenticated user
23:18:34.304 DEBUG o.s.s.a.d.DaoAuthenticationProvider - Authenticated user
23:18:34.359 DEBUG o.s.s.a.d.DaoAuthenticationProvider - Authenticated user
23:18:34.421 DEBUG o.s.s.a.d.DaoAuthenticationProvider - Authenticated user
23:18:34.441 DEBUG o.s.s.a.d.DaoAuthenticationProvider - Authenticated user
23:18:34.488 DEBUG o.s.s.a.d.DaoAuthenticationProvider - Authenticated user
23:18:34.500 DEBUG o.s.s.a.d.DaoAuthenticationProvider - Authenticated user
23:18:34.531 DEBUG o.s.s.a.d.DaoAuthenticationProvider - Authenticated user
23:18:34.715 DEBUG o.s.s.a.d.DaoAuthenticationProvider - Authenticated user
23:18:34.794 DEBUG o.s.s.a.d.DaoAuthenticationProvider - Authenticated user
23:18:34.936 DEBUG o.s.s.a.d.DaoAuthenticationProvider - Authenticated user
23:18:35.334 DEBUG o.s.s.a.d.DaoAuthenticationProvider - Authenticated user
23:18:35.565 DEBUG o.s.s.a.d.DaoAuthenticationProvider - Authenticated user
23:18:35.574 DEBUG o.s.s.a.d.DaoAuthenticationProvider - Authenticated user
23:18:35.752 DEBUG o.s.s.a.d.DaoAuthenticationProvider - Authenticated user
23:18:35.876 DEBUG o.s.s.a.d.DaoAuthenticationProvider - Authenticated user
23:18:35.937 DEBUG o.s.s.a.d.DaoAuthenticationProvider - Authenticated user
23:18:35.951 DEBUG o.s.s.a.d.DaoAuthenticationProvider - Authenticated user
23:18:35.980 DEBUG o.s.s.a.d.DaoAuthenticationProvider - Authenticated user
23:18:35.985 DEBUG o.s.s.a.d.DaoAuthenticationProvider - Authenticated user
23:18:36.001 DEBUG o.s.s.a.d.DaoAuthenticationProvider - Authenticated user
23:18:36.107 DEBUG o.s.s.a.d.DaoAuthenticationProvider - Authenticated user
23:18:36.376 DEBUG o.s.s.a.d.DaoAuthenticationProvider - Authenticated user
23:18:36.401 DEBUG o.s.s.a.d.DaoAuthenticationProvider - Authenticated user
23:18:36.403 DEBUG o.s.s.a.d.DaoAuthenticationProvider - Authenticated user
23:18:36.403 DEBUG o.s.s.a.d.DaoAuthenticationProvider - Authenticated user
23:18:36.425 DEBUG o.s.s.a.d.DaoAuthenticationProvider - Authenticated user
23:18:36.425 DEBUG o.s.s.a.d.DaoAuthenticationProvider - Authenticated user
23:18:36.438 DEBUG o.s.s.a.d.DaoAuthenticationProvider - Authenticated user
23:18:36.505 DEBUG o.s.s.a.d.DaoAuthenticationProvider - Authenticated user
23:18:36.594 DEBUG o.s.s.a.d.DaoAuthenticationProvider - Authenticated user
23:18:36.683 DEBUG o.s.s.a.d.DaoAuthenticationProvider - Authenticated user
23:18:37.039 DEBUG o.s.s.a.d.DaoAuthenticationProvider - Authenticated user
23:18:37.081 DEBUG o.s.s.a.d.DaoAuthenticationProvider - Authenticated user
23:18:37.222 DEBUG o.s.s.a.d.DaoAuthenticationProvider - Authenticated user
23:18:37.267 DEBUG o.s.s.a.d.DaoAuthenticationProvider - Authenticated user
23:18:37.297 DEBUG o.s.s.a.d.DaoAuthenticationProvider - Authenticated user
23:18:37.297 DEBUG o.s.s.a.d.DaoAuthenticationProvider - Authenticated user
23:18:37.316 DEBUG o.s.s.a.d.DaoAuthenticationProvider - Authenticated user
23:18:37.341 DEBUG o.s.s.a.d.DaoAuthenticationProvider - Authenticated user
23:18:37.349 DEBUG o.s.s.a.d.DaoAuthenticationProvider - Authenticated user
23:18:37.371 DEBUG o.s.s.a.d.DaoAuthenticationProvider - Authenticated user
23:18:37.662 DEBUG o.s.s.a.d.DaoAuthenticationProvider - Authenticated user
23:18:37.744 DEBUG o.s.s.a.d.DaoAuthenticationProvider - Authenticated user
23:18:37.757 DEBUG o.s.s.a.d.DaoAuthenticationProvider - Authenticated user
23:18:37.761 DEBUG o.s.s.a.d.DaoAuthenticationProvider - Authenticated user
23:18:37.787 DEBUG o.s.s.a.d.DaoAuthenticationProvider - Authenticated user
23:18:37.808 DEBUG o.s.s.a.d.DaoAuthenticationProvider - Authenticated user
23:18:37.826 DEBUG o.s.s.a.d.DaoAuthenticationProvider - Authenticated user
23:18:37.929 DEBUG o.s.s.a.d.DaoAuthenticationProvider - Authenticated user
23:18:37.959 DEBUG o.s.s.a.d.DaoAuthenticationProvider - Authenticated user
23:18:38.006 DEBUG o.s.s.a.d.DaoAuthenticationProvider - Authenticated user
23:18:38.268 DEBUG o.s.s.a.d.DaoAuthenticationProvider - Authenticated user
23:18:38.331 DEBUG o.s.s.a.d.DaoAuthenticationProvider - Authenticated user
23:18:38.342 DEBUG o.s.s.a.d.DaoAuthenticationProvider - Authenticated user
23:18:38.485 DEBUG o.s.s.a.d.DaoAuthenticationProvider - Authenticated user
23:18:38.654 DEBUG o.s.s.a.d.DaoAuthenticationProvider - Authenticated user
23:18:38.733 DEBUG o.s.s.a.d.DaoAuthenticationProvider - Authenticated user
23:18:38.733 DEBUG o.s.s.a.d.DaoAuthenticationProvider - Authenticated user
23:18:38.765 DEBUG o.s.s.a.d.DaoAuthenticationProvider - Authenticated user
23:18:38.832 DEBUG o.s.s.a.d.DaoAuthenticationProvider - Authenticated user
23:18:38.953 DEBUG o.s.s.a.d.DaoAuthenticationProvider - Authenticated user
23:18:38.955 DEBUG o.s.s.a.d.DaoAuthenticationProvider - Authenticated user
23:18:38.981 DEBUG o.s.s.a.d.DaoAuthenticationProvider - Authenticated user
23:18:39.126 DEBUG o.s.s.a.d.DaoAuthenticationProvider - Authenticated user
23:18:39.136 DEBUG o.s.s.a.d.DaoAuthenticationProvider - Authenticated user
23:18:39.170 DEBUG o.s.s.a.d.DaoAuthenticationProvider - Authenticated user
23:18:39.254 DEBUG o.s.s.a.d.DaoAuthenticationProvider - Authenticated user
23:18:39.346 DEBUG o.s.s.a.d.DaoAuthenticationProvider - Authenticated user
23:18:39.413 DEBUG o.s.s.a.d.DaoAuthenticationProvider - Authenticated user
23:18:39.432 DEBUG o.s.s.a.d.DaoAuthenticationProvider - Authenticated user
23:18:39.435 DEBUG o.s.s.a.d.DaoAuthenticationProvider - Authenticated user
23:18:39.455 DEBUG o.s.s.a.d.DaoAuthenticationProvider - Authenticated user
23:18:39.488 DEBUG o.s.s.a.d.DaoAuthenticationProvider - Authenticated user
23:18:39.688 DEBUG o.s.s.a.d.DaoAuthenticationProvider - Authenticated user
23:18:39.768 DEBUG o.s.s.a.d.DaoAuthenticationProvider - Authenticated user
23:18:39.819 DEBUG o.s.s.a.d.DaoAuthenticationProvider - Authenticated user
23:18:39.932 DEBUG o.s.s.a.d.DaoAuthenticationProvider - Authenticated user
23:18:39.971 DEBUG o.s.s.a.d.DaoAuthenticationProvider - Authenticated user
23:18:40.045 DEBUG o.s.s.a.d.DaoAuthenticationProvider - Authenticated user
23:18:40.090 DEBUG o.s.s.a.d.DaoAuthenticationProvider - Authenticated user
23:18:40.097 DEBUG o.s.s.a.d.DaoAuthenticationProvider - Authenticated user
23:18:40.120 DEBUG o.s.s.a.d.DaoAuthenticationProvider - Authenticated user
23:18:40.130 DEBUG o.s.s.a.d.DaoAuthenticationProvider - Authenticated user
23:18:40.276 DEBUG o.s.s.a.d.DaoAuthenticationProvider - Authenticated user
23:18:40.390 DEBUG o.s.s.a.d.DaoAuthenticationProvider - Authenticated user
23:18:40.410 DEBUG o.s.s.a.d.DaoAuthenticationProvider - Authenticated user
23:18:40.506 DEBUG o.s.s.a.d.DaoAuthenticationProvider - Authenticated user
23:18:40.564 DEBUG o.s.s.a.d.DaoAuthenticationProvider - Authenticated user
23:18:40.570 DEBUG o.s.s.a.d.DaoAuthenticationProvider - Authenticated user
23:18:40.695 DEBUG o.s.s.a.d.DaoAuthenticationProvider - Authenticated user
23:18:40.720 DEBUG o.s.s.a.d.DaoAuthenticationProvider - Authenticated user
23:18:40.796 DEBUG o.s.s.a.d.DaoAuthenticationProvider - Authenticated user
23:18:40.813 DEBUG o.s.s.a.d.DaoAuthenticationProvider - Authenticated user
23:18:40.830 DEBUG o.s.s.a.d.DaoAuthenticationProvider - Authenticated user
23:18:41.018 DEBUG o.s.s.a.d.DaoAuthenticationProvider - Authenticated user
23:18:41.046 DEBUG o.s.s.a.d.DaoAuthenticationProvider - Authenticated user
23:18:41.063 DEBUG o.s.s.a.d.DaoAuthenticationProvider - Authenticated user
23:18:41.070 DEBUG o.s.s.a.d.DaoAuthenticationProvider - Authenticated user
23:18:41.103 DEBUG o.s.s.a.d.DaoAuthenticationProvider - Authenticated user
23:18:41.136 DEBUG o.s.s.a.d.DaoAuthenticationProvider - Authenticated user
23:18:41.186 DEBUG o.s.s.a.d.DaoAuthenticationProvider - Authenticated user
23:18:41.395 DEBUG o.s.s.a.d.DaoAuthenticationProvider - Authenticated user
23:18:41.453 DEBUG o.s.s.a.d.DaoAuthenticationProvider - Authenticated user
23:18:41.458 DEBUG o.s.s.a.d.DaoAuthenticationProvider - Authenticated user
23:18:41.461 DEBUG o.s.s.a.d.DaoAuthenticationProvider - Authenticated user
23:18:41.570 DEBUG o.s.s.a.d.DaoAuthenticationProvider - Authenticated user
23:18:41.598 DEBUG o.s.s.a.d.DaoAuthenticationProvider - Authenticated user
23:18:41.721 DEBUG o.s.s.a.d.DaoAuthenticationProvider - Authenticated user
23:18:41.769 DEBUG o.s.s.a.d.DaoAuthenticationProvider - Authenticated user
23:18:41.773 DEBUG o.s.s.a.d.DaoAuthenticationProvider - Authenticated user
23:18:41.812 DEBUG o.s.s.a.d.DaoAuthenticationProvider - Authenticated user
23:18:41.872 DEBUG o.s.s.a.d.DaoAuthenticationProvider - Authenticated user
23:18:41.961 DEBUG o.s.s.a.d.DaoAuthenticationProvider - Authenticated user
23:18:42.043 DEBUG o.s.s.a.d.DaoAuthenticationProvider - Authenticated user
23:18:42.113 DEBUG o.s.s.a.d.DaoAuthenticationProvider - Authenticated user
23:18:42.136 DEBUG o.s.s.a.d.DaoAuthenticationProvider - Authenticated user
23:18:42.152 DEBUG o.s.s.a.d.DaoAuthenticationProvider - Authenticated user
23:18:42.224 DEBUG o.s.s.a.d.DaoAuthenticationProvider - Authenticated user
23:18:42.224 DEBUG o.s.s.a.d.DaoAuthenticationProvider - Authenticated user
23:18:42.470 DEBUG o.s.s.a.d.DaoAuthenticationProvider - Authenticated user
23:18:42.483 DEBUG o.s.s.a.d.DaoAuthenticationProvider - Authenticated user
23:18:42.577 DEBUG o.s.s.a.d.DaoAuthenticationProvider - Authenticated user
23:18:42.597 DEBUG o.s.s.a.d.DaoAuthenticationProvider - Authenticated user
23:18:42.600 DEBUG o.s.s.a.d.DaoAuthenticationProvider - Authenticated user
23:18:42.736 DEBUG o.s.s.a.d.DaoAuthenticationProvider - Authenticated user
23:18:43.029 DEBUG o.s.s.a.d.DaoAuthenticationProvider - Authenticated user
23:18:43.044 DEBUG o.s.s.a.d.DaoAuthenticationProvider - Authenticated user
23:18:43.106 DEBUG o.s.s.a.d.DaoAuthenticationProvider - Authenticated user
23:18:43.107 DEBUG o.s.s.a.d.DaoAuthenticationProvider - Authenticated user
23:18:43.305 DEBUG o.s.s.a.d.DaoAuthenticationProvider - Authenticated user
23:18:43.666 DEBUG o.s.s.a.d.DaoAuthenticationProvider - Authenticated user
23:18:43.888 DEBUG o.s.s.a.d.DaoAuthenticationProvider - Authenticated user
23:18:43.919 DEBUG o.s.s.a.d.DaoAuthenticationProvider - Authenticated user
23:18:44.046 DEBUG o.s.s.a.d.DaoAuthenticationProvider - Authenticated user
23:18:44.135 DEBUG o.s.s.a.d.DaoAuthenticationProvider - Authenticated user
23:18:44.266 DEBUG o.s.s.a.d.DaoAuthenticationProvider - Authenticated user
23:18:44.305 DEBUG o.s.s.a.d.DaoAuthenticationProvider - Authenticated user
23:18:44.317 DEBUG o.s.s.a.d.DaoAuthenticationProvider - Authenticated user
23:18:44.386 DEBUG o.s.s.a.d.DaoAuthenticationProvider - Authenticated user
23:18:44.464 DEBUG o.s.s.a.d.DaoAuthenticationProvider - Authenticated user
23:18:44.572 DEBUG o.s.s.a.d.DaoAuthenticationProvider - Authenticated user
23:18:44.946 DEBUG o.s.s.a.d.DaoAuthenticationProvider - Authenticated user
23:18:44.958 DEBUG o.s.s.a.d.DaoAuthenticationProvider - Authenticated user
23:18:45.018 DEBUG o.s.s.a.d.DaoAuthenticationProvider - Authenticated user
23:18:45.022 DEBUG o.s.s.a.d.DaoAuthenticationProvider - Authenticated user
23:18:45.870 DEBUG o.s.s.a.d.DaoAuthenticationProvider - Authenticated user
23:18:46.084 DEBUG o.s.s.a.d.DaoAuthenticationProvider - Authenticated user
23:18:46.100 DEBUG o.s.s.a.d.DaoAuthenticationProvider - Authenticated user
23:18:46.145 DEBUG o.s.s.a.d.DaoAuthenticationProvider - Authenticated user
23:21:24.275 DEBUG o.s.security.web.FilterChainProxy - Securing POST /api/auth/login
23:21:24.276 DEBUG o.s.s.w.a.AnonymousAuthenticationFilter - Set SecurityContextHolder to anonymous SecurityContext
23:21:24.277 DEBUG o.s.security.web.FilterChainProxy - Secured POST /api/auth/login
23:21:24.373 DEBUG o.s.security.web.FilterChainProxy - Securing POST /api/auth/login
23:21:24.373 DEBUG o.s.s.w.a.AnonymousAuthenticationFilter - Set SecurityContextHolder to anonymous SecurityContext
23:21:24.373 DEBUG o.s.security.web.FilterChainProxy - Secured POST /api/auth/login
23:21:24.485 DEBUG o.s.security.web.FilterChainProxy - Securing POST /api/auth/login
23:21:24.485 DEBUG o.s.s.w.a.AnonymousAuthenticationFilter - Set SecurityContextHolder to anonymous SecurityContext
23:21:24.485 DEBUG o.s.security.web.FilterChainProxy - Secured POST /api/auth/login
23:21:24.595 DEBUG o.s.security.web.FilterChainProxy - Securing POST /api/auth/login
23:21:24.595 DEBUG o.s.s.w.a.AnonymousAuthenticationFilter - Set SecurityContextHolder to anonymous SecurityContext
23:21:24.595 DEBUG o.s.security.web.FilterChainProxy - Secured POST /api/auth/login
23:21:24.820 DEBUG o.s.security.web.FilterChainProxy - Securing POST /api/auth/login
23:21:24.820 DEBUG o.s.s.a.d.DaoAuthenticationProvider - Authenticated user
23:21:24.821 DEBUG o.s.s.w.a.AnonymousAuthenticationFilter - Set SecurityContextHolder to anonymous SecurityContext
23:21:24.821 DEBUG o.s.security.web.FilterChainProxy - Secured POST /api/auth/login
23:21:24.892 DEBUG o.s.s.a.d.DaoAuthenticationProvider - Authenticated user
23:21:24.938 DEBUG o.s.security.web.FilterChainProxy - Securing POST /api/auth/login
23:21:24.939 DEBUG o.s.s.w.a.AnonymousAuthenticationFilter - Set SecurityContextHolder to anonymous SecurityContext
23:21:24.939 DEBUG o.s.security.web.FilterChainProxy - Secured POST /api/auth/login
23:21:24.951 DEBUG o.s.security.web.FilterChainProxy - Securing POST /api/auth/login
23:21:24.951 DEBUG o.s.s.w.a.AnonymousAuthenticationFilter - Set SecurityContextHolder to anonymous SecurityContext
23:21:24.951 DEBUG o.s.security.web.FilterChainProxy - Secured POST /api/auth/login
23:21:25.037 DEBUG o.s.s.a.d.DaoAuthenticationProvider - Authenticated user
23:21:25.171 DEBUG o.s.security.web.FilterChainProxy - Securing POST /api/auth/login
23:21:25.171 DEBUG o.s.s.w.a.AnonymousAuthenticationFilter - Set SecurityContextHolder to anonymous SecurityContext
23:21:25.171 DEBUG o.s.security.web.FilterChainProxy - Secured POST /api/auth/login
23:21:25.243 DEBUG o.s.s.a.d.DaoAuthenticationProvider - Authenticated user
23:21:25.283 DEBUG o.s.security.web.FilterChainProxy - Securing POST /api/auth/login
23:21:25.283 DEBUG o.s.s.w.a.AnonymousAuthenticationFilter - Set SecurityContextHolder to anonymous SecurityContext
23:21:25.283 DEBUG o.s.security.web.FilterChainProxy - Secured POST /api/auth/login
23:21:25.355 DEBUG o.s.security.web.FilterChainProxy - Securing POST /api/auth/login
23:21:25.355 DEBUG o.s.s.w.a.AnonymousAuthenticationFilter - Set SecurityContextHolder to anonymous SecurityContext
23:21:25.355 DEBUG o.s.security.web.FilterChainProxy - Secured POST /api/auth/login
23:21:25.393 DEBUG o.s.s.a.d.DaoAuthenticationProvider - Authenticated user
23:21:25.465 DEBUG o.s.security.web.FilterChainProxy - Securing POST /api/auth/login
23:21:25.465 DEBUG o.s.s.w.a.AnonymousAuthenticationFilter - Set SecurityContextHolder to anonymous SecurityContext
23:21:25.465 DEBUG o.s.security.web.FilterChainProxy - Secured POST /api/auth/login
23:21:25.548 DEBUG o.s.s.a.d.DaoAuthenticationProvider - Authenticated user
23:21:25.578 DEBUG o.s.security.web.FilterChainProxy - Securing POST /api/auth/login
23:21:25.578 DEBUG o.s.s.w.a.AnonymousAuthenticationFilter - Set SecurityContextHolder to anonymous SecurityContext
23:21:25.579 DEBUG o.s.security.web.FilterChainProxy - Secured POST /api/auth/login
23:21:25.585 DEBUG o.s.s.a.d.DaoAuthenticationProvider - Authenticated user
23:21:25.668 DEBUG o.s.security.web.FilterChainProxy - Securing POST /api/auth/login
23:21:25.668 DEBUG o.s.s.w.a.AnonymousAuthenticationFilter - Set SecurityContextHolder to anonymous SecurityContext
23:21:25.669 DEBUG o.s.security.web.FilterChainProxy - Secured POST /api/auth/login
23:21:25.740 DEBUG o.s.s.a.d.DaoAuthenticationProvider - Authenticated user
23:21:25.752 DEBUG o.s.s.a.d.DaoAuthenticationProvider - Authenticated user
23:21:25.783 DEBUG o.s.security.web.FilterChainProxy - Securing POST /api/auth/login
23:21:25.784 DEBUG o.s.s.w.a.AnonymousAuthenticationFilter - Set SecurityContextHolder to anonymous SecurityContext
23:21:25.784 DEBUG o.s.security.web.FilterChainProxy - Secured POST /api/auth/login
23:21:25.787 DEBUG o.s.s.a.d.DaoAuthenticationProvider - Authenticated user
23:21:25.860 DEBUG o.s.s.a.d.DaoAuthenticationProvider - Authenticated user
23:21:25.869 DEBUG o.s.security.web.FilterChainProxy - Securing POST /api/auth/login
23:21:25.869 DEBUG o.s.s.w.a.AnonymousAuthenticationFilter - Set SecurityContextHolder to anonymous SecurityContext
23:21:25.869 DEBUG o.s.security.web.FilterChainProxy - Secured POST /api/auth/login
23:21:25.920 DEBUG o.s.s.a.d.DaoAuthenticationProvider - Authenticated user
23:21:25.965 DEBUG o.s.s.a.d.DaoAuthenticationProvider - Authenticated user
23:21:25.981 DEBUG o.s.security.web.FilterChainProxy - Securing POST /api/auth/login
23:21:25.981 DEBUG o.s.s.w.a.AnonymousAuthenticationFilter - Set SecurityContextHolder to anonymous SecurityContext
23:21:25.981 DEBUG o.s.security.web.FilterChainProxy - Secured POST /api/auth/login
23:21:26.013 DEBUG o.s.s.a.d.DaoAuthenticationProvider - Authenticated user
23:21:26.077 DEBUG o.s.s.a.d.DaoAuthenticationProvider - Authenticated user
23:21:26.095 DEBUG o.s.security.web.FilterChainProxy - Securing POST /api/auth/login
23:21:26.095 DEBUG o.s.s.w.a.AnonymousAuthenticationFilter - Set SecurityContextHolder to anonymous SecurityContext
23:21:26.095 DEBUG o.s.security.web.FilterChainProxy - Secured POST /api/auth/login
23:21:26.160 DEBUG o.s.s.a.d.DaoAuthenticationProvider - Authenticated user
23:21:26.205 DEBUG o.s.security.web.FilterChainProxy - Securing POST /api/auth/login
23:21:26.205 DEBUG o.s.s.w.a.AnonymousAuthenticationFilter - Set SecurityContextHolder to anonymous SecurityContext
23:21:26.205 DEBUG o.s.security.web.FilterChainProxy - Secured POST /api/auth/login
23:21:26.255 DEBUG o.s.s.a.d.DaoAuthenticationProvider - Authenticated user
23:21:26.318 DEBUG o.s.security.web.FilterChainProxy - Securing POST /api/auth/login
23:21:26.318 DEBUG o.s.s.w.a.AnonymousAuthenticationFilter - Set SecurityContextHolder to anonymous SecurityContext
23:21:26.318 DEBUG o.s.security.web.FilterChainProxy - Secured POST /api/auth/login
23:21:26.382 DEBUG o.s.s.a.d.DaoAuthenticationProvider - Authenticated user
23:21:26.438 DEBUG o.s.security.web.FilterChainProxy - Securing POST /api/auth/login
23:21:26.438 DEBUG o.s.s.w.a.AnonymousAuthenticationFilter - Set SecurityContextHolder to anonymous SecurityContext
23:21:26.438 DEBUG o.s.security.web.FilterChainProxy - Secured POST /api/auth/login
23:21:26.540 DEBUG o.s.s.a.d.DaoAuthenticationProvider - Authenticated user
23:21:26.578 DEBUG o.s.security.web.FilterChainProxy - Securing POST /api/auth/login
23:21:26.579 DEBUG o.s.s.w.a.AnonymousAuthenticationFilter - Set SecurityContextHolder to anonymous SecurityContext
23:21:26.579 DEBUG o.s.security.web.FilterChainProxy - Secured POST /api/auth/login
23:21:26.655 DEBUG o.s.s.a.d.DaoAuthenticationProvider - Authenticated user
23:21:26.686 DEBUG o.s.security.web.FilterChainProxy - Securing POST /api/auth/login
23:21:26.686 DEBUG o.s.s.w.a.AnonymousAuthenticationFilter - Set SecurityContextHolder to anonymous SecurityContext
23:21:26.686 DEBUG o.s.security.web.FilterChainProxy - Secured POST /api/auth/login
23:21:26.774 DEBUG o.s.s.a.d.DaoAuthenticationProvider - Authenticated user
23:21:26.855 DEBUG o.s.security.web.FilterChainProxy - Securing POST /api/auth/login
23:21:26.855 DEBUG o.s.s.w.a.AnonymousAuthenticationFilter - Set SecurityContextHolder to anonymous SecurityContext
23:21:26.855 DEBUG o.s.security.web.FilterChainProxy - Secured POST /api/auth/login
23:21:26.942 DEBUG o.s.security.web.FilterChainProxy - Securing POST /api/auth/login
23:21:26.942 DEBUG o.s.s.w.a.AnonymousAuthenticationFilter - Set SecurityContextHolder to anonymous SecurityContext
23:21:26.942 DEBUG o.s.security.web.FilterChainProxy - Secured POST /api/auth/login
23:21:26.953 DEBUG o.s.s.a.d.DaoAuthenticationProvider - Authenticated user
23:21:27.056 DEBUG o.s.security.web.FilterChainProxy - Securing POST /api/auth/login
23:21:27.056 DEBUG o.s.s.w.a.AnonymousAuthenticationFilter - Set SecurityContextHolder to anonymous SecurityContext
23:21:27.056 DEBUG o.s.security.web.FilterChainProxy - Secured POST /api/auth/login
23:21:27.083 DEBUG o.s.s.a.d.DaoAuthenticationProvider - Authenticated user
23:21:27.157 DEBUG o.s.s.a.d.DaoAuthenticationProvider - Authenticated user
23:21:27.162 DEBUG o.s.security.web.FilterChainProxy - Securing POST /api/auth/login
23:21:27.162 DEBUG o.s.s.w.a.AnonymousAuthenticationFilter - Set SecurityContextHolder to anonymous SecurityContext
23:21:27.162 DEBUG o.s.security.web.FilterChainProxy - Secured POST /api/auth/login
23:21:27.228 DEBUG o.s.s.a.d.DaoAuthenticationProvider - Authenticated user
23:21:27.293 DEBUG o.s.security.web.FilterChainProxy - Securing POST /api/auth/login
23:21:27.293 DEBUG o.s.s.w.a.AnonymousAuthenticationFilter - Set SecurityContextHolder to anonymous SecurityContext
23:21:27.293 DEBUG o.s.security.web.FilterChainProxy - Secured POST /api/auth/login
23:21:27.310 DEBUG o.s.s.a.d.DaoAuthenticationProvider - Authenticated user
23:21:27.412 DEBUG o.s.security.web.FilterChainProxy - Securing POST /api/auth/login
23:21:27.413 DEBUG o.s.s.w.a.AnonymousAuthenticationFilter - Set SecurityContextHolder to anonymous SecurityContext
23:21:27.413 DEBUG o.s.security.web.FilterChainProxy - Secured POST /api/auth/login
23:21:27.497 DEBUG o.s.s.a.d.DaoAuthenticationProvider - Authenticated user
23:21:27.520 DEBUG o.s.security.web.FilterChainProxy - Securing POST /api/auth/login
23:21:27.520 DEBUG o.s.s.w.a.AnonymousAuthenticationFilter - Set SecurityContextHolder to anonymous SecurityContext
23:21:27.520 DEBUG o.s.security.web.FilterChainProxy - Secured POST /api/auth/login
23:21:27.614 DEBUG o.s.s.a.d.DaoAuthenticationProvider - Authenticated user
23:21:27.659 DEBUG o.s.security.web.FilterChainProxy - Securing POST /api/auth/login
23:21:27.659 DEBUG o.s.s.w.a.AnonymousAuthenticationFilter - Set SecurityContextHolder to anonymous SecurityContext
23:21:27.659 DEBUG o.s.security.web.FilterChainProxy - Secured POST /api/auth/login
23:21:27.722 DEBUG o.s.s.a.d.DaoAuthenticationProvider - Authenticated user
23:21:27.768 DEBUG o.s.security.web.FilterChainProxy - Securing POST /api/auth/login
23:21:27.768 DEBUG o.s.s.w.a.AnonymousAuthenticationFilter - Set SecurityContextHolder to anonymous SecurityContext
23:21:27.768 DEBUG o.s.security.web.FilterChainProxy - Secured POST /api/auth/login
23:21:27.881 DEBUG o.s.s.a.d.DaoAuthenticationProvider - Authenticated user
23:21:27.909 DEBUG o.s.security.web.FilterChainProxy - Securing POST /api/auth/login
23:21:27.909 DEBUG o.s.s.w.a.AnonymousAuthenticationFilter - Set SecurityContextHolder to anonymous SecurityContext
23:21:27.909 DEBUG o.s.security.web.FilterChainProxy - Secured POST /api/auth/login
23:21:27.982 DEBUG o.s.s.a.d.DaoAuthenticationProvider - Authenticated user
23:21:28.023 DEBUG o.s.security.web.FilterChainProxy - Securing POST /api/auth/login
23:21:28.023 DEBUG o.s.s.w.a.AnonymousAuthenticationFilter - Set SecurityContextHolder to anonymous SecurityContext
23:21:28.023 DEBUG o.s.security.web.FilterChainProxy - Secured POST /api/auth/login
23:21:28.120 DEBUG o.s.s.a.d.DaoAuthenticationProvider - Authenticated user
23:21:28.124 DEBUG o.s.security.web.FilterChainProxy - Securing POST /api/auth/login
23:21:28.125 DEBUG o.s.s.w.a.AnonymousAuthenticationFilter - Set SecurityContextHolder to anonymous SecurityContext
23:21:28.125 DEBUG o.s.security.web.FilterChainProxy - Secured POST /api/auth/login
23:21:28.225 DEBUG o.s.s.a.d.DaoAuthenticationProvider - Authenticated user
23:21:28.246 DEBUG o.s.security.web.FilterChainProxy - Securing POST /api/auth/login
23:21:28.246 DEBUG o.s.s.w.a.AnonymousAuthenticationFilter - Set SecurityContextHolder to anonymous SecurityContext
23:21:28.246 DEBUG o.s.security.web.FilterChainProxy - Secured POST /api/auth/login
23:21:28.294 DEBUG o.s.s.a.d.DaoAuthenticationProvider - Authenticated user
23:21:28.359 DEBUG o.s.security.web.FilterChainProxy - Securing POST /api/auth/login
23:21:28.359 DEBUG o.s.s.w.a.AnonymousAuthenticationFilter - Set SecurityContextHolder to anonymous SecurityContext
23:21:28.359 DEBUG o.s.security.web.FilterChainProxy - Secured POST /api/auth/login
23:21:28.405 DEBUG o.s.s.a.d.DaoAuthenticationProvider - Authenticated user
23:21:28.494 DEBUG o.s.security.web.FilterChainProxy - Securing POST /api/auth/login
23:21:28.495 DEBUG o.s.s.w.a.AnonymousAuthenticationFilter - Set SecurityContextHolder to anonymous SecurityContext
23:21:28.495 DEBUG o.s.security.web.FilterChainProxy - Secured POST /api/auth/login
23:21:28.564 DEBUG o.s.s.a.d.DaoAuthenticationProvider - Authenticated user
23:21:28.681 DEBUG o.s.security.web.FilterChainProxy - Securing POST /api/auth/login
23:21:28.682 DEBUG o.s.s.w.a.AnonymousAuthenticationFilter - Set SecurityContextHolder to anonymous SecurityContext
23:21:28.682 DEBUG o.s.security.web.FilterChainProxy - Secured POST /api/auth/login
23:21:28.805 DEBUG o.s.security.web.FilterChainProxy - Securing POST /api/auth/login
23:21:28.805 DEBUG o.s.s.w.a.AnonymousAuthenticationFilter - Set SecurityContextHolder to anonymous SecurityContext
23:21:28.806 DEBUG o.s.security.web.FilterChainProxy - Secured POST /api/auth/login
23:21:28.849 DEBUG o.s.s.a.d.DaoAuthenticationProvider - Authenticated user
23:21:28.889 DEBUG o.s.security.web.FilterChainProxy - Securing POST /api/auth/login
23:21:28.890 DEBUG o.s.s.w.a.AnonymousAuthenticationFilter - Set SecurityContextHolder to anonymous SecurityContext
23:21:28.890 DEBUG o.s.security.web.FilterChainProxy - Secured POST /api/auth/login
23:21:29.007 DEBUG o.s.security.web.FilterChainProxy - Securing POST /api/auth/login
23:21:29.007 DEBUG o.s.s.w.a.AnonymousAuthenticationFilter - Set SecurityContextHolder to anonymous SecurityContext
23:21:29.007 DEBUG o.s.security.web.FilterChainProxy - Secured POST /api/auth/login
23:21:29.025 DEBUG o.s.s.a.d.DaoAuthenticationProvider - Authenticated user
23:21:29.095 DEBUG o.s.security.web.FilterChainProxy - Securing POST /api/auth/login
23:21:29.095 DEBUG o.s.s.w.a.AnonymousAuthenticationFilter - Set SecurityContextHolder to anonymous SecurityContext
23:21:29.095 DEBUG o.s.security.web.FilterChainProxy - Secured POST /api/auth/login
23:21:29.108 DEBUG o.s.s.a.d.DaoAuthenticationProvider - Authenticated user
23:21:29.170 DEBUG o.s.s.a.d.DaoAuthenticationProvider - Authenticated user
23:21:29.264 DEBUG o.s.security.web.FilterChainProxy - Securing POST /api/auth/login
23:21:29.265 DEBUG o.s.s.w.a.AnonymousAuthenticationFilter - Set SecurityContextHolder to anonymous SecurityContext
23:21:29.265 DEBUG o.s.security.web.FilterChainProxy - Secured POST /api/auth/login
23:21:29.284 DEBUG o.s.s.a.d.DaoAuthenticationProvider - Authenticated user
23:21:29.341 DEBUG o.s.s.a.d.DaoAuthenticationProvider - Authenticated user
23:21:29.347 DEBUG o.s.security.web.FilterChainProxy - Securing POST /api/auth/login
23:21:29.347 DEBUG o.s.s.w.a.AnonymousAuthenticationFilter - Set SecurityContextHolder to anonymous SecurityContext
23:21:29.347 DEBUG o.s.security.web.FilterChainProxy - Secured POST /api/auth/login
23:21:29.456 DEBUG o.s.security.web.FilterChainProxy - Securing POST /api/auth/login
23:21:29.456 DEBUG o.s.s.w.a.AnonymousAuthenticationFilter - Set SecurityContextHolder to anonymous SecurityContext
23:21:29.456 DEBUG o.s.security.web.FilterChainProxy - Secured POST /api/auth/login
23:21:29.494 DEBUG o.s.s.a.d.DaoAuthenticationProvider - Authenticated user
23:21:29.582 DEBUG o.s.s.a.d.DaoAuthenticationProvider - Authenticated user
23:21:29.587 DEBUG o.s.security.web.FilterChainProxy - Securing POST /api/auth/login
23:21:29.587 DEBUG o.s.s.w.a.AnonymousAuthenticationFilter - Set SecurityContextHolder to anonymous SecurityContext
23:21:29.587 DEBUG o.s.security.web.FilterChainProxy - Secured POST /api/auth/login
23:21:29.657 DEBUG o.s.s.a.d.DaoAuthenticationProvider - Authenticated user
23:21:29.679 DEBUG o.s.security.web.FilterChainProxy - Securing POST /api/auth/login
23:21:29.679 DEBUG o.s.s.w.a.AnonymousAuthenticationFilter - Set SecurityContextHolder to anonymous SecurityContext
23:21:29.679 DEBUG o.s.security.web.FilterChainProxy - Secured POST /api/auth/login
23:21:29.779 DEBUG o.s.s.a.d.DaoAuthenticationProvider - Authenticated user
23:21:29.868 DEBUG o.s.security.web.FilterChainProxy - Securing POST /api/auth/login
23:21:29.868 DEBUG o.s.s.w.a.AnonymousAuthenticationFilter - Set SecurityContextHolder to anonymous SecurityContext
23:21:29.868 DEBUG o.s.security.web.FilterChainProxy - Secured POST /api/auth/login
23:21:29.915 DEBUG o.s.s.a.d.DaoAuthenticationProvider - Authenticated user
23:21:29.940 DEBUG o.s.security.web.FilterChainProxy - Securing POST /api/auth/login
23:21:29.940 DEBUG o.s.s.w.a.AnonymousAuthenticationFilter - Set SecurityContextHolder to anonymous SecurityContext
23:21:29.940 DEBUG o.s.security.web.FilterChainProxy - Secured POST /api/auth/login
23:21:30.054 DEBUG o.s.security.web.FilterChainProxy - Securing POST /api/auth/login
23:21:30.054 DEBUG o.s.s.w.a.AnonymousAuthenticationFilter - Set SecurityContextHolder to anonymous SecurityContext
23:21:30.054 DEBUG o.s.security.web.FilterChainProxy - Secured POST /api/auth/login
23:21:30.079 DEBUG o.s.s.a.d.DaoAuthenticationProvider - Authenticated user
23:21:30.169 DEBUG o.s.s.a.d.DaoAuthenticationProvider - Authenticated user
23:21:30.181 DEBUG o.s.security.web.FilterChainProxy - Securing POST /api/auth/login
23:21:30.181 DEBUG o.s.s.w.a.AnonymousAuthenticationFilter - Set SecurityContextHolder to anonymous SecurityContext
23:21:30.181 DEBUG o.s.security.web.FilterChainProxy - Secured POST /api/auth/login
23:21:30.266 DEBUG o.s.s.a.d.DaoAuthenticationProvider - Authenticated user
23:21:30.291 DEBUG o.s.security.web.FilterChainProxy - Securing POST /api/auth/login
23:21:30.292 DEBUG o.s.s.w.a.AnonymousAuthenticationFilter - Set SecurityContextHolder to anonymous SecurityContext
23:21:30.292 DEBUG o.s.security.web.FilterChainProxy - Secured POST /api/auth/login
23:21:30.391 DEBUG o.s.s.a.d.DaoAuthenticationProvider - Authenticated user
23:21:30.412 DEBUG o.s.security.web.FilterChainProxy - Securing POST /api/auth/login
23:21:30.412 DEBUG o.s.s.w.a.AnonymousAuthenticationFilter - Set SecurityContextHolder to anonymous SecurityContext
23:21:30.412 DEBUG o.s.security.web.FilterChainProxy - Secured POST /api/auth/login
23:21:30.508 DEBUG o.s.s.a.d.DaoAuthenticationProvider - Authenticated user
23:21:30.518 DEBUG o.s.security.web.FilterChainProxy - Securing POST /api/auth/login
23:21:30.518 DEBUG o.s.s.w.a.AnonymousAuthenticationFilter - Set SecurityContextHolder to anonymous SecurityContext
23:21:30.518 DEBUG o.s.security.web.FilterChainProxy - Secured POST /api/auth/login
23:21:30.630 DEBUG o.s.s.a.d.DaoAuthenticationProvider - Authenticated user
23:21:30.650 DEBUG o.s.security.web.FilterChainProxy - Securing POST /api/auth/login
23:21:30.650 DEBUG o.s.s.w.a.AnonymousAuthenticationFilter - Set SecurityContextHolder to anonymous SecurityContext
23:21:30.650 DEBUG o.s.security.web.FilterChainProxy - Secured POST /api/auth/login
23:21:30.704 DEBUG o.s.s.a.d.DaoAuthenticationProvider - Authenticated user
23:21:30.799 DEBUG o.s.security.web.FilterChainProxy - Securing POST /api/auth/login
23:21:30.799 DEBUG o.s.s.w.a.AnonymousAuthenticationFilter - Set SecurityContextHolder to anonymous SecurityContext
23:21:30.799 DEBUG o.s.security.web.FilterChainProxy - Secured POST /api/auth/login
23:21:30.860 DEBUG o.s.s.a.d.DaoAuthenticationProvider - Authenticated user
23:21:30.909 DEBUG o.s.security.web.FilterChainProxy - Securing POST /api/auth/login
23:21:30.909 DEBUG o.s.s.w.a.AnonymousAuthenticationFilter - Set SecurityContextHolder to anonymous SecurityContext
23:21:30.909 DEBUG o.s.security.web.FilterChainProxy - Secured POST /api/auth/login
23:21:31.008 DEBUG o.s.s.a.d.DaoAuthenticationProvider - Authenticated user
23:21:31.027 DEBUG o.s.security.web.FilterChainProxy - Securing POST /api/auth/login
23:21:31.027 DEBUG o.s.s.w.a.AnonymousAuthenticationFilter - Set SecurityContextHolder to anonymous SecurityContext
23:21:31.027 DEBUG o.s.security.web.FilterChainProxy - Secured POST /api/auth/login
23:21:31.105 DEBUG o.s.s.a.d.DaoAuthenticationProvider - Authenticated user
23:21:31.128 DEBUG o.s.security.web.FilterChainProxy - Securing POST /api/auth/login
23:21:31.128 DEBUG o.s.s.w.a.AnonymousAuthenticationFilter - Set SecurityContextHolder to anonymous SecurityContext
23:21:31.128 DEBUG o.s.security.web.FilterChainProxy - Secured POST /api/auth/login
23:21:31.221 DEBUG o.s.s.a.d.DaoAuthenticationProvider - Authenticated user
23:21:31.254 DEBUG o.s.security.web.FilterChainProxy - Securing POST /api/auth/login
23:21:31.254 DEBUG o.s.s.w.a.AnonymousAuthenticationFilter - Set SecurityContextHolder to anonymous SecurityContext
23:21:31.254 DEBUG o.s.security.web.FilterChainProxy - Secured POST /api/auth/login
23:21:31.316 DEBUG o.s.s.a.d.DaoAuthenticationProvider - Authenticated user
23:21:31.360 DEBUG o.s.security.web.FilterChainProxy - Securing POST /api/auth/login
23:21:31.360 DEBUG o.s.s.w.a.AnonymousAuthenticationFilter - Set SecurityContextHolder to anonymous SecurityContext
23:21:31.360 DEBUG o.s.security.web.FilterChainProxy - Secured POST /api/auth/login
23:21:31.436 DEBUG o.s.s.a.d.DaoAuthenticationProvider - Authenticated user
23:21:31.495 DEBUG o.s.security.web.FilterChainProxy - Securing POST /api/auth/login
23:21:31.495 DEBUG o.s.s.w.a.AnonymousAuthenticationFilter - Set SecurityContextHolder to anonymous SecurityContext
23:21:31.495 DEBUG o.s.security.web.FilterChainProxy - Secured POST /api/auth/login
23:21:31.577 DEBUG o.s.s.a.d.DaoAuthenticationProvider - Authenticated user
23:21:31.624 DEBUG o.s.security.web.FilterChainProxy - Securing POST /api/auth/login
23:21:31.624 DEBUG o.s.s.w.a.AnonymousAuthenticationFilter - Set SecurityContextHolder to anonymous SecurityContext
23:21:31.624 DEBUG o.s.security.web.FilterChainProxy - Secured POST /api/auth/login
23:21:31.734 DEBUG o.s.security.web.FilterChainProxy - Securing POST /api/auth/login
23:21:31.734 DEBUG o.s.s.w.a.AnonymousAuthenticationFilter - Set SecurityContextHolder to anonymous SecurityContext
23:21:31.734 DEBUG o.s.security.web.FilterChainProxy - Secured POST /api/auth/login
23:21:31.734 DEBUG o.s.s.a.d.DaoAuthenticationProvider - Authenticated user
23:21:31.847 DEBUG o.s.security.web.FilterChainProxy - Securing POST /api/auth/login
23:21:31.847 DEBUG o.s.s.w.a.AnonymousAuthenticationFilter - Set SecurityContextHolder to anonymous SecurityContext
23:21:31.848 DEBUG o.s.security.web.FilterChainProxy - Secured POST /api/auth/login
23:21:31.857 DEBUG o.s.s.a.d.DaoAuthenticationProvider - Authenticated user
23:21:31.952 DEBUG o.s.s.a.d.DaoAuthenticationProvider - Authenticated user
23:21:31.975 DEBUG o.s.security.web.FilterChainProxy - Securing POST /api/auth/login
23:21:31.975 DEBUG o.s.s.w.a.AnonymousAuthenticationFilter - Set SecurityContextHolder to anonymous SecurityContext
23:21:31.975 DEBUG o.s.security.web.FilterChainProxy - Secured POST /api/auth/login
23:21:32.061 DEBUG o.s.s.a.d.DaoAuthenticationProvider - Authenticated user
23:21:32.088 DEBUG o.s.security.web.FilterChainProxy - Securing POST /api/auth/login
23:21:32.089 DEBUG o.s.s.w.a.AnonymousAuthenticationFilter - Set SecurityContextHolder to anonymous SecurityContext
23:21:32.089 DEBUG o.s.security.web.FilterChainProxy - Secured POST /api/auth/login
23:21:32.204 DEBUG o.s.s.a.d.DaoAuthenticationProvider - Authenticated user
23:21:32.308 DEBUG o.s.security.web.FilterChainProxy - Securing POST /api/auth/login
23:21:32.310 DEBUG o.s.s.w.a.AnonymousAuthenticationFilter - Set SecurityContextHolder to anonymous SecurityContext
23:21:32.310 DEBUG o.s.security.web.FilterChainProxy - Secured POST /api/auth/login
23:21:32.379 DEBUG o.s.security.web.FilterChainProxy - Securing POST /api/auth/login
23:21:32.380 DEBUG o.s.s.w.a.AnonymousAuthenticationFilter - Set SecurityContextHolder to anonymous SecurityContext
23:21:32.380 DEBUG o.s.security.web.FilterChainProxy - Secured POST /api/auth/login
23:21:32.430 DEBUG o.s.s.a.d.DaoAuthenticationProvider - Authenticated user
23:21:32.454 DEBUG o.s.security.web.FilterChainProxy - Securing POST /api/auth/login
23:21:32.455 DEBUG o.s.s.w.a.AnonymousAuthenticationFilter - Set SecurityContextHolder to anonymous SecurityContext
23:21:32.455 DEBUG o.s.security.web.FilterChainProxy - Secured POST /api/auth/login
23:21:32.554 DEBUG o.s.s.a.d.DaoAuthenticationProvider - Authenticated user
23:21:32.562 DEBUG o.s.security.web.FilterChainProxy - Securing POST /api/auth/login
23:21:32.563 DEBUG o.s.s.w.a.AnonymousAuthenticationFilter - Set SecurityContextHolder to anonymous SecurityContext
23:21:32.563 DEBUG o.s.security.web.FilterChainProxy - Secured POST /api/auth/login
23:21:32.608 DEBUG o.s.s.a.d.DaoAuthenticationProvider - Authenticated user
23:21:32.673 DEBUG o.s.s.a.d.DaoAuthenticationProvider - Authenticated user
23:21:32.704 DEBUG o.s.security.web.FilterChainProxy - Securing POST /api/auth/login
23:21:32.704 DEBUG o.s.s.w.a.AnonymousAuthenticationFilter - Set SecurityContextHolder to anonymous SecurityContext
23:21:32.704 DEBUG o.s.security.web.FilterChainProxy - Secured POST /api/auth/login
23:21:32.781 DEBUG o.s.s.a.d.DaoAuthenticationProvider - Authenticated user
23:21:32.829 DEBUG o.s.security.web.FilterChainProxy - Securing POST /api/auth/login
23:21:32.829 DEBUG o.s.s.w.a.AnonymousAuthenticationFilter - Set SecurityContextHolder to anonymous SecurityContext
23:21:32.829 DEBUG o.s.security.web.FilterChainProxy - Secured POST /api/auth/login
23:21:32.930 DEBUG o.s.s.a.d.DaoAuthenticationProvider - Authenticated user
23:21:32.944 DEBUG o.s.security.web.FilterChainProxy - Securing POST /api/auth/login
23:21:32.944 DEBUG o.s.s.w.a.AnonymousAuthenticationFilter - Set SecurityContextHolder to anonymous SecurityContext
23:21:32.944 DEBUG o.s.security.web.FilterChainProxy - Secured POST /api/auth/login
23:21:33.052 DEBUG o.s.s.a.d.DaoAuthenticationProvider - Authenticated user
23:21:33.064 DEBUG o.s.security.web.FilterChainProxy - Securing POST /api/auth/login
23:21:33.064 DEBUG o.s.s.w.a.AnonymousAuthenticationFilter - Set SecurityContextHolder to anonymous SecurityContext
23:21:33.064 DEBUG o.s.security.web.FilterChainProxy - Secured POST /api/auth/login
23:21:33.169 DEBUG o.s.s.a.d.DaoAuthenticationProvider - Authenticated user
23:21:33.183 DEBUG o.s.security.web.FilterChainProxy - Securing POST /api/auth/login
23:21:33.183 DEBUG o.s.s.w.a.AnonymousAuthenticationFilter - Set SecurityContextHolder to anonymous SecurityContext
23:21:33.183 DEBUG o.s.security.web.FilterChainProxy - Secured POST /api/auth/login
23:21:33.263 DEBUG o.s.s.a.d.DaoAuthenticationProvider - Authenticated user
23:21:33.274 DEBUG o.s.security.web.FilterChainProxy - Securing POST /api/auth/login
23:21:33.275 DEBUG o.s.s.w.a.AnonymousAuthenticationFilter - Set SecurityContextHolder to anonymous SecurityContext
23:21:33.275 DEBUG o.s.security.web.FilterChainProxy - Secured POST /api/auth/login
23:21:33.401 DEBUG o.s.s.a.d.DaoAuthenticationProvider - Authenticated user
23:21:33.445 DEBUG o.s.security.web.FilterChainProxy - Securing POST /api/auth/login
23:21:33.445 DEBUG o.s.s.w.a.AnonymousAuthenticationFilter - Set SecurityContextHolder to anonymous SecurityContext
23:21:33.445 DEBUG o.s.security.web.FilterChainProxy - Secured POST /api/auth/login
23:21:33.527 DEBUG o.s.s.a.d.DaoAuthenticationProvider - Authenticated user
23:21:33.557 DEBUG o.s.security.web.FilterChainProxy - Securing POST /api/auth/login
23:21:33.557 DEBUG o.s.s.w.a.AnonymousAuthenticationFilter - Set SecurityContextHolder to anonymous SecurityContext
23:21:33.557 DEBUG o.s.security.web.FilterChainProxy - Secured POST /api/auth/login
23:21:33.703 DEBUG o.s.security.web.FilterChainProxy - Securing POST /api/auth/login
23:21:33.703 DEBUG o.s.s.w.a.AnonymousAuthenticationFilter - Set SecurityContextHolder to anonymous SecurityContext
23:21:33.703 DEBUG o.s.security.web.FilterChainProxy - Secured POST /api/auth/login
23:21:33.756 DEBUG o.s.s.a.d.DaoAuthenticationProvider - Authenticated user
23:21:33.799 DEBUG o.s.security.web.FilterChainProxy - Securing POST /api/auth/login
23:21:33.799 DEBUG o.s.s.w.a.AnonymousAuthenticationFilter - Set SecurityContextHolder to anonymous SecurityContext
23:21:33.800 DEBUG o.s.security.web.FilterChainProxy - Secured POST /api/auth/login
23:21:33.857 DEBUG o.s.s.a.d.DaoAuthenticationProvider - Authenticated user
23:21:33.942 DEBUG o.s.security.web.FilterChainProxy - Securing POST /api/auth/login
23:21:33.942 DEBUG o.s.s.w.a.AnonymousAuthenticationFilter - Set SecurityContextHolder to anonymous SecurityContext
23:21:33.942 DEBUG o.s.security.web.FilterChainProxy - Secured POST /api/auth/login
23:21:33.979 DEBUG o.s.s.a.d.DaoAuthenticationProvider - Authenticated user
23:21:34.030 DEBUG o.s.security.web.FilterChainProxy - Securing POST /api/auth/login
23:21:34.030 DEBUG o.s.s.w.a.AnonymousAuthenticationFilter - Set SecurityContextHolder to anonymous SecurityContext
23:21:34.030 DEBUG o.s.security.web.FilterChainProxy - Secured POST /api/auth/login
23:21:34.054 DEBUG o.s.s.a.d.DaoAuthenticationProvider - Authenticated user
23:21:34.168 DEBUG o.s.security.web.FilterChainProxy - Securing POST /api/auth/login
23:21:34.168 DEBUG o.s.s.w.a.AnonymousAuthenticationFilter - Set SecurityContextHolder to anonymous SecurityContext
23:21:34.168 DEBUG o.s.security.web.FilterChainProxy - Secured POST /api/auth/login
23:21:34.209 DEBUG o.s.s.a.d.DaoAuthenticationProvider - Authenticated user
23:21:34.272 DEBUG o.s.security.web.FilterChainProxy - Securing POST /api/auth/login
23:21:34.272 DEBUG o.s.s.w.a.AnonymousAuthenticationFilter - Set SecurityContextHolder to anonymous SecurityContext
23:21:34.272 DEBUG o.s.security.web.FilterChainProxy - Secured POST /api/auth/login
23:21:34.294 DEBUG o.s.s.a.d.DaoAuthenticationProvider - Authenticated user
23:21:34.368 DEBUG o.s.s.a.d.DaoAuthenticationProvider - Authenticated user
23:21:34.382 DEBUG o.s.security.web.FilterChainProxy - Securing POST /api/auth/login
23:21:34.382 DEBUG o.s.s.w.a.AnonymousAuthenticationFilter - Set SecurityContextHolder to anonymous SecurityContext
23:21:34.382 DEBUG o.s.security.web.FilterChainProxy - Secured POST /api/auth/login
23:21:34.475 DEBUG o.s.s.a.d.DaoAuthenticationProvider - Authenticated user
23:21:34.490 DEBUG o.s.security.web.FilterChainProxy - Securing POST /api/auth/login
23:21:34.490 DEBUG o.s.s.w.a.AnonymousAuthenticationFilter - Set SecurityContextHolder to anonymous SecurityContext
23:21:34.490 DEBUG o.s.security.web.FilterChainProxy - Secured POST /api/auth/login
23:21:34.609 DEBUG o.s.s.a.d.DaoAuthenticationProvider - Authenticated user
23:21:34.611 DEBUG o.s.security.web.FilterChainProxy - Securing POST /api/auth/login
23:21:34.611 DEBUG o.s.s.w.a.AnonymousAuthenticationFilter - Set SecurityContextHolder to anonymous SecurityContext
23:21:34.612 DEBUG o.s.security.web.FilterChainProxy - Secured POST /api/auth/login
23:21:34.723 DEBUG o.s.s.a.d.DaoAuthenticationProvider - Authenticated user
23:21:34.771 DEBUG o.s.security.web.FilterChainProxy - Securing POST /api/auth/login
23:21:34.771 DEBUG o.s.s.w.a.AnonymousAuthenticationFilter - Set SecurityContextHolder to anonymous SecurityContext
23:21:34.771 DEBUG o.s.security.web.FilterChainProxy - Secured POST /api/auth/login
23:21:34.873 DEBUG o.s.s.a.d.DaoAuthenticationProvider - Authenticated user
23:21:34.879 DEBUG o.s.security.web.FilterChainProxy - Securing POST /api/auth/login
23:21:34.879 DEBUG o.s.s.w.a.AnonymousAuthenticationFilter - Set SecurityContextHolder to anonymous SecurityContext
23:21:34.880 DEBUG o.s.security.web.FilterChainProxy - Secured POST /api/auth/login
23:21:34.999 DEBUG o.s.security.web.FilterChainProxy - Securing POST /api/auth/login
23:21:34.999 DEBUG o.s.s.w.a.AnonymousAuthenticationFilter - Set SecurityContextHolder to anonymous SecurityContext
23:21:34.999 DEBUG o.s.security.web.FilterChainProxy - Secured POST /api/auth/login
23:21:35.034 DEBUG o.s.s.a.d.DaoAuthenticationProvider - Authenticated user
23:21:35.094 DEBUG o.s.security.web.FilterChainProxy - Securing POST /api/auth/login
23:21:35.095 DEBUG o.s.s.w.a.AnonymousAuthenticationFilter - Set SecurityContextHolder to anonymous SecurityContext
23:21:35.095 DEBUG o.s.security.web.FilterChainProxy - Secured POST /api/auth/login
23:21:35.139 DEBUG o.s.s.a.d.DaoAuthenticationProvider - Authenticated user
23:21:35.231 DEBUG o.s.security.web.FilterChainProxy - Securing POST /api/auth/login
23:21:35.231 DEBUG o.s.s.w.a.AnonymousAuthenticationFilter - Set SecurityContextHolder to anonymous SecurityContext
23:21:35.231 DEBUG o.s.security.web.FilterChainProxy - Secured POST /api/auth/login
23:21:35.241 DEBUG o.s.s.a.d.DaoAuthenticationProvider - Authenticated user
23:21:35.308 DEBUG o.s.security.web.FilterChainProxy - Securing POST /api/auth/login
23:21:35.308 DEBUG o.s.s.w.a.AnonymousAuthenticationFilter - Set SecurityContextHolder to anonymous SecurityContext
23:21:35.308 DEBUG o.s.security.web.FilterChainProxy - Secured POST /api/auth/login
23:21:35.322 DEBUG o.s.s.a.d.DaoAuthenticationProvider - Authenticated user
23:21:35.424 DEBUG o.s.s.a.d.DaoAuthenticationProvider - Authenticated user
23:21:35.438 DEBUG o.s.security.web.FilterChainProxy - Securing POST /api/auth/login
23:21:35.438 DEBUG o.s.s.w.a.AnonymousAuthenticationFilter - Set SecurityContextHolder to anonymous SecurityContext
23:21:35.438 DEBUG o.s.security.web.FilterChainProxy - Secured POST /api/auth/login
23:21:35.489 DEBUG o.s.s.a.d.DaoAuthenticationProvider - Authenticated user
23:21:35.560 DEBUG o.s.security.web.FilterChainProxy - Securing POST /api/auth/login
23:21:35.560 DEBUG o.s.s.w.a.AnonymousAuthenticationFilter - Set SecurityContextHolder to anonymous SecurityContext
23:21:35.561 DEBUG o.s.security.web.FilterChainProxy - Secured POST /api/auth/login
23:21:35.619 DEBUG o.s.s.a.d.DaoAuthenticationProvider - Authenticated user
23:21:35.691 DEBUG o.s.security.web.FilterChainProxy - Securing POST /api/auth/login
23:21:35.691 DEBUG o.s.s.w.a.AnonymousAuthenticationFilter - Set SecurityContextHolder to anonymous SecurityContext
23:21:35.691 DEBUG o.s.security.web.FilterChainProxy - Secured POST /api/auth/login
23:21:35.774 DEBUG o.s.s.a.d.DaoAuthenticationProvider - Authenticated user
23:21:35.819 DEBUG o.s.security.web.FilterChainProxy - Securing POST /api/auth/login
23:21:35.819 DEBUG o.s.s.w.a.AnonymousAuthenticationFilter - Set SecurityContextHolder to anonymous SecurityContext
23:21:35.819 DEBUG o.s.security.web.FilterChainProxy - Secured POST /api/auth/login
23:21:35.932 DEBUG o.s.security.web.FilterChainProxy - Securing POST /api/auth/login
23:21:35.932 DEBUG o.s.s.w.a.AnonymousAuthenticationFilter - Set SecurityContextHolder to anonymous SecurityContext
23:21:35.933 DEBUG o.s.security.web.FilterChainProxy - Secured POST /api/auth/login
23:21:35.934 DEBUG o.s.s.a.d.DaoAuthenticationProvider - Authenticated user
23:21:36.042 DEBUG o.s.s.a.d.DaoAuthenticationProvider - Authenticated user
23:21:36.056 DEBUG o.s.security.web.FilterChainProxy - Securing POST /api/auth/login
23:21:36.056 DEBUG o.s.s.w.a.AnonymousAuthenticationFilter - Set SecurityContextHolder to anonymous SecurityContext
23:21:36.056 DEBUG o.s.security.web.FilterChainProxy - Secured POST /api/auth/login
23:21:36.157 DEBUG o.s.security.web.FilterChainProxy - Securing POST /api/auth/login
23:21:36.157 DEBUG o.s.s.w.a.AnonymousAuthenticationFilter - Set SecurityContextHolder to anonymous SecurityContext
23:21:36.157 DEBUG o.s.security.web.FilterChainProxy - Secured POST /api/auth/login
23:21:36.165 DEBUG o.s.s.a.d.DaoAuthenticationProvider - Authenticated user
23:21:36.277 DEBUG o.s.s.a.d.DaoAuthenticationProvider - Authenticated user
23:21:36.300 DEBUG o.s.security.web.FilterChainProxy - Securing POST /api/auth/login
23:21:36.300 DEBUG o.s.s.w.a.AnonymousAuthenticationFilter - Set SecurityContextHolder to anonymous SecurityContext
23:21:36.300 DEBUG o.s.security.web.FilterChainProxy - Secured POST /api/auth/login
23:21:36.362 DEBUG o.s.s.a.d.DaoAuthenticationProvider - Authenticated user
23:21:36.413 DEBUG o.s.security.web.FilterChainProxy - Securing POST /api/auth/login
23:21:36.413 DEBUG o.s.s.w.a.AnonymousAuthenticationFilter - Set SecurityContextHolder to anonymous SecurityContext
23:21:36.413 DEBUG o.s.security.web.FilterChainProxy - Secured POST /api/auth/login
23:21:36.515 DEBUG o.s.s.a.d.DaoAuthenticationProvider - Authenticated user
23:21:36.536 DEBUG o.s.security.web.FilterChainProxy - Securing POST /api/auth/login
23:21:36.536 DEBUG o.s.s.w.a.AnonymousAuthenticationFilter - Set SecurityContextHolder to anonymous SecurityContext
23:21:36.536 DEBUG o.s.security.web.FilterChainProxy - Secured POST /api/auth/login
23:21:36.596 DEBUG o.s.s.a.d.DaoAuthenticationProvider - Authenticated user
23:21:36.668 DEBUG o.s.security.web.FilterChainProxy - Securing POST /api/auth/login
23:21:36.668 DEBUG o.s.s.w.a.AnonymousAuthenticationFilter - Set SecurityContextHolder to anonymous SecurityContext
23:21:36.668 DEBUG o.s.security.web.FilterChainProxy - Secured POST /api/auth/login
23:21:36.727 DEBUG o.s.s.a.d.DaoAuthenticationProvider - Authenticated user
23:21:36.760 DEBUG o.s.security.web.FilterChainProxy - Securing POST /api/auth/login
23:21:36.760 DEBUG o.s.s.w.a.AnonymousAuthenticationFilter - Set SecurityContextHolder to anonymous SecurityContext
23:21:36.760 DEBUG o.s.security.web.FilterChainProxy - Secured POST /api/auth/login
23:21:36.864 DEBUG o.s.s.a.d.DaoAuthenticationProvider - Authenticated user
23:21:36.894 DEBUG o.s.security.web.FilterChainProxy - Securing POST /api/auth/login
23:21:36.894 DEBUG o.s.s.w.a.AnonymousAuthenticationFilter - Set SecurityContextHolder to anonymous SecurityContext
23:21:36.894 DEBUG o.s.security.web.FilterChainProxy - Secured POST /api/auth/login
23:21:36.987 DEBUG o.s.s.a.d.DaoAuthenticationProvider - Authenticated user
23:21:36.996 DEBUG o.s.security.web.FilterChainProxy - Securing POST /api/auth/login
23:21:36.996 DEBUG o.s.s.w.a.AnonymousAuthenticationFilter - Set SecurityContextHolder to anonymous SecurityContext
23:21:36.997 DEBUG o.s.security.web.FilterChainProxy - Secured POST /api/auth/login
23:21:37.120 DEBUG o.s.s.a.d.DaoAuthenticationProvider - Authenticated user
23:21:37.130 DEBUG o.s.security.web.FilterChainProxy - Securing POST /api/auth/login
23:21:37.130 DEBUG o.s.s.w.a.AnonymousAuthenticationFilter - Set SecurityContextHolder to anonymous SecurityContext
23:21:37.130 DEBUG o.s.security.web.FilterChainProxy - Secured POST /api/auth/login
23:21:37.202 DEBUG o.s.s.a.d.DaoAuthenticationProvider - Authenticated user
23:21:37.234 DEBUG o.s.security.web.FilterChainProxy - Securing POST /api/auth/login
23:21:37.234 DEBUG o.s.s.w.a.AnonymousAuthenticationFilter - Set SecurityContextHolder to anonymous SecurityContext
23:21:37.234 DEBUG o.s.security.web.FilterChainProxy - Secured POST /api/auth/login
23:21:37.295 DEBUG o.s.s.a.d.DaoAuthenticationProvider - Authenticated user
23:21:37.372 DEBUG o.s.security.web.FilterChainProxy - Securing POST /api/auth/login
23:21:37.372 DEBUG o.s.s.w.a.AnonymousAuthenticationFilter - Set SecurityContextHolder to anonymous SecurityContext
23:21:37.372 DEBUG o.s.security.web.FilterChainProxy - Secured POST /api/auth/login
23:21:37.414 DEBUG o.s.s.a.d.DaoAuthenticationProvider - Authenticated user
23:21:37.478 DEBUG o.s.security.web.FilterChainProxy - Securing POST /api/auth/login
23:21:37.478 DEBUG o.s.s.w.a.AnonymousAuthenticationFilter - Set SecurityContextHolder to anonymous SecurityContext
23:21:37.478 DEBUG o.s.security.web.FilterChainProxy - Secured POST /api/auth/login
23:21:37.573 DEBUG o.s.s.a.d.DaoAuthenticationProvider - Authenticated user
23:21:37.628 DEBUG o.s.security.web.FilterChainProxy - Securing POST /api/auth/login
23:21:37.628 DEBUG o.s.s.w.a.AnonymousAuthenticationFilter - Set SecurityContextHolder to anonymous SecurityContext
23:21:37.628 DEBUG o.s.security.web.FilterChainProxy - Secured POST /api/auth/login
23:21:37.684 DEBUG o.s.s.a.d.DaoAuthenticationProvider - Authenticated user
23:21:37.733 DEBUG o.s.security.web.FilterChainProxy - Securing POST /api/auth/login
23:21:37.734 DEBUG o.s.s.w.a.AnonymousAuthenticationFilter - Set SecurityContextHolder to anonymous SecurityContext
23:21:37.734 DEBUG o.s.security.web.FilterChainProxy - Secured POST /api/auth/login
23:21:37.829 DEBUG o.s.s.a.d.DaoAuthenticationProvider - Authenticated user
23:21:37.850 DEBUG o.s.security.web.FilterChainProxy - Securing POST /api/auth/login
23:21:37.851 DEBUG o.s.s.w.a.AnonymousAuthenticationFilter - Set SecurityContextHolder to anonymous SecurityContext
23:21:37.851 DEBUG o.s.security.web.FilterChainProxy - Secured POST /api/auth/login
23:21:37.942 DEBUG o.s.s.a.d.DaoAuthenticationProvider - Authenticated user
23:21:37.987 DEBUG o.s.security.web.FilterChainProxy - Securing POST /api/auth/login
23:21:37.987 DEBUG o.s.s.w.a.AnonymousAuthenticationFilter - Set SecurityContextHolder to anonymous SecurityContext
23:21:37.987 DEBUG o.s.security.web.FilterChainProxy - Secured POST /api/auth/login
23:21:38.075 DEBUG o.s.s.a.d.DaoAuthenticationProvider - Authenticated user
23:21:38.091 DEBUG o.s.security.web.FilterChainProxy - Securing POST /api/auth/login
23:21:38.091 DEBUG o.s.s.w.a.AnonymousAuthenticationFilter - Set SecurityContextHolder to anonymous SecurityContext
23:21:38.091 DEBUG o.s.security.web.FilterChainProxy - Secured POST /api/auth/login
23:21:38.207 DEBUG o.s.s.a.d.DaoAuthenticationProvider - Authenticated user
23:21:38.233 DEBUG o.s.security.web.FilterChainProxy - Securing POST /api/auth/login
23:21:38.233 DEBUG o.s.s.w.a.AnonymousAuthenticationFilter - Set SecurityContextHolder to anonymous SecurityContext
23:21:38.233 DEBUG o.s.security.web.FilterChainProxy - Secured POST /api/auth/login
23:21:38.298 DEBUG o.s.s.a.d.DaoAuthenticationProvider - Authenticated user
23:21:38.323 DEBUG o.s.security.web.FilterChainProxy - Securing POST /api/auth/login
23:21:38.324 DEBUG o.s.s.w.a.AnonymousAuthenticationFilter - Set SecurityContextHolder to anonymous SecurityContext
23:21:38.324 DEBUG o.s.security.web.FilterChainProxy - Secured POST /api/auth/login
23:21:38.434 DEBUG o.s.s.a.d.DaoAuthenticationProvider - Authenticated user
23:21:38.439 DEBUG o.s.security.web.FilterChainProxy - Securing POST /api/auth/login
23:21:38.439 DEBUG o.s.s.w.a.AnonymousAuthenticationFilter - Set SecurityContextHolder to anonymous SecurityContext
23:21:38.439 DEBUG o.s.security.web.FilterChainProxy - Secured POST /api/auth/login
23:21:38.559 DEBUG o.s.s.a.d.DaoAuthenticationProvider - Authenticated user
23:21:38.566 DEBUG o.s.security.web.FilterChainProxy - Securing POST /api/auth/login
23:21:38.567 DEBUG o.s.s.w.a.AnonymousAuthenticationFilter - Set SecurityContextHolder to anonymous SecurityContext
23:21:38.567 DEBUG o.s.security.web.FilterChainProxy - Secured POST /api/auth/login
23:21:38.656 DEBUG o.s.s.a.d.DaoAuthenticationProvider - Authenticated user
23:21:38.721 DEBUG o.s.security.web.FilterChainProxy - Securing POST /api/auth/login
23:21:38.722 DEBUG o.s.s.w.a.AnonymousAuthenticationFilter - Set SecurityContextHolder to anonymous SecurityContext
23:21:38.722 DEBUG o.s.security.web.FilterChainProxy - Secured POST /api/auth/login
23:21:38.827 DEBUG o.s.s.a.d.DaoAuthenticationProvider - Authenticated user
23:21:38.855 DEBUG o.s.security.web.FilterChainProxy - Securing POST /api/auth/login
23:21:38.855 DEBUG o.s.s.w.a.AnonymousAuthenticationFilter - Set SecurityContextHolder to anonymous SecurityContext
23:21:38.855 DEBUG o.s.security.web.FilterChainProxy - Secured POST /api/auth/login
23:21:38.988 DEBUG o.s.security.web.FilterChainProxy - Securing POST /api/auth/login
23:21:38.988 DEBUG o.s.s.w.a.AnonymousAuthenticationFilter - Set SecurityContextHolder to anonymous SecurityContext
23:21:38.988 DEBUG o.s.security.web.FilterChainProxy - Secured POST /api/auth/login
23:21:39.089 DEBUG o.s.security.web.FilterChainProxy - Securing POST /api/auth/login
23:21:39.089 DEBUG o.s.s.w.a.AnonymousAuthenticationFilter - Set SecurityContextHolder to anonymous SecurityContext
23:21:39.089 DEBUG o.s.security.web.FilterChainProxy - Secured POST /api/auth/login
23:21:39.091 DEBUG o.s.s.a.d.DaoAuthenticationProvider - Authenticated user
23:21:39.182 DEBUG o.s.s.a.d.DaoAuthenticationProvider - Authenticated user
23:21:39.200 DEBUG o.s.security.web.FilterChainProxy - Securing POST /api/auth/login
23:21:39.200 DEBUG o.s.s.w.a.AnonymousAuthenticationFilter - Set SecurityContextHolder to anonymous SecurityContext
23:21:39.200 DEBUG o.s.security.web.FilterChainProxy - Secured POST /api/auth/login
23:21:39.253 DEBUG o.s.s.a.d.DaoAuthenticationProvider - Authenticated user
23:21:39.280 DEBUG o.s.security.web.FilterChainProxy - Securing POST /api/auth/login
23:21:39.280 DEBUG o.s.s.w.a.AnonymousAuthenticationFilter - Set SecurityContextHolder to anonymous SecurityContext
23:21:39.281 DEBUG o.s.security.web.FilterChainProxy - Secured POST /api/auth/login
23:21:39.308 DEBUG o.s.s.a.d.DaoAuthenticationProvider - Authenticated user
23:21:39.392 DEBUG o.s.s.a.d.DaoAuthenticationProvider - Authenticated user
23:21:39.407 DEBUG o.s.security.web.FilterChainProxy - Securing POST /api/auth/login
23:21:39.407 DEBUG o.s.s.w.a.AnonymousAuthenticationFilter - Set SecurityContextHolder to anonymous SecurityContext
23:21:39.407 DEBUG o.s.security.web.FilterChainProxy - Secured POST /api/auth/login
23:21:39.463 DEBUG o.s.s.a.d.DaoAuthenticationProvider - Authenticated user
23:21:39.525 DEBUG o.s.security.web.FilterChainProxy - Securing POST /api/auth/login
23:21:39.525 DEBUG o.s.s.w.a.AnonymousAuthenticationFilter - Set SecurityContextHolder to anonymous SecurityContext
23:21:39.525 DEBUG o.s.security.web.FilterChainProxy - Secured POST /api/auth/login
23:21:39.616 DEBUG o.s.s.a.d.DaoAuthenticationProvider - Authenticated user
23:21:39.671 DEBUG o.s.security.web.FilterChainProxy - Securing POST /api/auth/login
23:21:39.671 DEBUG o.s.s.w.a.AnonymousAuthenticationFilter - Set SecurityContextHolder to anonymous SecurityContext
23:21:39.671 DEBUG o.s.security.web.FilterChainProxy - Secured POST /api/auth/login
23:21:39.756 DEBUG o.s.s.a.d.DaoAuthenticationProvider - Authenticated user
23:21:39.792 DEBUG o.s.security.web.FilterChainProxy - Securing POST /api/auth/login
23:21:39.792 DEBUG o.s.s.w.a.AnonymousAuthenticationFilter - Set SecurityContextHolder to anonymous SecurityContext
23:21:39.792 DEBUG o.s.security.web.FilterChainProxy - Secured POST /api/auth/login
23:21:39.880 DEBUG o.s.security.web.FilterChainProxy - Securing POST /api/auth/login
23:21:39.880 DEBUG o.s.s.w.a.AnonymousAuthenticationFilter - Set SecurityContextHolder to anonymous SecurityContext
23:21:39.880 DEBUG o.s.security.web.FilterChainProxy - Secured POST /api/auth/login
23:21:39.899 DEBUG o.s.s.a.d.DaoAuthenticationProvider - Authenticated user
23:21:40.003 DEBUG o.s.s.a.d.DaoAuthenticationProvider - Authenticated user
23:21:40.007 DEBUG o.s.security.web.FilterChainProxy - Securing POST /api/auth/login
23:21:40.007 DEBUG o.s.s.w.a.AnonymousAuthenticationFilter - Set SecurityContextHolder to anonymous SecurityContext
23:21:40.007 DEBUG o.s.security.web.FilterChainProxy - Secured POST /api/auth/login
23:21:40.070 DEBUG o.s.s.a.d.DaoAuthenticationProvider - Authenticated user
23:21:40.140 DEBUG o.s.security.web.FilterChainProxy - Securing POST /api/auth/login
23:21:40.140 DEBUG o.s.s.w.a.AnonymousAuthenticationFilter - Set SecurityContextHolder to anonymous SecurityContext
23:21:40.140 DEBUG o.s.security.web.FilterChainProxy - Secured POST /api/auth/login
23:21:40.204 DEBUG o.s.s.a.d.DaoAuthenticationProvider - Authenticated user
23:21:40.261 DEBUG o.s.security.web.FilterChainProxy - Securing POST /api/auth/login
23:21:40.261 DEBUG o.s.s.w.a.AnonymousAuthenticationFilter - Set SecurityContextHolder to anonymous SecurityContext
23:21:40.261 DEBUG o.s.security.web.FilterChainProxy - Secured POST /api/auth/login
23:21:40.344 DEBUG o.s.s.a.d.DaoAuthenticationProvider - Authenticated user
23:21:40.383 DEBUG o.s.security.web.FilterChainProxy - Securing POST /api/auth/login
23:21:40.383 DEBUG o.s.s.w.a.AnonymousAuthenticationFilter - Set SecurityContextHolder to anonymous SecurityContext
23:21:40.383 DEBUG o.s.security.web.FilterChainProxy - Secured POST /api/auth/login
23:21:40.491 DEBUG o.s.s.a.d.DaoAuthenticationProvider - Authenticated user
23:21:40.513 DEBUG o.s.security.web.FilterChainProxy - Securing POST /api/auth/login
23:21:40.513 DEBUG o.s.s.w.a.AnonymousAuthenticationFilter - Set SecurityContextHolder to anonymous SecurityContext
23:21:40.514 DEBUG o.s.security.web.FilterChainProxy - Secured POST /api/auth/login
23:21:40.615 DEBUG o.s.security.web.FilterChainProxy - Securing POST /api/auth/login
23:21:40.615 DEBUG o.s.s.w.a.AnonymousAuthenticationFilter - Set SecurityContextHolder to anonymous SecurityContext
23:21:40.616 DEBUG o.s.security.web.FilterChainProxy - Secured POST /api/auth/login
23:21:40.639 DEBUG o.s.s.a.d.DaoAuthenticationProvider - Authenticated user
23:21:40.731 DEBUG o.s.s.a.d.DaoAuthenticationProvider - Authenticated user
23:21:40.737 DEBUG o.s.security.web.FilterChainProxy - Securing POST /api/auth/login
23:21:40.737 DEBUG o.s.s.w.a.AnonymousAuthenticationFilter - Set SecurityContextHolder to anonymous SecurityContext
23:21:40.738 DEBUG o.s.security.web.FilterChainProxy - Secured POST /api/auth/login
23:21:40.820 DEBUG o.s.s.a.d.DaoAuthenticationProvider - Authenticated user
23:21:40.853 DEBUG o.s.security.web.FilterChainProxy - Securing POST /api/auth/login
23:21:40.853 DEBUG o.s.s.w.a.AnonymousAuthenticationFilter - Set SecurityContextHolder to anonymous SecurityContext
23:21:40.853 DEBUG o.s.security.web.FilterChainProxy - Secured POST /api/auth/login
23:21:40.970 DEBUG o.s.security.web.FilterChainProxy - Securing POST /api/auth/login
23:21:40.970 DEBUG o.s.s.w.a.AnonymousAuthenticationFilter - Set SecurityContextHolder to anonymous SecurityContext
23:21:40.970 DEBUG o.s.security.web.FilterChainProxy - Secured POST /api/auth/login
23:21:40.971 DEBUG o.s.s.a.d.DaoAuthenticationProvider - Authenticated user
23:21:41.078 DEBUG o.s.s.a.d.DaoAuthenticationProvider - Authenticated user
23:21:41.092 DEBUG o.s.security.web.FilterChainProxy - Securing POST /api/auth/login
23:21:41.092 DEBUG o.s.s.w.a.AnonymousAuthenticationFilter - Set SecurityContextHolder to anonymous SecurityContext
23:21:41.092 DEBUG o.s.security.web.FilterChainProxy - Secured POST /api/auth/login
23:21:41.178 DEBUG o.s.s.a.d.DaoAuthenticationProvider - Authenticated user
23:21:41.228 DEBUG o.s.security.web.FilterChainProxy - Securing POST /api/auth/login
23:21:41.230 DEBUG o.s.s.w.a.AnonymousAuthenticationFilter - Set SecurityContextHolder to anonymous SecurityContext
23:21:41.230 DEBUG o.s.security.web.FilterChainProxy - Secured POST /api/auth/login
23:21:41.292 DEBUG o.s.s.a.d.DaoAuthenticationProvider - Authenticated user
23:21:41.345 DEBUG o.s.security.web.FilterChainProxy - Securing POST /api/auth/login
23:21:41.345 DEBUG o.s.s.w.a.AnonymousAuthenticationFilter - Set SecurityContextHolder to anonymous SecurityContext
23:21:41.345 DEBUG o.s.security.web.FilterChainProxy - Secured POST /api/auth/login
23:21:41.429 DEBUG o.s.s.a.d.DaoAuthenticationProvider - Authenticated user
23:21:41.457 DEBUG o.s.security.web.FilterChainProxy - Securing POST /api/auth/login
23:21:41.457 DEBUG o.s.s.w.a.AnonymousAuthenticationFilter - Set SecurityContextHolder to anonymous SecurityContext
23:21:41.457 DEBUG o.s.security.web.FilterChainProxy - Secured POST /api/auth/login
23:21:41.559 DEBUG o.s.security.web.FilterChainProxy - Securing POST /api/auth/login
23:21:41.560 DEBUG o.s.s.w.a.AnonymousAuthenticationFilter - Set SecurityContextHolder to anonymous SecurityContext
23:21:41.560 DEBUG o.s.security.web.FilterChainProxy - Secured POST /api/auth/login
23:21:41.570 DEBUG o.s.s.a.d.DaoAuthenticationProvider - Authenticated user
23:21:41.655 DEBUG o.s.s.a.d.DaoAuthenticationProvider - Authenticated user
23:21:41.695 DEBUG o.s.security.web.FilterChainProxy - Securing POST /api/auth/login
23:21:41.695 DEBUG o.s.s.w.a.AnonymousAuthenticationFilter - Set SecurityContextHolder to anonymous SecurityContext
23:21:41.695 DEBUG o.s.security.web.FilterChainProxy - Secured POST /api/auth/login
23:21:41.728 DEBUG o.s.s.a.d.DaoAuthenticationProvider - Authenticated user
23:21:41.804 DEBUG o.s.security.web.FilterChainProxy - Securing POST /api/auth/login
23:21:41.804 DEBUG o.s.s.w.a.AnonymousAuthenticationFilter - Set SecurityContextHolder to anonymous SecurityContext
23:21:41.804 DEBUG o.s.security.web.FilterChainProxy - Secured POST /api/auth/login
23:21:41.864 DEBUG o.s.s.a.d.DaoAuthenticationProvider - Authenticated user
23:21:41.941 DEBUG o.s.security.web.FilterChainProxy - Securing POST /api/auth/login
23:21:41.941 DEBUG o.s.s.w.a.AnonymousAuthenticationFilter - Set SecurityContextHolder to anonymous SecurityContext
23:21:41.941 DEBUG o.s.security.web.FilterChainProxy - Secured POST /api/auth/login
23:21:42.022 DEBUG o.s.s.a.d.DaoAuthenticationProvider - Authenticated user
23:21:42.056 DEBUG o.s.security.web.FilterChainProxy - Securing POST /api/auth/login
23:21:42.056 DEBUG o.s.s.w.a.AnonymousAuthenticationFilter - Set SecurityContextHolder to anonymous SecurityContext
23:21:42.056 DEBUG o.s.security.web.FilterChainProxy - Secured POST /api/auth/login
23:21:42.143 DEBUG o.s.s.a.d.DaoAuthenticationProvider - Authenticated user
23:21:42.182 DEBUG o.s.security.web.FilterChainProxy - Securing POST /api/auth/login
23:21:42.183 DEBUG o.s.s.w.a.AnonymousAuthenticationFilter - Set SecurityContextHolder to anonymous SecurityContext
23:21:42.183 DEBUG o.s.security.web.FilterChainProxy - Secured POST /api/auth/login
23:21:42.276 DEBUG o.s.s.a.d.DaoAuthenticationProvider - Authenticated user
23:21:42.297 DEBUG o.s.security.web.FilterChainProxy - Securing POST /api/auth/login
23:21:42.297 DEBUG o.s.s.w.a.AnonymousAuthenticationFilter - Set SecurityContextHolder to anonymous SecurityContext
23:21:42.297 DEBUG o.s.security.web.FilterChainProxy - Secured POST /api/auth/login
23:21:42.398 DEBUG o.s.s.a.d.DaoAuthenticationProvider - Authenticated user
23:21:42.408 DEBUG o.s.security.web.FilterChainProxy - Securing POST /api/auth/login
23:21:42.408 DEBUG o.s.s.w.a.AnonymousAuthenticationFilter - Set SecurityContextHolder to anonymous SecurityContext
23:21:42.408 DEBUG o.s.security.web.FilterChainProxy - Secured POST /api/auth/login
23:21:42.550 DEBUG o.s.s.a.d.DaoAuthenticationProvider - Authenticated user
23:21:42.594 DEBUG o.s.security.web.FilterChainProxy - Securing POST /api/auth/login
23:21:42.594 DEBUG o.s.s.w.a.AnonymousAuthenticationFilter - Set SecurityContextHolder to anonymous SecurityContext
23:21:42.594 DEBUG o.s.security.web.FilterChainProxy - Secured POST /api/auth/login
23:21:42.681 DEBUG o.s.security.web.FilterChainProxy - Securing POST /api/auth/login
23:21:42.681 DEBUG o.s.s.w.a.AnonymousAuthenticationFilter - Set SecurityContextHolder to anonymous SecurityContext
23:21:42.681 DEBUG o.s.security.web.FilterChainProxy - Secured POST /api/auth/login
23:21:42.708 DEBUG o.s.s.a.d.DaoAuthenticationProvider - Authenticated user
23:21:42.767 DEBUG o.s.security.web.FilterChainProxy - Securing POST /api/auth/login
23:21:42.768 DEBUG o.s.s.w.a.AnonymousAuthenticationFilter - Set SecurityContextHolder to anonymous SecurityContext
23:21:42.768 DEBUG o.s.security.web.FilterChainProxy - Secured POST /api/auth/login
23:21:42.837 DEBUG o.s.s.a.d.DaoAuthenticationProvider - Authenticated user
23:21:42.903 DEBUG o.s.security.web.FilterChainProxy - Securing POST /api/auth/login
23:21:42.904 DEBUG o.s.s.w.a.AnonymousAuthenticationFilter - Set SecurityContextHolder to anonymous SecurityContext
23:21:42.904 DEBUG o.s.security.web.FilterChainProxy - Secured POST /api/auth/login
23:21:42.911 DEBUG o.s.s.a.d.DaoAuthenticationProvider - Authenticated user
23:21:42.974 DEBUG o.s.s.a.d.DaoAuthenticationProvider - Authenticated user
23:21:43.000 DEBUG o.s.security.web.FilterChainProxy - Securing POST /api/auth/login
23:21:43.000 DEBUG o.s.s.w.a.AnonymousAuthenticationFilter - Set SecurityContextHolder to anonymous SecurityContext
23:21:43.000 DEBUG o.s.security.web.FilterChainProxy - Secured POST /api/auth/login
23:21:43.117 DEBUG o.s.s.a.d.DaoAuthenticationProvider - Authenticated user
23:21:43.151 DEBUG o.s.security.web.FilterChainProxy - Securing POST /api/auth/login
23:21:43.151 DEBUG o.s.s.w.a.AnonymousAuthenticationFilter - Set SecurityContextHolder to anonymous SecurityContext
23:21:43.151 DEBUG o.s.security.web.FilterChainProxy - Secured POST /api/auth/login
23:21:43.229 DEBUG o.s.s.a.d.DaoAuthenticationProvider - Authenticated user
23:21:43.265 DEBUG o.s.security.web.FilterChainProxy - Securing POST /api/auth/login
23:21:43.265 DEBUG o.s.s.w.a.AnonymousAuthenticationFilter - Set SecurityContextHolder to anonymous SecurityContext
23:21:43.265 DEBUG o.s.security.web.FilterChainProxy - Secured POST /api/auth/login
23:21:43.349 DEBUG o.s.s.a.d.DaoAuthenticationProvider - Authenticated user
23:21:43.356 DEBUG o.s.security.web.FilterChainProxy - Securing POST /api/auth/login
23:21:43.356 DEBUG o.s.s.w.a.AnonymousAuthenticationFilter - Set SecurityContextHolder to anonymous SecurityContext
23:21:43.356 DEBUG o.s.security.web.FilterChainProxy - Secured POST /api/auth/login
23:21:43.447 DEBUG o.s.s.a.d.DaoAuthenticationProvider - Authenticated user
23:21:43.482 DEBUG o.s.security.web.FilterChainProxy - Securing POST /api/auth/login
23:21:43.482 DEBUG o.s.s.w.a.AnonymousAuthenticationFilter - Set SecurityContextHolder to anonymous SecurityContext
23:21:43.482 DEBUG o.s.security.web.FilterChainProxy - Secured POST /api/auth/login
23:21:43.523 DEBUG o.s.s.a.d.DaoAuthenticationProvider - Authenticated user
23:21:43.617 DEBUG o.s.security.web.FilterChainProxy - Securing POST /api/auth/login
23:21:43.617 DEBUG o.s.s.w.a.AnonymousAuthenticationFilter - Set SecurityContextHolder to anonymous SecurityContext
23:21:43.617 DEBUG o.s.security.web.FilterChainProxy - Secured POST /api/auth/login
23:21:43.621 DEBUG o.s.s.a.d.DaoAuthenticationProvider - Authenticated user
23:21:43.778 DEBUG o.s.security.web.FilterChainProxy - Securing POST /api/auth/login
23:21:43.778 DEBUG o.s.s.w.a.AnonymousAuthenticationFilter - Set SecurityContextHolder to anonymous SecurityContext
23:21:43.779 DEBUG o.s.security.web.FilterChainProxy - Secured POST /api/auth/login
23:21:43.861 DEBUG o.s.security.web.FilterChainProxy - Securing POST /api/auth/login
23:21:43.862 DEBUG o.s.s.w.a.AnonymousAuthenticationFilter - Set SecurityContextHolder to anonymous SecurityContext
23:21:43.862 DEBUG o.s.security.web.FilterChainProxy - Secured POST /api/auth/login
23:21:43.868 DEBUG o.s.s.a.d.DaoAuthenticationProvider - Authenticated user
23:21:43.982 DEBUG o.s.security.web.FilterChainProxy - Securing POST /api/auth/login
23:21:43.982 DEBUG o.s.s.w.a.AnonymousAuthenticationFilter - Set SecurityContextHolder to anonymous SecurityContext
23:21:43.982 DEBUG o.s.security.web.FilterChainProxy - Secured POST /api/auth/login
23:21:44.026 DEBUG o.s.s.a.d.DaoAuthenticationProvider - Authenticated user
23:21:44.075 DEBUG o.s.s.a.d.DaoAuthenticationProvider - Authenticated user
23:21:44.099 DEBUG o.s.security.web.FilterChainProxy - Securing POST /api/auth/login
23:21:44.099 DEBUG o.s.s.w.a.AnonymousAuthenticationFilter - Set SecurityContextHolder to anonymous SecurityContext
23:21:44.099 DEBUG o.s.security.web.FilterChainProxy - Secured POST /api/auth/login
23:21:44.208 DEBUG o.s.s.a.d.DaoAuthenticationProvider - Authenticated user
23:21:44.218 DEBUG o.s.security.web.FilterChainProxy - Securing POST /api/auth/login
23:21:44.218 DEBUG o.s.s.w.a.AnonymousAuthenticationFilter - Set SecurityContextHolder to anonymous SecurityContext
23:21:44.218 DEBUG o.s.security.web.FilterChainProxy - Secured POST /api/auth/login
23:21:44.307 DEBUG o.s.s.a.d.DaoAuthenticationProvider - Authenticated user
23:21:44.372 DEBUG o.s.security.web.FilterChainProxy - Securing POST /api/auth/login
23:21:44.373 DEBUG o.s.s.w.a.AnonymousAuthenticationFilter - Set SecurityContextHolder to anonymous SecurityContext
23:21:44.373 DEBUG o.s.security.web.FilterChainProxy - Secured POST /api/auth/login
23:21:44.494 DEBUG o.s.security.web.FilterChainProxy - Securing POST /api/auth/login
23:21:44.495 DEBUG o.s.s.w.a.AnonymousAuthenticationFilter - Set SecurityContextHolder to anonymous SecurityContext
23:21:44.495 DEBUG o.s.security.web.FilterChainProxy - Secured POST /api/auth/login
23:21:44.507 DEBUG o.s.s.a.d.DaoAuthenticationProvider - Authenticated user
23:21:44.594 DEBUG o.s.security.web.FilterChainProxy - Securing POST /api/auth/login
23:21:44.594 DEBUG o.s.s.w.a.AnonymousAuthenticationFilter - Set SecurityContextHolder to anonymous SecurityContext
23:21:44.594 DEBUG o.s.security.web.FilterChainProxy - Secured POST /api/auth/login
23:21:44.681 DEBUG o.s.s.a.d.DaoAuthenticationProvider - Authenticated user
23:21:44.748 DEBUG o.s.security.web.FilterChainProxy - Securing POST /api/auth/login
23:21:44.749 DEBUG o.s.s.w.a.AnonymousAuthenticationFilter - Set SecurityContextHolder to anonymous SecurityContext
23:21:44.749 DEBUG o.s.security.web.FilterChainProxy - Secured POST /api/auth/login
23:21:44.832 DEBUG o.s.security.web.FilterChainProxy - Securing POST /api/auth/login
23:21:44.832 DEBUG o.s.s.w.a.AnonymousAuthenticationFilter - Set SecurityContextHolder to anonymous SecurityContext
23:21:44.832 DEBUG o.s.security.web.FilterChainProxy - Secured POST /api/auth/login
23:21:44.836 DEBUG o.s.s.a.d.DaoAuthenticationProvider - Authenticated user
23:21:44.919 DEBUG o.s.s.a.d.DaoAuthenticationProvider - Authenticated user
23:21:44.949 DEBUG o.s.security.web.FilterChainProxy - Securing POST /api/auth/login
23:21:44.949 DEBUG o.s.s.w.a.AnonymousAuthenticationFilter - Set SecurityContextHolder to anonymous SecurityContext
23:21:44.949 DEBUG o.s.security.web.FilterChainProxy - Secured POST /api/auth/login
23:21:45.067 DEBUG o.s.s.a.d.DaoAuthenticationProvider - Authenticated user
23:21:45.156 DEBUG o.s.security.web.FilterChainProxy - Securing POST /api/auth/login
23:21:45.156 DEBUG o.s.s.w.a.AnonymousAuthenticationFilter - Set SecurityContextHolder to anonymous SecurityContext
23:21:45.156 DEBUG o.s.security.web.FilterChainProxy - Secured POST /api/auth/login
23:21:45.292 DEBUG o.s.security.web.FilterChainProxy - Securing POST /api/auth/login
23:21:45.292 DEBUG o.s.s.w.a.AnonymousAuthenticationFilter - Set SecurityContextHolder to anonymous SecurityContext
23:21:45.292 DEBUG o.s.security.web.FilterChainProxy - Secured POST /api/auth/login
23:21:45.348 DEBUG o.s.s.a.d.DaoAuthenticationProvider - Authenticated user
23:21:45.437 DEBUG o.s.security.web.FilterChainProxy - Securing POST /api/auth/login
23:21:45.438 DEBUG o.s.s.w.a.AnonymousAuthenticationFilter - Set SecurityContextHolder to anonymous SecurityContext
23:21:45.438 DEBUG o.s.security.web.FilterChainProxy - Secured POST /api/auth/login
23:21:45.491 DEBUG o.s.security.web.FilterChainProxy - Securing POST /api/auth/login
23:21:45.491 DEBUG o.s.s.w.a.AnonymousAuthenticationFilter - Set SecurityContextHolder to anonymous SecurityContext
23:21:45.492 DEBUG o.s.security.web.FilterChainProxy - Secured POST /api/auth/login
23:21:45.492 DEBUG o.s.s.a.d.DaoAuthenticationProvider - Authenticated user
23:21:45.583 DEBUG o.s.security.web.FilterChainProxy - Securing POST /api/auth/login
23:21:45.583 DEBUG o.s.s.w.a.AnonymousAuthenticationFilter - Set SecurityContextHolder to anonymous SecurityContext
23:21:45.583 DEBUG o.s.security.web.FilterChainProxy - Secured POST /api/auth/login
23:21:45.651 DEBUG o.s.s.a.d.DaoAuthenticationProvider - Authenticated user
23:21:45.705 DEBUG o.s.security.web.FilterChainProxy - Securing POST /api/auth/login
23:21:45.705 DEBUG o.s.s.w.a.AnonymousAuthenticationFilter - Set SecurityContextHolder to anonymous SecurityContext
23:21:45.706 DEBUG o.s.security.web.FilterChainProxy - Secured POST /api/auth/login
23:21:45.736 DEBUG o.s.s.a.d.DaoAuthenticationProvider - Authenticated user
23:21:45.860 DEBUG o.s.security.web.FilterChainProxy - Securing POST /api/auth/login
23:21:45.860 DEBUG o.s.s.a.d.DaoAuthenticationProvider - Authenticated user
23:21:45.860 DEBUG o.s.s.w.a.AnonymousAuthenticationFilter - Set SecurityContextHolder to anonymous SecurityContext
23:21:45.860 DEBUG o.s.security.web.FilterChainProxy - Secured POST /api/auth/login
23:21:45.909 DEBUG o.s.s.a.d.DaoAuthenticationProvider - Authenticated user
23:21:45.935 DEBUG o.s.security.web.FilterChainProxy - Securing POST /api/auth/login
23:21:45.936 DEBUG o.s.s.w.a.AnonymousAuthenticationFilter - Set SecurityContextHolder to anonymous SecurityContext
23:21:45.936 DEBUG o.s.security.web.FilterChainProxy - Secured POST /api/auth/login
23:21:45.986 DEBUG o.s.s.a.d.DaoAuthenticationProvider - Authenticated user
23:21:46.043 DEBUG o.s.security.web.FilterChainProxy - Securing POST /api/auth/login
23:21:46.043 DEBUG o.s.s.w.a.AnonymousAuthenticationFilter - Set SecurityContextHolder to anonymous SecurityContext
23:21:46.043 DEBUG o.s.security.web.FilterChainProxy - Secured POST /api/auth/login
23:21:46.069 DEBUG o.s.s.a.d.DaoAuthenticationProvider - Authenticated user
23:21:46.129 DEBUG o.s.s.a.d.DaoAuthenticationProvider - Authenticated user
23:21:46.130 DEBUG o.s.security.web.FilterChainProxy - Securing POST /api/auth/login
23:21:46.130 DEBUG o.s.s.w.a.AnonymousAuthenticationFilter - Set SecurityContextHolder to anonymous SecurityContext
23:21:46.130 DEBUG o.s.security.web.FilterChainProxy - Secured POST /api/auth/login
23:21:46.171 DEBUG o.s.s.a.d.DaoAuthenticationProvider - Authenticated user
23:21:46.262 DEBUG o.s.security.web.FilterChainProxy - Securing POST /api/auth/login
23:21:46.262 DEBUG o.s.s.w.a.AnonymousAuthenticationFilter - Set SecurityContextHolder to anonymous SecurityContext
23:21:46.262 DEBUG o.s.security.web.FilterChainProxy - Secured POST /api/auth/login
23:21:46.280 DEBUG o.s.s.a.d.DaoAuthenticationProvider - Authenticated user
23:21:46.352 DEBUG o.s.security.web.FilterChainProxy - Securing POST /api/auth/login
23:21:46.353 DEBUG o.s.s.w.a.AnonymousAuthenticationFilter - Set SecurityContextHolder to anonymous SecurityContext
23:21:46.353 DEBUG o.s.security.web.FilterChainProxy - Secured POST /api/auth/login
23:21:46.355 DEBUG o.s.s.a.d.DaoAuthenticationProvider - Authenticated user
23:21:46.473 DEBUG o.s.s.a.d.DaoAuthenticationProvider - Authenticated user
23:21:46.489 DEBUG o.s.security.web.FilterChainProxy - Securing POST /api/auth/login
23:21:46.489 DEBUG o.s.s.w.a.AnonymousAuthenticationFilter - Set SecurityContextHolder to anonymous SecurityContext
23:21:46.489 DEBUG o.s.security.web.FilterChainProxy - Secured POST /api/auth/login
23:21:46.592 DEBUG o.s.s.a.d.DaoAuthenticationProvider - Authenticated user
23:21:46.606 DEBUG o.s.security.web.FilterChainProxy - Securing POST /api/auth/login
23:21:46.606 DEBUG o.s.s.w.a.AnonymousAuthenticationFilter - Set SecurityContextHolder to anonymous SecurityContext
23:21:46.606 DEBUG o.s.security.web.FilterChainProxy - Secured POST /api/auth/login
23:21:46.729 DEBUG o.s.security.web.FilterChainProxy - Securing POST /api/auth/login
23:21:46.729 DEBUG o.s.s.w.a.AnonymousAuthenticationFilter - Set SecurityContextHolder to anonymous SecurityContext
23:21:46.729 DEBUG o.s.security.web.FilterChainProxy - Secured POST /api/auth/login
23:21:46.753 DEBUG o.s.s.a.d.DaoAuthenticationProvider - Authenticated user
23:21:46.854 DEBUG o.s.security.web.FilterChainProxy - Securing POST /api/auth/login
23:21:46.854 DEBUG o.s.s.a.d.DaoAuthenticationProvider - Authenticated user
23:21:46.854 DEBUG o.s.s.w.a.AnonymousAuthenticationFilter - Set SecurityContextHolder to anonymous SecurityContext
23:21:46.854 DEBUG o.s.security.web.FilterChainProxy - Secured POST /api/auth/login
23:21:46.946 DEBUG o.s.s.a.d.DaoAuthenticationProvider - Authenticated user
23:21:46.974 DEBUG o.s.security.web.FilterChainProxy - Securing POST /api/auth/login
23:21:46.974 DEBUG o.s.s.w.a.AnonymousAuthenticationFilter - Set SecurityContextHolder to anonymous SecurityContext
23:21:46.974 DEBUG o.s.security.web.FilterChainProxy - Secured POST /api/auth/login
23:21:47.066 DEBUG o.s.s.a.d.DaoAuthenticationProvider - Authenticated user
23:21:47.096 DEBUG o.s.security.web.FilterChainProxy - Securing POST /api/auth/login
23:21:47.096 DEBUG o.s.s.w.a.AnonymousAuthenticationFilter - Set SecurityContextHolder to anonymous SecurityContext
23:21:47.096 DEBUG o.s.security.web.FilterChainProxy - Secured POST /api/auth/login
23:21:47.195 DEBUG o.s.s.a.d.DaoAuthenticationProvider - Authenticated user
23:21:47.224 DEBUG o.s.security.web.FilterChainProxy - Securing POST /api/auth/login
23:21:47.224 DEBUG o.s.s.w.a.AnonymousAuthenticationFilter - Set SecurityContextHolder to anonymous SecurityContext
23:21:47.225 DEBUG o.s.security.web.FilterChainProxy - Secured POST /api/auth/login
23:21:47.307 DEBUG o.s.s.a.d.DaoAuthenticationProvider - Authenticated user
23:21:47.332 DEBUG o.s.security.web.FilterChainProxy - Securing POST /api/auth/login
23:21:47.332 DEBUG o.s.s.w.a.AnonymousAuthenticationFilter - Set SecurityContextHolder to anonymous SecurityContext
23:21:47.332 DEBUG o.s.security.web.FilterChainProxy - Secured POST /api/auth/login
23:21:47.423 DEBUG o.s.s.a.d.DaoAuthenticationProvider - Authenticated user
23:21:47.466 DEBUG o.s.security.web.FilterChainProxy - Securing POST /api/auth/login
23:21:47.466 DEBUG o.s.s.w.a.AnonymousAuthenticationFilter - Set SecurityContextHolder to anonymous SecurityContext
23:21:47.466 DEBUG o.s.security.web.FilterChainProxy - Secured POST /api/auth/login
23:21:47.536 DEBUG o.s.s.a.d.DaoAuthenticationProvider - Authenticated user
23:21:47.588 DEBUG o.s.security.web.FilterChainProxy - Securing POST /api/auth/login
23:21:47.588 DEBUG o.s.s.w.a.AnonymousAuthenticationFilter - Set SecurityContextHolder to anonymous SecurityContext
23:21:47.588 DEBUG o.s.security.web.FilterChainProxy - Secured POST /api/auth/login
23:21:47.688 DEBUG o.s.s.a.d.DaoAuthenticationProvider - Authenticated user
23:21:47.703 DEBUG o.s.security.web.FilterChainProxy - Securing POST /api/auth/login
23:21:47.703 DEBUG o.s.s.w.a.AnonymousAuthenticationFilter - Set SecurityContextHolder to anonymous SecurityContext
23:21:47.703 DEBUG o.s.security.web.FilterChainProxy - Secured POST /api/auth/login
23:21:47.781 DEBUG o.s.s.a.d.DaoAuthenticationProvider - Authenticated user
23:21:47.813 DEBUG o.s.security.web.FilterChainProxy - Securing POST /api/auth/login
23:21:47.813 DEBUG o.s.s.w.a.AnonymousAuthenticationFilter - Set SecurityContextHolder to anonymous SecurityContext
23:21:47.814 DEBUG o.s.security.web.FilterChainProxy - Secured POST /api/auth/login
23:21:47.887 DEBUG o.s.s.a.d.DaoAuthenticationProvider - Authenticated user
23:21:47.925 DEBUG o.s.security.web.FilterChainProxy - Securing POST /api/auth/login
23:21:47.925 DEBUG o.s.s.w.a.AnonymousAuthenticationFilter - Set SecurityContextHolder to anonymous SecurityContext
23:21:47.925 DEBUG o.s.security.web.FilterChainProxy - Secured POST /api/auth/login
23:21:48.006 DEBUG o.s.s.a.d.DaoAuthenticationProvider - Authenticated user
23:21:48.052 DEBUG o.s.security.web.FilterChainProxy - Securing POST /api/auth/login
23:21:48.052 DEBUG o.s.s.w.a.AnonymousAuthenticationFilter - Set SecurityContextHolder to anonymous SecurityContext
23:21:48.052 DEBUG o.s.security.web.FilterChainProxy - Secured POST /api/auth/login
23:21:48.118 DEBUG o.s.s.a.d.DaoAuthenticationProvider - Authenticated user
23:21:48.166 DEBUG o.s.security.web.FilterChainProxy - Securing POST /api/auth/login
23:21:48.166 DEBUG o.s.s.w.a.AnonymousAuthenticationFilter - Set SecurityContextHolder to anonymous SecurityContext
23:21:48.166 DEBUG o.s.security.web.FilterChainProxy - Secured POST /api/auth/login
23:21:48.233 DEBUG o.s.s.a.d.DaoAuthenticationProvider - Authenticated user
23:21:48.291 DEBUG o.s.security.web.FilterChainProxy - Securing POST /api/auth/login
23:21:48.291 DEBUG o.s.s.w.a.AnonymousAuthenticationFilter - Set SecurityContextHolder to anonymous SecurityContext
23:21:48.292 DEBUG o.s.security.web.FilterChainProxy - Secured POST /api/auth/login
23:21:48.349 DEBUG o.s.s.a.d.DaoAuthenticationProvider - Authenticated user
23:21:48.401 DEBUG o.s.security.web.FilterChainProxy - Securing POST /api/auth/login
23:21:48.401 DEBUG o.s.s.w.a.AnonymousAuthenticationFilter - Set SecurityContextHolder to anonymous SecurityContext
23:21:48.401 DEBUG o.s.security.web.FilterChainProxy - Secured POST /api/auth/login
23:21:48.490 DEBUG o.s.s.a.d.DaoAuthenticationProvider - Authenticated user
23:21:48.583 DEBUG o.s.security.web.FilterChainProxy - Securing POST /api/auth/login
23:21:48.584 DEBUG o.s.s.w.a.AnonymousAuthenticationFilter - Set SecurityContextHolder to anonymous SecurityContext
23:21:48.584 DEBUG o.s.security.web.FilterChainProxy - Secured POST /api/auth/login
23:21:48.652 DEBUG o.s.security.web.FilterChainProxy - Securing POST /api/auth/login
23:21:48.652 DEBUG o.s.s.w.a.AnonymousAuthenticationFilter - Set SecurityContextHolder to anonymous SecurityContext
23:21:48.653 DEBUG o.s.security.web.FilterChainProxy - Secured POST /api/auth/login
23:21:48.668 DEBUG o.s.s.a.d.DaoAuthenticationProvider - Authenticated user
23:21:48.847 DEBUG o.s.security.web.FilterChainProxy - Securing POST /api/auth/login
23:21:48.848 DEBUG o.s.s.w.a.AnonymousAuthenticationFilter - Set SecurityContextHolder to anonymous SecurityContext
23:21:48.848 DEBUG o.s.security.web.FilterChainProxy - Secured POST /api/auth/login
23:21:48.920 DEBUG o.s.s.a.d.DaoAuthenticationProvider - Authenticated user
23:21:48.935 DEBUG o.s.security.web.FilterChainProxy - Securing POST /api/auth/login
23:21:48.936 DEBUG o.s.s.w.a.AnonymousAuthenticationFilter - Set SecurityContextHolder to anonymous SecurityContext
23:21:48.936 DEBUG o.s.security.web.FilterChainProxy - Secured POST /api/auth/login
23:21:49.026 DEBUG o.s.s.a.d.DaoAuthenticationProvider - Authenticated user
23:21:49.060 DEBUG o.s.security.web.FilterChainProxy - Securing POST /api/auth/login
23:21:49.061 DEBUG o.s.s.w.a.AnonymousAuthenticationFilter - Set SecurityContextHolder to anonymous SecurityContext
23:21:49.061 DEBUG o.s.security.web.FilterChainProxy - Secured POST /api/auth/login
23:21:49.176 DEBUG o.s.security.web.FilterChainProxy - Securing POST /api/auth/login
23:21:49.176 DEBUG o.s.s.w.a.AnonymousAuthenticationFilter - Set SecurityContextHolder to anonymous SecurityContext
23:21:49.176 DEBUG o.s.security.web.FilterChainProxy - Secured POST /api/auth/login
23:21:49.249 DEBUG o.s.s.a.d.DaoAuthenticationProvider - Authenticated user
23:21:49.298 DEBUG o.s.security.web.FilterChainProxy - Securing POST /api/auth/login
23:21:49.298 DEBUG o.s.s.w.a.AnonymousAuthenticationFilter - Set SecurityContextHolder to anonymous SecurityContext
23:21:49.298 DEBUG o.s.security.web.FilterChainProxy - Secured POST /api/auth/login
23:21:49.317 DEBUG o.s.s.a.d.DaoAuthenticationProvider - Authenticated user
23:21:49.370 DEBUG o.s.s.a.d.DaoAuthenticationProvider - Authenticated user
23:21:49.377 DEBUG o.s.security.web.FilterChainProxy - Securing POST /api/auth/login
23:21:49.377 DEBUG o.s.s.w.a.AnonymousAuthenticationFilter - Set SecurityContextHolder to anonymous SecurityContext
23:21:49.378 DEBUG o.s.security.web.FilterChainProxy - Secured POST /api/auth/login
23:21:49.443 DEBUG o.s.s.a.d.DaoAuthenticationProvider - Authenticated user
23:21:49.493 DEBUG o.s.security.web.FilterChainProxy - Securing POST /api/auth/login
23:21:49.493 DEBUG o.s.s.w.a.AnonymousAuthenticationFilter - Set SecurityContextHolder to anonymous SecurityContext
23:21:49.493 DEBUG o.s.security.web.FilterChainProxy - Secured POST /api/auth/login
23:21:49.516 DEBUG o.s.s.a.d.DaoAuthenticationProvider - Authenticated user
23:21:49.577 DEBUG o.s.s.a.d.DaoAuthenticationProvider - Authenticated user
23:21:49.611 DEBUG o.s.security.web.FilterChainProxy - Securing POST /api/auth/login
23:21:49.611 DEBUG o.s.s.w.a.AnonymousAuthenticationFilter - Set SecurityContextHolder to anonymous SecurityContext
23:21:49.611 DEBUG o.s.security.web.FilterChainProxy - Secured POST /api/auth/login
23:21:49.688 DEBUG o.s.s.a.d.DaoAuthenticationProvider - Authenticated user
23:21:49.716 DEBUG o.s.security.web.FilterChainProxy - Securing POST /api/auth/login
23:21:49.716 DEBUG o.s.s.w.a.AnonymousAuthenticationFilter - Set SecurityContextHolder to anonymous SecurityContext
23:21:49.716 DEBUG o.s.security.web.FilterChainProxy - Secured POST /api/auth/login
23:21:49.787 DEBUG o.s.s.a.d.DaoAuthenticationProvider - Authenticated user
23:21:49.856 DEBUG o.s.security.web.FilterChainProxy - Securing POST /api/auth/login
23:21:49.856 DEBUG o.s.s.w.a.AnonymousAuthenticationFilter - Set SecurityContextHolder to anonymous SecurityContext
23:21:49.856 DEBUG o.s.security.web.FilterChainProxy - Secured POST /api/auth/login
23:21:49.914 DEBUG o.s.s.a.d.DaoAuthenticationProvider - Authenticated user
23:21:49.986 DEBUG o.s.security.web.FilterChainProxy - Securing POST /api/auth/login
23:21:49.986 DEBUG o.s.s.w.a.AnonymousAuthenticationFilter - Set SecurityContextHolder to anonymous SecurityContext
23:21:49.986 DEBUG o.s.security.web.FilterChainProxy - Secured POST /api/auth/login
23:21:50.088 DEBUG o.s.s.a.d.DaoAuthenticationProvider - Authenticated user
23:21:50.090 DEBUG o.s.security.web.FilterChainProxy - Securing POST /api/auth/login
23:21:50.090 DEBUG o.s.s.w.a.AnonymousAuthenticationFilter - Set SecurityContextHolder to anonymous SecurityContext
23:21:50.090 DEBUG o.s.security.web.FilterChainProxy - Secured POST /api/auth/login
23:21:50.204 DEBUG o.s.security.web.FilterChainProxy - Securing POST /api/auth/login
23:21:50.204 DEBUG o.s.s.w.a.AnonymousAuthenticationFilter - Set SecurityContextHolder to anonymous SecurityContext
23:21:50.204 DEBUG o.s.security.web.FilterChainProxy - Secured POST /api/auth/login
23:21:50.212 DEBUG o.s.s.a.d.DaoAuthenticationProvider - Authenticated user
23:21:50.321 DEBUG o.s.s.a.d.DaoAuthenticationProvider - Authenticated user
23:21:50.327 DEBUG o.s.security.web.FilterChainProxy - Securing POST /api/auth/login
23:21:50.327 DEBUG o.s.s.w.a.AnonymousAuthenticationFilter - Set SecurityContextHolder to anonymous SecurityContext
23:21:50.327 DEBUG o.s.security.web.FilterChainProxy - Secured POST /api/auth/login
23:21:50.401 DEBUG o.s.s.a.d.DaoAuthenticationProvider - Authenticated user
23:21:50.450 DEBUG o.s.security.web.FilterChainProxy - Securing POST /api/auth/login
23:21:50.450 DEBUG o.s.s.w.a.AnonymousAuthenticationFilter - Set SecurityContextHolder to anonymous SecurityContext
23:21:50.450 DEBUG o.s.security.web.FilterChainProxy - Secured POST /api/auth/login
23:21:50.539 DEBUG o.s.s.a.d.DaoAuthenticationProvider - Authenticated user
23:21:50.574 DEBUG o.s.security.web.FilterChainProxy - Securing POST /api/auth/login
23:21:50.574 DEBUG o.s.s.w.a.AnonymousAuthenticationFilter - Set SecurityContextHolder to anonymous SecurityContext
23:21:50.574 DEBUG o.s.security.web.FilterChainProxy - Secured POST /api/auth/login
23:21:50.665 DEBUG o.s.s.a.d.DaoAuthenticationProvider - Authenticated user
23:21:50.696 DEBUG o.s.security.web.FilterChainProxy - Securing POST /api/auth/login
23:21:50.696 DEBUG o.s.s.w.a.AnonymousAuthenticationFilter - Set SecurityContextHolder to anonymous SecurityContext
23:21:50.696 DEBUG o.s.security.web.FilterChainProxy - Secured POST /api/auth/login
23:21:50.778 DEBUG o.s.s.a.d.DaoAuthenticationProvider - Authenticated user
23:21:50.810 DEBUG o.s.security.web.FilterChainProxy - Securing POST /api/auth/login
23:21:50.810 DEBUG o.s.s.w.a.AnonymousAuthenticationFilter - Set SecurityContextHolder to anonymous SecurityContext
23:21:50.810 DEBUG o.s.security.web.FilterChainProxy - Secured POST /api/auth/login
23:21:50.904 DEBUG o.s.s.a.d.DaoAuthenticationProvider - Authenticated user
23:21:50.920 DEBUG o.s.security.web.FilterChainProxy - Securing POST /api/auth/login
23:21:50.920 DEBUG o.s.s.w.a.AnonymousAuthenticationFilter - Set SecurityContextHolder to anonymous SecurityContext
23:21:50.920 DEBUG o.s.security.web.FilterChainProxy - Secured POST /api/auth/login
23:21:51.037 DEBUG o.s.s.a.d.DaoAuthenticationProvider - Authenticated user
23:21:51.072 DEBUG o.s.security.web.FilterChainProxy - Securing POST /api/auth/login
23:21:51.072 DEBUG o.s.s.w.a.AnonymousAuthenticationFilter - Set SecurityContextHolder to anonymous SecurityContext
23:21:51.072 DEBUG o.s.security.web.FilterChainProxy - Secured POST /api/auth/login
23:21:51.128 DEBUG o.s.s.a.d.DaoAuthenticationProvider - Authenticated user
23:21:51.184 DEBUG o.s.security.web.FilterChainProxy - Securing POST /api/auth/login
23:21:51.184 DEBUG o.s.s.w.a.AnonymousAuthenticationFilter - Set SecurityContextHolder to anonymous SecurityContext
23:21:51.184 DEBUG o.s.security.web.FilterChainProxy - Secured POST /api/auth/login
23:21:51.284 DEBUG o.s.s.a.d.DaoAuthenticationProvider - Authenticated user
23:21:51.309 DEBUG o.s.security.web.FilterChainProxy - Securing POST /api/auth/login
23:21:51.309 DEBUG o.s.s.w.a.AnonymousAuthenticationFilter - Set SecurityContextHolder to anonymous SecurityContext
23:21:51.309 DEBUG o.s.security.web.FilterChainProxy - Secured POST /api/auth/login
23:21:51.416 DEBUG o.s.security.web.FilterChainProxy - Securing POST /api/auth/login
23:21:51.416 DEBUG o.s.s.w.a.AnonymousAuthenticationFilter - Set SecurityContextHolder to anonymous SecurityContext
23:21:51.416 DEBUG o.s.security.web.FilterChainProxy - Secured POST /api/auth/login
23:21:51.417 DEBUG o.s.s.a.d.DaoAuthenticationProvider - Authenticated user
23:21:51.525 DEBUG o.s.s.a.d.DaoAuthenticationProvider - Authenticated user
23:21:51.544 DEBUG o.s.security.web.FilterChainProxy - Securing POST /api/auth/login
23:21:51.545 DEBUG o.s.s.w.a.AnonymousAuthenticationFilter - Set SecurityContextHolder to anonymous SecurityContext
23:21:51.545 DEBUG o.s.security.web.FilterChainProxy - Secured POST /api/auth/login
23:21:51.625 DEBUG o.s.s.a.d.DaoAuthenticationProvider - Authenticated user
23:21:51.670 DEBUG o.s.security.web.FilterChainProxy - Securing POST /api/auth/login
23:21:51.670 DEBUG o.s.s.w.a.AnonymousAuthenticationFilter - Set SecurityContextHolder to anonymous SecurityContext
23:21:51.670 DEBUG o.s.security.web.FilterChainProxy - Secured POST /api/auth/login
23:21:51.779 DEBUG o.s.s.a.d.DaoAuthenticationProvider - Authenticated user
23:21:51.798 DEBUG o.s.security.web.FilterChainProxy - Securing POST /api/auth/login
23:21:51.798 DEBUG o.s.s.w.a.AnonymousAuthenticationFilter - Set SecurityContextHolder to anonymous SecurityContext
23:21:51.799 DEBUG o.s.security.web.FilterChainProxy - Secured POST /api/auth/login
23:21:51.922 DEBUG o.s.security.web.FilterChainProxy - Securing POST /api/auth/login
23:21:51.922 DEBUG o.s.s.w.a.AnonymousAuthenticationFilter - Set SecurityContextHolder to anonymous SecurityContext
23:21:51.922 DEBUG o.s.security.web.FilterChainProxy - Secured POST /api/auth/login
23:21:51.957 DEBUG o.s.s.a.d.DaoAuthenticationProvider - Authenticated user
23:21:52.012 DEBUG o.s.security.web.FilterChainProxy - Securing POST /api/auth/login
23:21:52.012 DEBUG o.s.s.w.a.AnonymousAuthenticationFilter - Set SecurityContextHolder to anonymous SecurityContext
23:21:52.012 DEBUG o.s.security.web.FilterChainProxy - Secured POST /api/auth/login
23:21:52.056 DEBUG o.s.s.a.d.DaoAuthenticationProvider - Authenticated user
23:21:52.131 DEBUG o.s.s.a.d.DaoAuthenticationProvider - Authenticated user
23:21:52.134 DEBUG o.s.security.web.FilterChainProxy - Securing POST /api/auth/login
23:21:52.134 DEBUG o.s.s.w.a.AnonymousAuthenticationFilter - Set SecurityContextHolder to anonymous SecurityContext
23:21:52.134 DEBUG o.s.security.web.FilterChainProxy - Secured POST /api/auth/login
23:21:52.234 DEBUG o.s.s.a.d.DaoAuthenticationProvider - Authenticated user
23:21:52.264 DEBUG o.s.security.web.FilterChainProxy - Securing POST /api/auth/login
23:21:52.265 DEBUG o.s.s.w.a.AnonymousAuthenticationFilter - Set SecurityContextHolder to anonymous SecurityContext
23:21:52.265 DEBUG o.s.security.web.FilterChainProxy - Secured POST /api/auth/login
23:21:52.344 DEBUG o.s.s.a.d.DaoAuthenticationProvider - Authenticated user
23:21:52.365 DEBUG o.s.security.web.FilterChainProxy - Securing POST /api/auth/login
23:21:52.365 DEBUG o.s.s.w.a.AnonymousAuthenticationFilter - Set SecurityContextHolder to anonymous SecurityContext
23:21:52.365 DEBUG o.s.security.web.FilterChainProxy - Secured POST /api/auth/login
23:21:52.488 DEBUG o.s.security.web.FilterChainProxy - Securing POST /api/auth/login
23:21:52.488 DEBUG o.s.s.w.a.AnonymousAuthenticationFilter - Set SecurityContextHolder to anonymous SecurityContext
23:21:52.488 DEBUG o.s.security.web.FilterChainProxy - Secured POST /api/auth/login
23:21:52.490 DEBUG o.s.s.a.d.DaoAuthenticationProvider - Authenticated user
23:21:52.605 DEBUG o.s.security.web.FilterChainProxy - Securing POST /api/auth/login
23:21:52.605 DEBUG o.s.s.w.a.AnonymousAuthenticationFilter - Set SecurityContextHolder to anonymous SecurityContext
23:21:52.605 DEBUG o.s.s.a.d.DaoAuthenticationProvider - Authenticated user
23:21:52.605 DEBUG o.s.security.web.FilterChainProxy - Secured POST /api/auth/login
23:21:52.721 DEBUG o.s.s.a.d.DaoAuthenticationProvider - Authenticated user
23:21:52.746 DEBUG o.s.security.web.FilterChainProxy - Securing POST /api/auth/login
23:21:52.746 DEBUG o.s.s.w.a.AnonymousAuthenticationFilter - Set SecurityContextHolder to anonymous SecurityContext
23:21:52.746 DEBUG o.s.security.web.FilterChainProxy - Secured POST /api/auth/login
23:21:52.866 DEBUG o.s.s.a.d.DaoAuthenticationProvider - Authenticated user
23:21:52.875 DEBUG o.s.security.web.FilterChainProxy - Securing POST /api/auth/login
23:21:52.876 DEBUG o.s.s.w.a.AnonymousAuthenticationFilter - Set SecurityContextHolder to anonymous SecurityContext
23:21:52.876 DEBUG o.s.security.web.FilterChainProxy - Secured POST /api/auth/login
23:21:52.987 DEBUG o.s.security.web.FilterChainProxy - Securing POST /api/auth/login
23:21:52.987 DEBUG o.s.s.w.a.AnonymousAuthenticationFilter - Set SecurityContextHolder to anonymous SecurityContext
23:21:52.987 DEBUG o.s.security.web.FilterChainProxy - Secured POST /api/auth/login
23:21:52.994 DEBUG o.s.s.a.d.DaoAuthenticationProvider - Authenticated user
23:21:53.088 DEBUG o.s.s.a.d.DaoAuthenticationProvider - Authenticated user
23:21:53.089 DEBUG o.s.security.web.FilterChainProxy - Securing POST /api/auth/login
23:21:53.089 DEBUG o.s.s.w.a.AnonymousAuthenticationFilter - Set SecurityContextHolder to anonymous SecurityContext
23:21:53.089 DEBUG o.s.security.web.FilterChainProxy - Secured POST /api/auth/login
23:21:53.188 DEBUG o.s.s.a.d.DaoAuthenticationProvider - Authenticated user
23:21:53.218 DEBUG o.s.security.web.FilterChainProxy - Securing POST /api/auth/login
23:21:53.218 DEBUG o.s.s.w.a.AnonymousAuthenticationFilter - Set SecurityContextHolder to anonymous SecurityContext
23:21:53.219 DEBUG o.s.security.web.FilterChainProxy - Secured POST /api/auth/login
23:21:53.296 DEBUG o.s.s.a.d.DaoAuthenticationProvider - Authenticated user
23:21:53.349 DEBUG o.s.security.web.FilterChainProxy - Securing POST /api/auth/login
23:21:53.349 DEBUG o.s.s.w.a.AnonymousAuthenticationFilter - Set SecurityContextHolder to anonymous SecurityContext
23:21:53.349 DEBUG o.s.security.web.FilterChainProxy - Secured POST /api/auth/login
23:21:53.436 DEBUG o.s.s.a.d.DaoAuthenticationProvider - Authenticated user
23:21:53.456 DEBUG o.s.security.web.FilterChainProxy - Securing POST /api/auth/login
23:21:53.456 DEBUG o.s.s.w.a.AnonymousAuthenticationFilter - Set SecurityContextHolder to anonymous SecurityContext
23:21:53.456 DEBUG o.s.security.web.FilterChainProxy - Secured POST /api/auth/login
23:21:53.575 DEBUG o.s.security.web.FilterChainProxy - Securing POST /api/auth/login
23:21:53.575 DEBUG o.s.s.w.a.AnonymousAuthenticationFilter - Set SecurityContextHolder to anonymous SecurityContext
23:21:53.575 DEBUG o.s.security.web.FilterChainProxy - Secured POST /api/auth/login
23:21:53.611 DEBUG o.s.s.a.d.DaoAuthenticationProvider - Authenticated user
23:21:53.717 DEBUG o.s.security.web.FilterChainProxy - Securing POST /api/auth/login
23:21:53.717 DEBUG o.s.s.w.a.AnonymousAuthenticationFilter - Set SecurityContextHolder to anonymous SecurityContext
23:21:53.717 DEBUG o.s.security.web.FilterChainProxy - Secured POST /api/auth/login
23:21:53.721 DEBUG o.s.s.a.d.DaoAuthenticationProvider - Authenticated user
23:21:53.842 DEBUG o.s.s.a.d.DaoAuthenticationProvider - Authenticated user
23:21:53.857 DEBUG o.s.security.web.FilterChainProxy - Securing POST /api/auth/login
23:21:53.857 DEBUG o.s.s.w.a.AnonymousAuthenticationFilter - Set SecurityContextHolder to anonymous SecurityContext
23:21:53.857 DEBUG o.s.security.web.FilterChainProxy - Secured POST /api/auth/login
23:21:53.983 DEBUG o.s.security.web.FilterChainProxy - Securing POST /api/auth/login
23:21:53.983 DEBUG o.s.s.w.a.AnonymousAuthenticationFilter - Set SecurityContextHolder to anonymous SecurityContext
23:21:53.983 DEBUG o.s.security.web.FilterChainProxy - Secured POST /api/auth/login
23:21:54.038 DEBUG o.s.s.a.d.DaoAuthenticationProvider - Authenticated user
23:21:54.068 DEBUG o.s.security.web.FilterChainProxy - Securing POST /api/auth/login
23:21:54.068 DEBUG o.s.s.w.a.AnonymousAuthenticationFilter - Set SecurityContextHolder to anonymous SecurityContext
23:21:54.068 DEBUG o.s.security.web.FilterChainProxy - Secured POST /api/auth/login
23:21:54.181 DEBUG o.s.s.a.d.DaoAuthenticationProvider - Authenticated user
23:21:54.191 DEBUG o.s.security.web.FilterChainProxy - Securing POST /api/auth/login
23:21:54.191 DEBUG o.s.s.w.a.AnonymousAuthenticationFilter - Set SecurityContextHolder to anonymous SecurityContext
23:21:54.191 DEBUG o.s.security.web.FilterChainProxy - Secured POST /api/auth/login
23:21:54.253 DEBUG o.s.s.a.d.DaoAuthenticationProvider - Authenticated user
23:21:54.295 DEBUG o.s.security.web.FilterChainProxy - Securing POST /api/auth/login
23:21:54.295 DEBUG o.s.s.w.a.AnonymousAuthenticationFilter - Set SecurityContextHolder to anonymous SecurityContext
23:21:54.296 DEBUG o.s.security.web.FilterChainProxy - Secured POST /api/auth/login
23:21:54.302 DEBUG o.s.s.a.d.DaoAuthenticationProvider - Authenticated user
23:21:54.368 DEBUG o.s.s.a.d.DaoAuthenticationProvider - Authenticated user
23:21:54.398 DEBUG o.s.security.web.FilterChainProxy - Securing POST /api/auth/login
23:21:54.398 DEBUG o.s.s.w.a.AnonymousAuthenticationFilter - Set SecurityContextHolder to anonymous SecurityContext
23:21:54.398 DEBUG o.s.security.web.FilterChainProxy - Secured POST /api/auth/login
23:21:54.458 DEBUG o.s.s.a.d.DaoAuthenticationProvider - Authenticated user
23:21:54.538 DEBUG o.s.security.web.FilterChainProxy - Securing POST /api/auth/login
23:21:54.538 DEBUG o.s.s.w.a.AnonymousAuthenticationFilter - Set SecurityContextHolder to anonymous SecurityContext
23:21:54.538 DEBUG o.s.security.web.FilterChainProxy - Secured POST /api/auth/login
23:21:54.602 DEBUG o.s.s.a.d.DaoAuthenticationProvider - Authenticated user
23:21:54.659 DEBUG o.s.security.web.FilterChainProxy - Securing POST /api/auth/login
23:21:54.659 DEBUG o.s.s.w.a.AnonymousAuthenticationFilter - Set SecurityContextHolder to anonymous SecurityContext
23:21:54.659 DEBUG o.s.security.web.FilterChainProxy - Secured POST /api/auth/login
23:21:54.761 DEBUG o.s.s.a.d.DaoAuthenticationProvider - Authenticated user
23:21:54.770 DEBUG o.s.security.web.FilterChainProxy - Securing POST /api/auth/login
23:21:54.770 DEBUG o.s.s.w.a.AnonymousAuthenticationFilter - Set SecurityContextHolder to anonymous SecurityContext
23:21:54.770 DEBUG o.s.security.web.FilterChainProxy - Secured POST /api/auth/login
23:21:54.890 DEBUG o.s.s.a.d.DaoAuthenticationProvider - Authenticated user
23:21:54.896 DEBUG o.s.security.web.FilterChainProxy - Securing POST /api/auth/login
23:21:54.896 DEBUG o.s.s.w.a.AnonymousAuthenticationFilter - Set SecurityContextHolder to anonymous SecurityContext
23:21:54.896 DEBUG o.s.security.web.FilterChainProxy - Secured POST /api/auth/login
23:21:54.974 DEBUG o.s.s.a.d.DaoAuthenticationProvider - Authenticated user
23:21:55.012 DEBUG o.s.security.web.FilterChainProxy - Securing POST /api/auth/login
23:21:55.012 DEBUG o.s.s.w.a.AnonymousAuthenticationFilter - Set SecurityContextHolder to anonymous SecurityContext
23:21:55.012 DEBUG o.s.security.web.FilterChainProxy - Secured POST /api/auth/login
23:21:55.131 DEBUG o.s.s.a.d.DaoAuthenticationProvider - Authenticated user
23:21:55.151 DEBUG o.s.security.web.FilterChainProxy - Securing POST /api/auth/login
23:21:55.151 DEBUG o.s.s.w.a.AnonymousAuthenticationFilter - Set SecurityContextHolder to anonymous SecurityContext
23:21:55.152 DEBUG o.s.security.web.FilterChainProxy - Secured POST /api/auth/login
23:21:55.267 DEBUG o.s.security.web.FilterChainProxy - Securing POST /api/auth/login
23:21:55.268 DEBUG o.s.s.w.a.AnonymousAuthenticationFilter - Set SecurityContextHolder to anonymous SecurityContext
23:21:55.268 DEBUG o.s.security.web.FilterChainProxy - Secured POST /api/auth/login
23:21:55.288 DEBUG o.s.s.a.d.DaoAuthenticationProvider - Authenticated user
23:21:55.375 DEBUG o.s.s.a.d.DaoAuthenticationProvider - Authenticated user
23:21:55.380 DEBUG o.s.security.web.FilterChainProxy - Securing POST /api/auth/login
23:21:55.380 DEBUG o.s.s.w.a.AnonymousAuthenticationFilter - Set SecurityContextHolder to anonymous SecurityContext
23:21:55.380 DEBUG o.s.security.web.FilterChainProxy - Secured POST /api/auth/login
23:21:55.466 DEBUG o.s.s.a.d.DaoAuthenticationProvider - Authenticated user
23:21:55.502 DEBUG o.s.security.web.FilterChainProxy - Securing POST /api/auth/login
23:21:55.502 DEBUG o.s.s.w.a.AnonymousAuthenticationFilter - Set SecurityContextHolder to anonymous SecurityContext
23:21:55.502 DEBUG o.s.security.web.FilterChainProxy - Secured POST /api/auth/login
23:21:55.594 DEBUG o.s.s.a.d.DaoAuthenticationProvider - Authenticated user
23:21:55.619 DEBUG o.s.security.web.FilterChainProxy - Securing POST /api/auth/login
23:21:55.619 DEBUG o.s.s.w.a.AnonymousAuthenticationFilter - Set SecurityContextHolder to anonymous SecurityContext
23:21:55.620 DEBUG o.s.security.web.FilterChainProxy - Secured POST /api/auth/login
23:21:55.717 DEBUG o.s.s.a.d.DaoAuthenticationProvider - Authenticated user
23:21:55.736 DEBUG o.s.security.web.FilterChainProxy - Securing POST /api/auth/login
23:21:55.736 DEBUG o.s.s.w.a.AnonymousAuthenticationFilter - Set SecurityContextHolder to anonymous SecurityContext
23:21:55.736 DEBUG o.s.security.web.FilterChainProxy - Secured POST /api/auth/login
23:21:55.810 DEBUG o.s.s.a.d.DaoAuthenticationProvider - Authenticated user
23:21:55.865 DEBUG o.s.security.web.FilterChainProxy - Securing POST /api/auth/login
23:21:55.865 DEBUG o.s.s.w.a.AnonymousAuthenticationFilter - Set SecurityContextHolder to anonymous SecurityContext
23:21:55.865 DEBUG o.s.security.web.FilterChainProxy - Secured POST /api/auth/login
23:21:56.009 DEBUG o.s.s.a.d.DaoAuthenticationProvider - Authenticated user
23:21:56.055 DEBUG o.s.security.web.FilterChainProxy - Securing POST /api/auth/login
23:21:56.055 DEBUG o.s.s.w.a.AnonymousAuthenticationFilter - Set SecurityContextHolder to anonymous SecurityContext
23:21:56.055 DEBUG o.s.security.web.FilterChainProxy - Secured POST /api/auth/login
23:21:56.126 DEBUG o.s.security.web.FilterChainProxy - Securing POST /api/auth/login
23:21:56.127 DEBUG o.s.s.w.a.AnonymousAuthenticationFilter - Set SecurityContextHolder to anonymous SecurityContext
23:21:56.127 DEBUG o.s.security.web.FilterChainProxy - Secured POST /api/auth/login
23:21:56.223 DEBUG o.s.s.a.d.DaoAuthenticationProvider - Authenticated user
23:21:56.254 DEBUG o.s.security.web.FilterChainProxy - Securing POST /api/auth/login
23:21:56.254 DEBUG o.s.s.w.a.AnonymousAuthenticationFilter - Set SecurityContextHolder to anonymous SecurityContext
23:21:56.255 DEBUG o.s.security.web.FilterChainProxy - Secured POST /api/auth/login
23:21:56.389 DEBUG o.s.security.web.FilterChainProxy - Securing POST /api/auth/login
23:21:56.389 DEBUG o.s.s.w.a.AnonymousAuthenticationFilter - Set SecurityContextHolder to anonymous SecurityContext
23:21:56.389 DEBUG o.s.security.web.FilterChainProxy - Secured POST /api/auth/login
23:21:56.393 DEBUG o.s.s.a.d.DaoAuthenticationProvider - Authenticated user
23:21:56.439 DEBUG o.s.s.a.d.DaoAuthenticationProvider - Authenticated user
23:21:56.464 DEBUG o.s.security.web.FilterChainProxy - Securing POST /api/auth/login
23:21:56.464 DEBUG o.s.s.w.a.AnonymousAuthenticationFilter - Set SecurityContextHolder to anonymous SecurityContext
23:21:56.464 DEBUG o.s.security.web.FilterChainProxy - Secured POST /api/auth/login
23:21:56.556 DEBUG o.s.s.a.d.DaoAuthenticationProvider - Authenticated user
23:21:56.581 DEBUG o.s.security.web.FilterChainProxy - Securing POST /api/auth/login
23:21:56.582 DEBUG o.s.s.w.a.AnonymousAuthenticationFilter - Set SecurityContextHolder to anonymous SecurityContext
23:21:56.582 DEBUG o.s.security.web.FilterChainProxy - Secured POST /api/auth/login
23:21:56.629 DEBUG o.s.s.a.d.DaoAuthenticationProvider - Authenticated user
23:21:56.663 DEBUG o.s.s.a.d.DaoAuthenticationProvider - Authenticated user
23:21:56.676 DEBUG o.s.security.web.FilterChainProxy - Securing POST /api/auth/login
23:21:56.676 DEBUG o.s.s.w.a.AnonymousAuthenticationFilter - Set SecurityContextHolder to anonymous SecurityContext
23:21:56.676 DEBUG o.s.security.web.FilterChainProxy - Secured POST /api/auth/login
23:21:56.774 DEBUG o.s.s.a.d.DaoAuthenticationProvider - Authenticated user
23:21:56.815 DEBUG o.s.security.web.FilterChainProxy - Securing POST /api/auth/login
23:21:56.815 DEBUG o.s.s.w.a.AnonymousAuthenticationFilter - Set SecurityContextHolder to anonymous SecurityContext
23:21:56.816 DEBUG o.s.security.web.FilterChainProxy - Secured POST /api/auth/login
23:21:56.892 DEBUG o.s.s.a.d.DaoAuthenticationProvider - Authenticated user
23:21:56.939 DEBUG o.s.security.web.FilterChainProxy - Securing POST /api/auth/login
23:21:56.939 DEBUG o.s.s.w.a.AnonymousAuthenticationFilter - Set SecurityContextHolder to anonymous SecurityContext
23:21:56.939 DEBUG o.s.security.web.FilterChainProxy - Secured POST /api/auth/login
23:21:57.040 DEBUG o.s.s.a.d.DaoAuthenticationProvider - Authenticated user
23:21:57.047 DEBUG o.s.security.web.FilterChainProxy - Securing POST /api/auth/login
23:21:57.047 DEBUG o.s.s.w.a.AnonymousAuthenticationFilter - Set SecurityContextHolder to anonymous SecurityContext
23:21:57.047 DEBUG o.s.security.web.FilterChainProxy - Secured POST /api/auth/login
23:21:57.166 DEBUG o.s.security.web.FilterChainProxy - Securing POST /api/auth/login
23:21:57.166 DEBUG o.s.s.w.a.AnonymousAuthenticationFilter - Set SecurityContextHolder to anonymous SecurityContext
23:21:57.166 DEBUG o.s.security.web.FilterChainProxy - Secured POST /api/auth/login
23:21:57.173 DEBUG o.s.s.a.d.DaoAuthenticationProvider - Authenticated user
23:21:57.268 DEBUG o.s.s.a.d.DaoAuthenticationProvider - Authenticated user
23:21:57.293 DEBUG o.s.security.web.FilterChainProxy - Securing POST /api/auth/login
23:21:57.293 DEBUG o.s.s.w.a.AnonymousAuthenticationFilter - Set SecurityContextHolder to anonymous SecurityContext
23:21:57.293 DEBUG o.s.security.web.FilterChainProxy - Secured POST /api/auth/login
23:21:57.376 DEBUG o.s.s.a.d.DaoAuthenticationProvider - Authenticated user
23:21:57.417 DEBUG o.s.security.web.FilterChainProxy - Securing POST /api/auth/login
23:21:57.417 DEBUG o.s.s.w.a.AnonymousAuthenticationFilter - Set SecurityContextHolder to anonymous SecurityContext
23:21:57.418 DEBUG o.s.security.web.FilterChainProxy - Secured POST /api/auth/login
23:21:57.520 DEBUG o.s.s.a.d.DaoAuthenticationProvider - Authenticated user
23:21:57.535 DEBUG o.s.security.web.FilterChainProxy - Securing POST /api/auth/login
23:21:57.535 DEBUG o.s.s.w.a.AnonymousAuthenticationFilter - Set SecurityContextHolder to anonymous SecurityContext
23:21:57.535 DEBUG o.s.security.web.FilterChainProxy - Secured POST /api/auth/login
23:21:57.658 DEBUG o.s.security.web.FilterChainProxy - Securing POST /api/auth/login
23:21:57.658 DEBUG o.s.s.w.a.AnonymousAuthenticationFilter - Set SecurityContextHolder to anonymous SecurityContext
23:21:57.658 DEBUG o.s.security.web.FilterChainProxy - Secured POST /api/auth/login
23:21:57.672 DEBUG o.s.s.a.d.DaoAuthenticationProvider - Authenticated user
23:21:57.764 DEBUG o.s.security.web.FilterChainProxy - Securing POST /api/auth/login
23:21:57.764 DEBUG o.s.s.w.a.AnonymousAuthenticationFilter - Set SecurityContextHolder to anonymous SecurityContext
23:21:57.764 DEBUG o.s.security.web.FilterChainProxy - Secured POST /api/auth/login
23:21:57.773 DEBUG o.s.s.a.d.DaoAuthenticationProvider - Authenticated user
23:21:57.869 DEBUG o.s.s.a.d.DaoAuthenticationProvider - Authenticated user
23:21:57.892 DEBUG o.s.security.web.FilterChainProxy - Securing POST /api/auth/login
23:21:57.892 DEBUG o.s.s.w.a.AnonymousAuthenticationFilter - Set SecurityContextHolder to anonymous SecurityContext
23:21:57.892 DEBUG o.s.security.web.FilterChainProxy - Secured POST /api/auth/login
23:21:57.955 DEBUG o.s.s.a.d.DaoAuthenticationProvider - Authenticated user
23:21:58.007 DEBUG o.s.security.web.FilterChainProxy - Securing POST /api/auth/login
23:21:58.007 DEBUG o.s.s.w.a.AnonymousAuthenticationFilter - Set SecurityContextHolder to anonymous SecurityContext
23:21:58.007 DEBUG o.s.security.web.FilterChainProxy - Secured POST /api/auth/login
23:21:58.123 DEBUG o.s.s.a.d.DaoAuthenticationProvider - Authenticated user
23:21:58.161 DEBUG o.s.security.web.FilterChainProxy - Securing POST /api/auth/login
23:21:58.161 DEBUG o.s.s.w.a.AnonymousAuthenticationFilter - Set SecurityContextHolder to anonymous SecurityContext
23:21:58.161 DEBUG o.s.security.web.FilterChainProxy - Secured POST /api/auth/login
23:21:58.240 DEBUG o.s.security.web.FilterChainProxy - Securing POST /api/auth/login
23:21:58.240 DEBUG o.s.s.w.a.AnonymousAuthenticationFilter - Set SecurityContextHolder to anonymous SecurityContext
23:21:58.240 DEBUG o.s.security.web.FilterChainProxy - Secured POST /api/auth/login
23:21:58.259 DEBUG o.s.s.a.d.DaoAuthenticationProvider - Authenticated user
23:21:58.371 DEBUG o.s.s.a.d.DaoAuthenticationProvider - Authenticated user
23:21:58.390 DEBUG o.s.security.web.FilterChainProxy - Securing POST /api/auth/login
23:21:58.390 DEBUG o.s.s.w.a.AnonymousAuthenticationFilter - Set SecurityContextHolder to anonymous SecurityContext
23:21:58.390 DEBUG o.s.security.web.FilterChainProxy - Secured POST /api/auth/login
23:21:58.458 DEBUG o.s.s.a.d.DaoAuthenticationProvider - Authenticated user
23:21:58.485 DEBUG o.s.security.web.FilterChainProxy - Securing POST /api/auth/login
23:21:58.485 DEBUG o.s.s.w.a.AnonymousAuthenticationFilter - Set SecurityContextHolder to anonymous SecurityContext
23:21:58.485 DEBUG o.s.security.web.FilterChainProxy - Secured POST /api/auth/login
23:21:58.613 DEBUG o.s.security.web.FilterChainProxy - Securing POST /api/auth/login
23:21:58.613 DEBUG o.s.s.w.a.AnonymousAuthenticationFilter - Set SecurityContextHolder to anonymous SecurityContext
23:21:58.613 DEBUG o.s.security.web.FilterChainProxy - Secured POST /api/auth/login
23:21:58.622 DEBUG o.s.s.a.d.DaoAuthenticationProvider - Authenticated user
23:21:58.745 DEBUG o.s.s.a.d.DaoAuthenticationProvider - Authenticated user
23:21:58.782 DEBUG o.s.security.web.FilterChainProxy - Securing POST /api/auth/login
23:21:58.782 DEBUG o.s.s.w.a.AnonymousAuthenticationFilter - Set SecurityContextHolder to anonymous SecurityContext
23:21:58.782 DEBUG o.s.security.web.FilterChainProxy - Secured POST /api/auth/login
23:21:58.899 DEBUG o.s.security.web.FilterChainProxy - Securing POST /api/auth/login
23:21:58.899 DEBUG o.s.s.w.a.AnonymousAuthenticationFilter - Set SecurityContextHolder to anonymous SecurityContext
23:21:58.899 DEBUG o.s.security.web.FilterChainProxy - Secured POST /api/auth/login
23:21:58.950 DEBUG o.s.s.a.d.DaoAuthenticationProvider - Authenticated user
23:21:59.038 DEBUG o.s.security.web.FilterChainProxy - Securing POST /api/auth/login
23:21:59.038 DEBUG o.s.s.w.a.AnonymousAuthenticationFilter - Set SecurityContextHolder to anonymous SecurityContext
23:21:59.039 DEBUG o.s.security.web.FilterChainProxy - Secured POST /api/auth/login
23:21:59.128 DEBUG o.s.security.web.FilterChainProxy - Securing POST /api/auth/login
23:21:59.128 DEBUG o.s.s.w.a.AnonymousAuthenticationFilter - Set SecurityContextHolder to anonymous SecurityContext
23:21:59.128 DEBUG o.s.security.web.FilterChainProxy - Secured POST /api/auth/login
23:21:59.139 DEBUG o.s.s.a.d.DaoAuthenticationProvider - Authenticated user
23:21:59.207 DEBUG o.s.s.a.d.DaoAuthenticationProvider - Authenticated user
23:21:59.220 DEBUG o.s.security.web.FilterChainProxy - Securing POST /api/auth/login
23:21:59.220 DEBUG o.s.s.w.a.AnonymousAuthenticationFilter - Set SecurityContextHolder to anonymous SecurityContext
23:21:59.220 DEBUG o.s.security.web.FilterChainProxy - Secured POST /api/auth/login
23:21:59.273 DEBUG o.s.s.a.d.DaoAuthenticationProvider - Authenticated user
23:21:59.410 DEBUG o.s.s.a.d.DaoAuthenticationProvider - Authenticated user
23:21:59.414 DEBUG o.s.security.web.FilterChainProxy - Securing POST /api/auth/login
23:21:59.414 DEBUG o.s.s.w.a.AnonymousAuthenticationFilter - Set SecurityContextHolder to anonymous SecurityContext
23:21:59.415 DEBUG o.s.security.web.FilterChainProxy - Secured POST /api/auth/login
23:21:59.495 DEBUG o.s.security.web.FilterChainProxy - Securing POST /api/auth/login
23:21:59.495 DEBUG o.s.s.w.a.AnonymousAuthenticationFilter - Set SecurityContextHolder to anonymous SecurityContext
23:21:59.495 DEBUG o.s.security.web.FilterChainProxy - Secured POST /api/auth/login
23:21:59.549 DEBUG o.s.s.a.d.DaoAuthenticationProvider - Authenticated user
23:21:59.559 DEBUG o.s.security.web.FilterChainProxy - Securing POST /api/auth/login
23:21:59.559 DEBUG o.s.s.w.a.AnonymousAuthenticationFilter - Set SecurityContextHolder to anonymous SecurityContext
23:21:59.559 DEBUG o.s.security.web.FilterChainProxy - Secured POST /api/auth/login
23:21:59.675 DEBUG o.s.s.a.d.DaoAuthenticationProvider - Authenticated user
23:21:59.700 DEBUG o.s.s.a.d.DaoAuthenticationProvider - Authenticated user
23:21:59.705 DEBUG o.s.security.web.FilterChainProxy - Securing POST /api/auth/login
23:21:59.705 DEBUG o.s.s.w.a.AnonymousAuthenticationFilter - Set SecurityContextHolder to anonymous SecurityContext
23:21:59.705 DEBUG o.s.security.web.FilterChainProxy - Secured POST /api/auth/login
23:21:59.769 DEBUG o.s.s.a.d.DaoAuthenticationProvider - Authenticated user
23:21:59.796 DEBUG o.s.security.web.FilterChainProxy - Securing POST /api/auth/login
23:21:59.796 DEBUG o.s.s.w.a.AnonymousAuthenticationFilter - Set SecurityContextHolder to anonymous SecurityContext
23:21:59.796 DEBUG o.s.security.web.FilterChainProxy - Secured POST /api/auth/login
23:21:59.882 DEBUG o.s.s.a.d.DaoAuthenticationProvider - Authenticated user
23:21:59.941 DEBUG o.s.security.web.FilterChainProxy - Securing POST /api/auth/login
23:21:59.941 DEBUG o.s.s.w.a.AnonymousAuthenticationFilter - Set SecurityContextHolder to anonymous SecurityContext
23:21:59.941 DEBUG o.s.security.web.FilterChainProxy - Secured POST /api/auth/login
23:22:00.013 DEBUG o.s.s.a.d.DaoAuthenticationProvider - Authenticated user
23:22:00.065 DEBUG o.s.security.web.FilterChainProxy - Securing POST /api/auth/login
23:22:00.065 DEBUG o.s.s.w.a.AnonymousAuthenticationFilter - Set SecurityContextHolder to anonymous SecurityContext
23:22:00.065 DEBUG o.s.security.web.FilterChainProxy - Secured POST /api/auth/login
23:22:00.191 DEBUG o.s.security.web.FilterChainProxy - Securing POST /api/auth/login
23:22:00.191 DEBUG o.s.s.w.a.AnonymousAuthenticationFilter - Set SecurityContextHolder to anonymous SecurityContext
23:22:00.191 DEBUG o.s.security.web.FilterChainProxy - Secured POST /api/auth/login
23:22:00.196 DEBUG o.s.s.a.d.DaoAuthenticationProvider - Authenticated user
23:22:00.279 DEBUG o.s.security.web.FilterChainProxy - Securing POST /api/auth/login
23:22:00.279 DEBUG o.s.s.w.a.AnonymousAuthenticationFilter - Set SecurityContextHolder to anonymous SecurityContext
23:22:00.280 DEBUG o.s.security.web.FilterChainProxy - Secured POST /api/auth/login
23:22:00.282 DEBUG o.s.s.a.d.DaoAuthenticationProvider - Authenticated user
23:22:00.401 DEBUG o.s.s.a.d.DaoAuthenticationProvider - Authenticated user
23:22:00.403 DEBUG o.s.security.web.FilterChainProxy - Securing POST /api/auth/login
23:22:00.403 DEBUG o.s.s.w.a.AnonymousAuthenticationFilter - Set SecurityContextHolder to anonymous SecurityContext
23:22:00.403 DEBUG o.s.security.web.FilterChainProxy - Secured POST /api/auth/login
23:22:00.504 DEBUG o.s.s.a.d.DaoAuthenticationProvider - Authenticated user
23:22:00.533 DEBUG o.s.security.web.FilterChainProxy - Securing POST /api/auth/login
23:22:00.533 DEBUG o.s.s.w.a.AnonymousAuthenticationFilter - Set SecurityContextHolder to anonymous SecurityContext
23:22:00.533 DEBUG o.s.security.web.FilterChainProxy - Secured POST /api/auth/login
23:22:00.634 DEBUG o.s.s.a.d.DaoAuthenticationProvider - Authenticated user
23:22:00.669 DEBUG o.s.security.web.FilterChainProxy - Securing POST /api/auth/login
23:22:00.669 DEBUG o.s.s.w.a.AnonymousAuthenticationFilter - Set SecurityContextHolder to anonymous SecurityContext
23:22:00.669 DEBUG o.s.security.web.FilterChainProxy - Secured POST /api/auth/login
23:22:00.753 DEBUG o.s.s.a.d.DaoAuthenticationProvider - Authenticated user
23:22:00.780 DEBUG o.s.security.web.FilterChainProxy - Securing POST /api/auth/login
23:22:00.780 DEBUG o.s.s.w.a.AnonymousAuthenticationFilter - Set SecurityContextHolder to anonymous SecurityContext
23:22:00.780 DEBUG o.s.security.web.FilterChainProxy - Secured POST /api/auth/login
23:22:00.878 DEBUG o.s.s.a.d.DaoAuthenticationProvider - Authenticated user
23:22:00.891 DEBUG o.s.security.web.FilterChainProxy - Securing POST /api/auth/login
23:22:00.891 DEBUG o.s.s.w.a.AnonymousAuthenticationFilter - Set SecurityContextHolder to anonymous SecurityContext
23:22:00.891 DEBUG o.s.security.web.FilterChainProxy - Secured POST /api/auth/login
23:22:01.000 DEBUG o.s.s.a.d.DaoAuthenticationProvider - Authenticated user
23:22:01.037 DEBUG o.s.security.web.FilterChainProxy - Securing POST /api/auth/login
23:22:01.037 DEBUG o.s.s.w.a.AnonymousAuthenticationFilter - Set SecurityContextHolder to anonymous SecurityContext
23:22:01.037 DEBUG o.s.security.web.FilterChainProxy - Secured POST /api/auth/login
23:22:01.127 DEBUG o.s.s.a.d.DaoAuthenticationProvider - Authenticated user
23:22:01.127 DEBUG o.s.security.web.FilterChainProxy - Securing POST /api/auth/login
23:22:01.127 DEBUG o.s.s.w.a.AnonymousAuthenticationFilter - Set SecurityContextHolder to anonymous SecurityContext
23:22:01.127 DEBUG o.s.security.web.FilterChainProxy - Secured POST /api/auth/login
23:22:01.262 DEBUG o.s.security.web.FilterChainProxy - Securing POST /api/auth/login
23:22:01.264 DEBUG o.s.s.w.a.AnonymousAuthenticationFilter - Set SecurityContextHolder to anonymous SecurityContext
23:22:01.264 DEBUG o.s.security.web.FilterChainProxy - Secured POST /api/auth/login
23:22:01.267 DEBUG o.s.s.a.d.DaoAuthenticationProvider - Authenticated user
23:22:01.370 DEBUG o.s.s.a.d.DaoAuthenticationProvider - Authenticated user
23:22:01.387 DEBUG o.s.security.web.FilterChainProxy - Securing POST /api/auth/login
23:22:01.387 DEBUG o.s.s.w.a.AnonymousAuthenticationFilter - Set SecurityContextHolder to anonymous SecurityContext
23:22:01.387 DEBUG o.s.security.web.FilterChainProxy - Secured POST /api/auth/login
23:22:01.497 DEBUG o.s.s.a.d.DaoAuthenticationProvider - Authenticated user
23:22:01.499 DEBUG o.s.security.web.FilterChainProxy - Securing POST /api/auth/login
23:22:01.499 DEBUG o.s.s.w.a.AnonymousAuthenticationFilter - Set SecurityContextHolder to anonymous SecurityContext
23:22:01.499 DEBUG o.s.security.web.FilterChainProxy - Secured POST /api/auth/login
23:22:01.594 DEBUG o.s.s.a.d.DaoAuthenticationProvider - Authenticated user
23:22:01.605 DEBUG o.s.security.web.FilterChainProxy - Securing POST /api/auth/login
23:22:01.605 DEBUG o.s.s.w.a.AnonymousAuthenticationFilter - Set SecurityContextHolder to anonymous SecurityContext
23:22:01.605 DEBUG o.s.security.web.FilterChainProxy - Secured POST /api/auth/login
23:22:01.698 DEBUG o.s.s.a.d.DaoAuthenticationProvider - Authenticated user
23:22:01.734 DEBUG o.s.security.web.FilterChainProxy - Securing POST /api/auth/login
23:22:01.734 DEBUG o.s.s.w.a.AnonymousAuthenticationFilter - Set SecurityContextHolder to anonymous SecurityContext
23:22:01.735 DEBUG o.s.security.web.FilterChainProxy - Secured POST /api/auth/login
23:22:01.790 DEBUG o.s.s.a.d.DaoAuthenticationProvider - Authenticated user
23:22:01.851 DEBUG o.s.security.web.FilterChainProxy - Securing POST /api/auth/login
23:22:01.851 DEBUG o.s.s.w.a.AnonymousAuthenticationFilter - Set SecurityContextHolder to anonymous SecurityContext
23:22:01.851 DEBUG o.s.security.web.FilterChainProxy - Secured POST /api/auth/login
23:22:01.923 DEBUG o.s.s.a.d.DaoAuthenticationProvider - Authenticated user
23:22:01.958 DEBUG o.s.security.web.FilterChainProxy - Securing POST /api/auth/login
23:22:01.958 DEBUG o.s.s.w.a.AnonymousAuthenticationFilter - Set SecurityContextHolder to anonymous SecurityContext
23:22:01.958 DEBUG o.s.security.web.FilterChainProxy - Secured POST /api/auth/login
23:22:02.067 DEBUG o.s.s.a.d.DaoAuthenticationProvider - Authenticated user
23:22:02.088 DEBUG o.s.security.web.FilterChainProxy - Securing POST /api/auth/login
23:22:02.088 DEBUG o.s.s.w.a.AnonymousAuthenticationFilter - Set SecurityContextHolder to anonymous SecurityContext
23:22:02.088 DEBUG o.s.security.web.FilterChainProxy - Secured POST /api/auth/login
23:22:02.178 DEBUG o.s.s.a.d.DaoAuthenticationProvider - Authenticated user
23:22:02.215 DEBUG o.s.security.web.FilterChainProxy - Securing POST /api/auth/login
23:22:02.215 DEBUG o.s.s.w.a.AnonymousAuthenticationFilter - Set SecurityContextHolder to anonymous SecurityContext
23:22:02.215 DEBUG o.s.security.web.FilterChainProxy - Secured POST /api/auth/login
23:22:02.301 DEBUG o.s.s.a.d.DaoAuthenticationProvider - Authenticated user
23:22:02.341 DEBUG o.s.security.web.FilterChainProxy - Securing POST /api/auth/login
23:22:02.341 DEBUG o.s.s.w.a.AnonymousAuthenticationFilter - Set SecurityContextHolder to anonymous SecurityContext
23:22:02.341 DEBUG o.s.security.web.FilterChainProxy - Secured POST /api/auth/login
23:22:02.430 DEBUG o.s.s.a.d.DaoAuthenticationProvider - Authenticated user
23:22:02.450 DEBUG o.s.security.web.FilterChainProxy - Securing POST /api/auth/login
23:22:02.450 DEBUG o.s.s.w.a.AnonymousAuthenticationFilter - Set SecurityContextHolder to anonymous SecurityContext
23:22:02.451 DEBUG o.s.security.web.FilterChainProxy - Secured POST /api/auth/login
23:22:02.570 DEBUG o.s.s.a.d.DaoAuthenticationProvider - Authenticated user
23:22:02.593 DEBUG o.s.security.web.FilterChainProxy - Securing POST /api/auth/login
23:22:02.593 DEBUG o.s.s.w.a.AnonymousAuthenticationFilter - Set SecurityContextHolder to anonymous SecurityContext
23:22:02.593 DEBUG o.s.security.web.FilterChainProxy - Secured POST /api/auth/login
23:22:02.686 DEBUG o.s.security.web.FilterChainProxy - Securing POST /api/auth/login
23:22:02.686 DEBUG o.s.s.w.a.AnonymousAuthenticationFilter - Set SecurityContextHolder to anonymous SecurityContext
23:22:02.686 DEBUG o.s.security.web.FilterChainProxy - Secured POST /api/auth/login
23:22:02.686 DEBUG o.s.s.a.d.DaoAuthenticationProvider - Authenticated user
23:22:02.829 DEBUG o.s.s.a.d.DaoAuthenticationProvider - Authenticated user
23:22:02.842 DEBUG o.s.security.web.FilterChainProxy - Securing POST /api/auth/login
23:22:02.842 DEBUG o.s.s.w.a.AnonymousAuthenticationFilter - Set SecurityContextHolder to anonymous SecurityContext
23:22:02.843 DEBUG o.s.security.web.FilterChainProxy - Secured POST /api/auth/login
23:22:02.936 DEBUG o.s.s.a.d.DaoAuthenticationProvider - Authenticated user
23:22:02.940 DEBUG o.s.security.web.FilterChainProxy - Securing POST /api/auth/login
23:22:02.941 DEBUG o.s.s.w.a.AnonymousAuthenticationFilter - Set SecurityContextHolder to anonymous SecurityContext
23:22:02.941 DEBUG o.s.security.web.FilterChainProxy - Secured POST /api/auth/login
23:22:03.059 DEBUG o.s.s.a.d.DaoAuthenticationProvider - Authenticated user
23:22:03.088 DEBUG o.s.security.web.FilterChainProxy - Securing POST /api/auth/login
23:22:03.088 DEBUG o.s.s.w.a.AnonymousAuthenticationFilter - Set SecurityContextHolder to anonymous SecurityContext
23:22:03.089 DEBUG o.s.security.web.FilterChainProxy - Secured POST /api/auth/login
23:22:03.179 DEBUG o.s.security.web.FilterChainProxy - Securing POST /api/auth/login
23:22:03.179 DEBUG o.s.s.w.a.AnonymousAuthenticationFilter - Set SecurityContextHolder to anonymous SecurityContext
23:22:03.179 DEBUG o.s.security.web.FilterChainProxy - Secured POST /api/auth/login
23:22:03.185 DEBUG o.s.s.a.d.DaoAuthenticationProvider - Authenticated user
23:22:03.284 DEBUG o.s.security.web.FilterChainProxy - Securing POST /api/auth/login
23:22:03.284 DEBUG o.s.s.w.a.AnonymousAuthenticationFilter - Set SecurityContextHolder to anonymous SecurityContext
23:22:03.284 DEBUG o.s.security.web.FilterChainProxy - Secured POST /api/auth/login
23:22:03.288 DEBUG o.s.s.a.d.DaoAuthenticationProvider - Authenticated user
23:22:03.354 DEBUG o.s.s.a.d.DaoAuthenticationProvider - Authenticated user
23:22:03.412 DEBUG o.s.security.web.FilterChainProxy - Securing POST /api/auth/login
23:22:03.412 DEBUG o.s.s.w.a.AnonymousAuthenticationFilter - Set SecurityContextHolder to anonymous SecurityContext
23:22:03.412 DEBUG o.s.security.web.FilterChainProxy - Secured POST /api/auth/login
23:22:03.465 DEBUG o.s.s.a.d.DaoAuthenticationProvider - Authenticated user
23:22:03.584 DEBUG o.s.security.web.FilterChainProxy - Securing POST /api/auth/login
23:22:03.584 DEBUG o.s.s.w.a.AnonymousAuthenticationFilter - Set SecurityContextHolder to anonymous SecurityContext
23:22:03.584 DEBUG o.s.security.web.FilterChainProxy - Secured POST /api/auth/login
23:22:03.682 DEBUG o.s.security.web.FilterChainProxy - Securing POST /api/auth/login
23:22:03.682 DEBUG o.s.s.w.a.AnonymousAuthenticationFilter - Set SecurityContextHolder to anonymous SecurityContext
23:22:03.682 DEBUG o.s.security.web.FilterChainProxy - Secured POST /api/auth/login
23:22:03.703 DEBUG o.s.s.a.d.DaoAuthenticationProvider - Authenticated user
23:22:03.858 DEBUG o.s.security.web.FilterChainProxy - Securing POST /api/auth/login
23:22:03.858 DEBUG o.s.s.w.a.AnonymousAuthenticationFilter - Set SecurityContextHolder to anonymous SecurityContext
23:22:03.859 DEBUG o.s.security.web.FilterChainProxy - Secured POST /api/auth/login
23:22:03.982 DEBUG o.s.security.web.FilterChainProxy - Securing POST /api/auth/login
23:22:03.983 DEBUG o.s.s.w.a.AnonymousAuthenticationFilter - Set SecurityContextHolder to anonymous SecurityContext
23:22:03.983 DEBUG o.s.security.web.FilterChainProxy - Secured POST /api/auth/login
23:22:04.000 DEBUG o.s.s.a.d.DaoAuthenticationProvider - Authenticated user
23:22:04.064 DEBUG o.s.security.web.FilterChainProxy - Securing POST /api/auth/login
23:22:04.064 DEBUG o.s.s.w.a.AnonymousAuthenticationFilter - Set SecurityContextHolder to anonymous SecurityContext
23:22:04.064 DEBUG o.s.security.web.FilterChainProxy - Secured POST /api/auth/login
23:22:04.166 DEBUG o.s.s.a.d.DaoAuthenticationProvider - Authenticated user
23:22:04.230 DEBUG o.s.security.web.FilterChainProxy - Securing POST /api/auth/login
23:22:04.231 DEBUG o.s.s.w.a.AnonymousAuthenticationFilter - Set SecurityContextHolder to anonymous SecurityContext
23:22:04.231 DEBUG o.s.security.web.FilterChainProxy - Secured POST /api/auth/login
23:22:04.409 DEBUG o.s.security.web.FilterChainProxy - Securing POST /api/auth/login
23:22:04.410 DEBUG o.s.s.w.a.AnonymousAuthenticationFilter - Set SecurityContextHolder to anonymous SecurityContext
23:22:04.410 DEBUG o.s.security.web.FilterChainProxy - Secured POST /api/auth/login
23:22:04.433 DEBUG o.s.s.a.d.DaoAuthenticationProvider - Authenticated user
23:22:04.480 DEBUG o.s.security.web.FilterChainProxy - Securing POST /api/auth/login
23:22:04.480 DEBUG o.s.s.w.a.AnonymousAuthenticationFilter - Set SecurityContextHolder to anonymous SecurityContext
23:22:04.480 DEBUG o.s.security.web.FilterChainProxy - Secured POST /api/auth/login
23:22:04.515 DEBUG o.s.s.a.d.DaoAuthenticationProvider - Authenticated user
23:22:04.521 DEBUG o.s.security.web.FilterChainProxy - Securing POST /api/auth/login
23:22:04.522 DEBUG o.s.s.w.a.AnonymousAuthenticationFilter - Set SecurityContextHolder to anonymous SecurityContext
23:22:04.522 DEBUG o.s.security.web.FilterChainProxy - Secured POST /api/auth/login
23:22:04.571 DEBUG o.s.s.a.d.DaoAuthenticationProvider - Authenticated user
23:22:04.652 DEBUG o.s.security.web.FilterChainProxy - Securing POST /api/auth/login
23:22:04.652 DEBUG o.s.s.w.a.AnonymousAuthenticationFilter - Set SecurityContextHolder to anonymous SecurityContext
23:22:04.652 DEBUG o.s.security.web.FilterChainProxy - Secured POST /api/auth/login
23:22:04.655 DEBUG o.s.s.a.d.DaoAuthenticationProvider - Authenticated user
23:22:04.726 DEBUG o.s.s.a.d.DaoAuthenticationProvider - Authenticated user
23:22:04.751 DEBUG o.s.security.web.FilterChainProxy - Securing POST /api/auth/login
23:22:04.751 DEBUG o.s.s.w.a.AnonymousAuthenticationFilter - Set SecurityContextHolder to anonymous SecurityContext
23:22:04.751 DEBUG o.s.security.web.FilterChainProxy - Secured POST /api/auth/login
23:22:04.782 DEBUG o.s.s.a.d.DaoAuthenticationProvider - Authenticated user
23:22:04.822 DEBUG o.s.s.a.d.DaoAuthenticationProvider - Authenticated user
23:22:04.869 DEBUG o.s.security.web.FilterChainProxy - Securing POST /api/auth/login
23:22:04.870 DEBUG o.s.s.w.a.AnonymousAuthenticationFilter - Set SecurityContextHolder to anonymous SecurityContext
23:22:04.870 DEBUG o.s.security.web.FilterChainProxy - Secured POST /api/auth/login
23:22:04.918 DEBUG o.s.s.a.d.DaoAuthenticationProvider - Authenticated user
23:22:04.962 DEBUG o.s.security.web.FilterChainProxy - Securing POST /api/auth/login
23:22:04.962 DEBUG o.s.s.w.a.AnonymousAuthenticationFilter - Set SecurityContextHolder to anonymous SecurityContext
23:22:04.962 DEBUG o.s.security.web.FilterChainProxy - Secured POST /api/auth/login
23:22:05.017 DEBUG o.s.s.a.d.DaoAuthenticationProvider - Authenticated user
23:22:05.075 DEBUG o.s.security.web.FilterChainProxy - Securing POST /api/auth/login
23:22:05.075 DEBUG o.s.s.w.a.AnonymousAuthenticationFilter - Set SecurityContextHolder to anonymous SecurityContext
23:22:05.075 DEBUG o.s.security.web.FilterChainProxy - Secured POST /api/auth/login
23:22:05.123 DEBUG o.s.s.a.d.DaoAuthenticationProvider - Authenticated user
23:22:05.175 DEBUG o.s.s.a.d.DaoAuthenticationProvider - Authenticated user
23:22:05.242 DEBUG o.s.security.web.FilterChainProxy - Securing POST /api/auth/login
23:22:05.242 DEBUG o.s.s.w.a.AnonymousAuthenticationFilter - Set SecurityContextHolder to anonymous SecurityContext
23:22:05.242 DEBUG o.s.security.web.FilterChainProxy - Secured POST /api/auth/login
23:22:05.304 DEBUG o.s.s.a.d.DaoAuthenticationProvider - Authenticated user
23:22:05.339 DEBUG o.s.security.web.FilterChainProxy - Securing POST /api/auth/login
23:22:05.339 DEBUG o.s.s.w.a.AnonymousAuthenticationFilter - Set SecurityContextHolder to anonymous SecurityContext
23:22:05.339 DEBUG o.s.security.web.FilterChainProxy - Secured POST /api/auth/login
23:22:05.451 DEBUG o.s.security.web.FilterChainProxy - Securing POST /api/auth/login
23:22:05.451 DEBUG o.s.s.w.a.AnonymousAuthenticationFilter - Set SecurityContextHolder to anonymous SecurityContext
23:22:05.452 DEBUG o.s.security.web.FilterChainProxy - Secured POST /api/auth/login
23:22:05.479 DEBUG o.s.s.a.d.DaoAuthenticationProvider - Authenticated user
23:22:05.560 DEBUG o.s.security.web.FilterChainProxy - Securing POST /api/auth/login
23:22:05.560 DEBUG o.s.s.w.a.AnonymousAuthenticationFilter - Set SecurityContextHolder to anonymous SecurityContext
23:22:05.560 DEBUG o.s.security.web.FilterChainProxy - Secured POST /api/auth/login
23:22:05.587 DEBUG o.s.s.a.d.DaoAuthenticationProvider - Authenticated user
23:22:05.686 DEBUG o.s.s.a.d.DaoAuthenticationProvider - Authenticated user
23:22:05.691 DEBUG o.s.security.web.FilterChainProxy - Securing POST /api/auth/login
23:22:05.692 DEBUG o.s.s.w.a.AnonymousAuthenticationFilter - Set SecurityContextHolder to anonymous SecurityContext
23:22:05.692 DEBUG o.s.security.web.FilterChainProxy - Secured POST /api/auth/login
23:22:05.782 DEBUG o.s.s.a.d.DaoAuthenticationProvider - Authenticated user
23:22:05.810 DEBUG o.s.security.web.FilterChainProxy - Securing POST /api/auth/login
23:22:05.810 DEBUG o.s.s.w.a.AnonymousAuthenticationFilter - Set SecurityContextHolder to anonymous SecurityContext
23:22:05.811 DEBUG o.s.security.web.FilterChainProxy - Secured POST /api/auth/login
23:22:05.901 DEBUG o.s.s.a.d.DaoAuthenticationProvider - Authenticated user
23:22:05.930 DEBUG o.s.security.web.FilterChainProxy - Securing POST /api/auth/login
23:22:05.930 DEBUG o.s.s.w.a.AnonymousAuthenticationFilter - Set SecurityContextHolder to anonymous SecurityContext
23:22:05.930 DEBUG o.s.security.web.FilterChainProxy - Secured POST /api/auth/login
23:22:06.004 DEBUG o.s.s.a.d.DaoAuthenticationProvider - Authenticated user
23:22:06.055 DEBUG o.s.security.web.FilterChainProxy - Securing POST /api/auth/login
23:22:06.055 DEBUG o.s.s.w.a.AnonymousAuthenticationFilter - Set SecurityContextHolder to anonymous SecurityContext
23:22:06.055 DEBUG o.s.security.web.FilterChainProxy - Secured POST /api/auth/login
23:22:06.117 DEBUG o.s.s.a.d.DaoAuthenticationProvider - Authenticated user
23:22:06.173 DEBUG o.s.security.web.FilterChainProxy - Securing POST /api/auth/login
23:22:06.173 DEBUG o.s.s.w.a.AnonymousAuthenticationFilter - Set SecurityContextHolder to anonymous SecurityContext
23:22:06.173 DEBUG o.s.security.web.FilterChainProxy - Secured POST /api/auth/login
23:22:06.236 DEBUG o.s.s.a.d.DaoAuthenticationProvider - Authenticated user
23:22:06.278 DEBUG o.s.security.web.FilterChainProxy - Securing POST /api/auth/login
23:22:06.278 DEBUG o.s.s.w.a.AnonymousAuthenticationFilter - Set SecurityContextHolder to anonymous SecurityContext
23:22:06.278 DEBUG o.s.security.web.FilterChainProxy - Secured POST /api/auth/login
23:22:06.370 DEBUG o.s.s.a.d.DaoAuthenticationProvider - Authenticated user
23:22:06.440 DEBUG o.s.security.web.FilterChainProxy - Securing POST /api/auth/login
23:22:06.440 DEBUG o.s.s.w.a.AnonymousAuthenticationFilter - Set SecurityContextHolder to anonymous SecurityContext
23:22:06.440 DEBUG o.s.security.web.FilterChainProxy - Secured POST /api/auth/login
23:22:06.547 DEBUG o.s.s.a.d.DaoAuthenticationProvider - Authenticated user
23:22:06.567 DEBUG o.s.security.web.FilterChainProxy - Securing POST /api/auth/login
23:22:06.567 DEBUG o.s.s.w.a.AnonymousAuthenticationFilter - Set SecurityContextHolder to anonymous SecurityContext
23:22:06.567 DEBUG o.s.security.web.FilterChainProxy - Secured POST /api/auth/login
23:22:06.655 DEBUG o.s.security.web.FilterChainProxy - Securing POST /api/auth/login
23:22:06.655 DEBUG o.s.s.w.a.AnonymousAuthenticationFilter - Set SecurityContextHolder to anonymous SecurityContext
23:22:06.655 DEBUG o.s.security.web.FilterChainProxy - Secured POST /api/auth/login
23:22:06.708 DEBUG o.s.s.a.d.DaoAuthenticationProvider - Authenticated user
23:22:06.794 DEBUG o.s.security.web.FilterChainProxy - Securing POST /api/auth/login
23:22:06.794 DEBUG o.s.s.w.a.AnonymousAuthenticationFilter - Set SecurityContextHolder to anonymous SecurityContext
23:22:06.794 DEBUG o.s.security.web.FilterChainProxy - Secured POST /api/auth/login
23:22:06.809 DEBUG o.s.s.a.d.DaoAuthenticationProvider - Authenticated user
23:22:06.890 DEBUG o.s.s.a.d.DaoAuthenticationProvider - Authenticated user
23:22:06.916 DEBUG o.s.security.web.FilterChainProxy - Securing POST /api/auth/login
23:22:06.916 DEBUG o.s.s.w.a.AnonymousAuthenticationFilter - Set SecurityContextHolder to anonymous SecurityContext
23:22:06.916 DEBUG o.s.security.web.FilterChainProxy - Secured POST /api/auth/login
23:22:06.975 DEBUG o.s.s.a.d.DaoAuthenticationProvider - Authenticated user
23:22:07.005 DEBUG o.s.security.web.FilterChainProxy - Securing POST /api/auth/login
23:22:07.005 DEBUG o.s.s.w.a.AnonymousAuthenticationFilter - Set SecurityContextHolder to anonymous SecurityContext
23:22:07.005 DEBUG o.s.security.web.FilterChainProxy - Secured POST /api/auth/login
23:22:07.106 DEBUG o.s.s.a.d.DaoAuthenticationProvider - Authenticated user
23:22:07.199 DEBUG o.s.security.web.FilterChainProxy - Securing POST /api/auth/login
23:22:07.200 DEBUG o.s.s.w.a.AnonymousAuthenticationFilter - Set SecurityContextHolder to anonymous SecurityContext
23:22:07.200 DEBUG o.s.security.web.FilterChainProxy - Secured POST /api/auth/login
23:22:07.360 DEBUG o.s.security.web.FilterChainProxy - Securing POST /api/auth/login
23:22:07.360 DEBUG o.s.s.w.a.AnonymousAuthenticationFilter - Set SecurityContextHolder to anonymous SecurityContext
23:22:07.361 DEBUG o.s.security.web.FilterChainProxy - Secured POST /api/auth/login
23:22:07.548 DEBUG o.s.security.web.FilterChainProxy - Securing POST /api/auth/login
23:22:07.548 DEBUG o.s.s.w.a.AnonymousAuthenticationFilter - Set SecurityContextHolder to anonymous SecurityContext
23:22:07.549 DEBUG o.s.security.web.FilterChainProxy - Secured POST /api/auth/login
23:22:07.612 DEBUG o.s.security.web.FilterChainProxy - Securing POST /api/auth/login
23:22:07.612 DEBUG o.s.s.w.a.AnonymousAuthenticationFilter - Set SecurityContextHolder to anonymous SecurityContext
23:22:07.612 DEBUG o.s.security.web.FilterChainProxy - Secured POST /api/auth/login
23:22:07.624 DEBUG o.s.s.a.d.DaoAuthenticationProvider - Authenticated user
23:22:07.645 DEBUG o.s.security.web.FilterChainProxy - Securing POST /api/auth/login
23:22:07.645 DEBUG o.s.s.w.a.AnonymousAuthenticationFilter - Set SecurityContextHolder to anonymous SecurityContext
23:22:07.646 DEBUG o.s.security.web.FilterChainProxy - Secured POST /api/auth/login
23:22:07.758 DEBUG o.s.s.a.d.DaoAuthenticationProvider - Authenticated user
23:22:07.762 DEBUG o.s.security.web.FilterChainProxy - Securing POST /api/auth/login
23:22:07.762 DEBUG o.s.s.w.a.AnonymousAuthenticationFilter - Set SecurityContextHolder to anonymous SecurityContext
23:22:07.763 DEBUG o.s.security.web.FilterChainProxy - Secured POST /api/auth/login
23:22:07.832 DEBUG o.s.s.a.d.DaoAuthenticationProvider - Authenticated user
23:22:07.901 DEBUG o.s.security.web.FilterChainProxy - Securing POST /api/auth/login
23:22:07.901 DEBUG o.s.s.w.a.AnonymousAuthenticationFilter - Set SecurityContextHolder to anonymous SecurityContext
23:22:07.902 DEBUG o.s.security.web.FilterChainProxy - Secured POST /api/auth/login
23:22:07.909 DEBUG o.s.s.a.d.DaoAuthenticationProvider - Authenticated user
23:22:07.949 DEBUG o.s.s.a.d.DaoAuthenticationProvider - Authenticated user
23:22:08.002 DEBUG o.s.s.a.d.DaoAuthenticationProvider - Authenticated user
23:22:08.003 DEBUG o.s.security.web.FilterChainProxy - Securing POST /api/auth/login
23:22:08.003 DEBUG o.s.s.w.a.AnonymousAuthenticationFilter - Set SecurityContextHolder to anonymous SecurityContext
23:22:08.003 DEBUG o.s.security.web.FilterChainProxy - Secured POST /api/auth/login
23:22:08.061 DEBUG o.s.s.a.d.DaoAuthenticationProvider - Authenticated user
23:22:08.112 DEBUG o.s.security.web.FilterChainProxy - Securing POST /api/auth/login
23:22:08.112 DEBUG o.s.s.w.a.AnonymousAuthenticationFilter - Set SecurityContextHolder to anonymous SecurityContext
23:22:08.112 DEBUG o.s.security.web.FilterChainProxy - Secured POST /api/auth/login
23:22:08.126 DEBUG o.s.s.a.d.DaoAuthenticationProvider - Authenticated user
23:22:08.188 DEBUG o.s.s.a.d.DaoAuthenticationProvider - Authenticated user
23:22:08.198 DEBUG o.s.security.web.FilterChainProxy - Securing POST /api/auth/login
23:22:08.198 DEBUG o.s.s.w.a.AnonymousAuthenticationFilter - Set SecurityContextHolder to anonymous SecurityContext
23:22:08.198 DEBUG o.s.security.web.FilterChainProxy - Secured POST /api/auth/login
23:22:08.282 DEBUG o.s.s.a.d.DaoAuthenticationProvider - Authenticated user
23:22:08.321 DEBUG o.s.security.web.FilterChainProxy - Securing POST /api/auth/login
23:22:08.321 DEBUG o.s.s.w.a.AnonymousAuthenticationFilter - Set SecurityContextHolder to anonymous SecurityContext
23:22:08.321 DEBUG o.s.security.web.FilterChainProxy - Secured POST /api/auth/login
23:22:08.364 DEBUG o.s.s.a.d.DaoAuthenticationProvider - Authenticated user
23:22:08.482 DEBUG o.s.security.web.FilterChainProxy - Securing POST /api/auth/login
23:22:08.482 DEBUG o.s.s.w.a.AnonymousAuthenticationFilter - Set SecurityContextHolder to anonymous SecurityContext
23:22:08.482 DEBUG o.s.security.web.FilterChainProxy - Secured POST /api/auth/login
23:22:08.543 DEBUG o.s.s.a.d.DaoAuthenticationProvider - Authenticated user
23:22:08.591 DEBUG o.s.security.web.FilterChainProxy - Securing POST /api/auth/login
23:22:08.592 DEBUG o.s.s.w.a.AnonymousAuthenticationFilter - Set SecurityContextHolder to anonymous SecurityContext
23:22:08.592 DEBUG o.s.security.web.FilterChainProxy - Secured POST /api/auth/login
23:22:08.742 DEBUG o.s.security.web.FilterChainProxy - Securing POST /api/auth/login
23:22:08.743 DEBUG o.s.s.w.a.AnonymousAuthenticationFilter - Set SecurityContextHolder to anonymous SecurityContext
23:22:08.743 DEBUG o.s.security.web.FilterChainProxy - Secured POST /api/auth/login
23:22:08.775 DEBUG o.s.s.a.d.DaoAuthenticationProvider - Authenticated user
23:22:08.842 DEBUG o.s.security.web.FilterChainProxy - Securing POST /api/auth/login
23:22:08.843 DEBUG o.s.s.w.a.AnonymousAuthenticationFilter - Set SecurityContextHolder to anonymous SecurityContext
23:22:08.843 DEBUG o.s.security.web.FilterChainProxy - Secured POST /api/auth/login
23:22:08.924 DEBUG o.s.s.a.d.DaoAuthenticationProvider - Authenticated user
23:22:09.001 DEBUG o.s.security.web.FilterChainProxy - Securing POST /api/auth/login
23:22:09.002 DEBUG o.s.s.w.a.AnonymousAuthenticationFilter - Set SecurityContextHolder to anonymous SecurityContext
23:22:09.002 DEBUG o.s.security.web.FilterChainProxy - Secured POST /api/auth/login
23:22:09.156 DEBUG o.s.security.web.FilterChainProxy - Securing POST /api/auth/login
23:22:09.156 DEBUG o.s.s.w.a.AnonymousAuthenticationFilter - Set SecurityContextHolder to anonymous SecurityContext
23:22:09.156 DEBUG o.s.security.web.FilterChainProxy - Secured POST /api/auth/login
23:22:09.169 DEBUG o.s.s.a.d.DaoAuthenticationProvider - Authenticated user
23:22:09.229 DEBUG o.s.security.web.FilterChainProxy - Securing POST /api/auth/login
23:22:09.229 DEBUG o.s.s.w.a.AnonymousAuthenticationFilter - Set SecurityContextHolder to anonymous SecurityContext
23:22:09.229 DEBUG o.s.security.web.FilterChainProxy - Secured POST /api/auth/login
23:22:09.304 DEBUG o.s.s.a.d.DaoAuthenticationProvider - Authenticated user
23:22:09.342 DEBUG o.s.security.web.FilterChainProxy - Securing POST /api/auth/login
23:22:09.342 DEBUG o.s.s.w.a.AnonymousAuthenticationFilter - Set SecurityContextHolder to anonymous SecurityContext
23:22:09.342 DEBUG o.s.security.web.FilterChainProxy - Secured POST /api/auth/login
23:22:09.411 DEBUG o.s.s.a.d.DaoAuthenticationProvider - Authenticated user
23:22:09.454 DEBUG o.s.security.web.FilterChainProxy - Securing POST /api/auth/login
23:22:09.454 DEBUG o.s.s.w.a.AnonymousAuthenticationFilter - Set SecurityContextHolder to anonymous SecurityContext
23:22:09.454 DEBUG o.s.security.web.FilterChainProxy - Secured POST /api/auth/login
23:22:09.484 DEBUG o.s.s.a.d.DaoAuthenticationProvider - Authenticated user
23:22:09.551 DEBUG o.s.s.a.d.DaoAuthenticationProvider - Authenticated user
23:22:09.553 DEBUG o.s.security.web.FilterChainProxy - Securing POST /api/auth/login
23:22:09.553 DEBUG o.s.s.w.a.AnonymousAuthenticationFilter - Set SecurityContextHolder to anonymous SecurityContext
23:22:09.553 DEBUG o.s.security.web.FilterChainProxy - Secured POST /api/auth/login
23:22:09.680 DEBUG o.s.s.a.d.DaoAuthenticationProvider - Authenticated user
23:22:09.706 DEBUG o.s.security.web.FilterChainProxy - Securing POST /api/auth/login
23:22:09.706 DEBUG o.s.s.w.a.AnonymousAuthenticationFilter - Set SecurityContextHolder to anonymous SecurityContext
23:22:09.707 DEBUG o.s.security.web.FilterChainProxy - Secured POST /api/auth/login
23:22:09.747 DEBUG o.s.s.a.d.DaoAuthenticationProvider - Authenticated user
23:22:09.789 DEBUG o.s.security.web.FilterChainProxy - Securing POST /api/auth/login
23:22:09.790 DEBUG o.s.s.w.a.AnonymousAuthenticationFilter - Set SecurityContextHolder to anonymous SecurityContext
23:22:09.790 DEBUG o.s.security.web.FilterChainProxy - Secured POST /api/auth/login
23:22:09.893 DEBUG o.s.s.a.d.DaoAuthenticationProvider - Authenticated user
23:22:09.937 DEBUG o.s.security.web.FilterChainProxy - Securing POST /api/auth/login
23:22:09.938 DEBUG o.s.s.w.a.AnonymousAuthenticationFilter - Set SecurityContextHolder to anonymous SecurityContext
23:22:09.938 DEBUG o.s.security.web.FilterChainProxy - Secured POST /api/auth/login
23:22:09.992 DEBUG o.s.s.a.d.DaoAuthenticationProvider - Authenticated user
23:22:10.038 DEBUG o.s.security.web.FilterChainProxy - Securing POST /api/auth/login
23:22:10.039 DEBUG o.s.s.w.a.AnonymousAuthenticationFilter - Set SecurityContextHolder to anonymous SecurityContext
23:22:10.039 DEBUG o.s.security.web.FilterChainProxy - Secured POST /api/auth/login
23:22:10.087 DEBUG o.s.s.a.d.DaoAuthenticationProvider - Authenticated user
23:22:10.156 DEBUG o.s.security.web.FilterChainProxy - Securing POST /api/auth/login
23:22:10.157 DEBUG o.s.s.w.a.AnonymousAuthenticationFilter - Set SecurityContextHolder to anonymous SecurityContext
23:22:10.157 DEBUG o.s.security.web.FilterChainProxy - Secured POST /api/auth/login
23:22:10.202 DEBUG o.s.s.a.d.DaoAuthenticationProvider - Authenticated user
23:22:10.284 DEBUG o.s.security.web.FilterChainProxy - Securing POST /api/auth/login
23:22:10.284 DEBUG o.s.s.w.a.AnonymousAuthenticationFilter - Set SecurityContextHolder to anonymous SecurityContext
23:22:10.284 DEBUG o.s.security.web.FilterChainProxy - Secured POST /api/auth/login
23:22:10.307 DEBUG o.s.s.a.d.DaoAuthenticationProvider - Authenticated user
23:22:10.387 DEBUG o.s.security.web.FilterChainProxy - Securing POST /api/auth/login
23:22:10.387 DEBUG o.s.s.w.a.AnonymousAuthenticationFilter - Set SecurityContextHolder to anonymous SecurityContext
23:22:10.387 DEBUG o.s.security.web.FilterChainProxy - Secured POST /api/auth/login
23:22:10.415 DEBUG o.s.s.a.d.DaoAuthenticationProvider - Authenticated user
23:22:10.493 DEBUG o.s.security.web.FilterChainProxy - Securing POST /api/auth/login
23:22:10.493 DEBUG o.s.s.w.a.AnonymousAuthenticationFilter - Set SecurityContextHolder to anonymous SecurityContext
23:22:10.493 DEBUG o.s.security.web.FilterChainProxy - Secured POST /api/auth/login
23:22:10.501 DEBUG o.s.s.a.d.DaoAuthenticationProvider - Authenticated user
23:22:10.573 DEBUG o.s.s.a.d.DaoAuthenticationProvider - Authenticated user
23:22:10.603 DEBUG o.s.security.web.FilterChainProxy - Securing POST /api/auth/login
23:22:10.603 DEBUG o.s.s.w.a.AnonymousAuthenticationFilter - Set SecurityContextHolder to anonymous SecurityContext
23:22:10.603 DEBUG o.s.security.web.FilterChainProxy - Secured POST /api/auth/login
23:22:10.668 DEBUG o.s.s.a.d.DaoAuthenticationProvider - Authenticated user
23:22:10.745 DEBUG o.s.security.web.FilterChainProxy - Securing POST /api/auth/login
23:22:10.745 DEBUG o.s.s.w.a.AnonymousAuthenticationFilter - Set SecurityContextHolder to anonymous SecurityContext
23:22:10.745 DEBUG o.s.security.web.FilterChainProxy - Secured POST /api/auth/login
23:22:10.788 DEBUG o.s.s.a.d.DaoAuthenticationProvider - Authenticated user
23:22:10.841 DEBUG o.s.security.web.FilterChainProxy - Securing POST /api/auth/login
23:22:10.842 DEBUG o.s.s.w.a.AnonymousAuthenticationFilter - Set SecurityContextHolder to anonymous SecurityContext
23:22:10.842 DEBUG o.s.security.web.FilterChainProxy - Secured POST /api/auth/login
23:22:10.922 DEBUG o.s.s.a.d.DaoAuthenticationProvider - Authenticated user
23:22:10.994 DEBUG o.s.security.web.FilterChainProxy - Securing POST /api/auth/login
23:22:10.994 DEBUG o.s.s.w.a.AnonymousAuthenticationFilter - Set SecurityContextHolder to anonymous SecurityContext
23:22:10.994 DEBUG o.s.security.web.FilterChainProxy - Secured POST /api/auth/login
23:22:11.051 DEBUG o.s.s.a.d.DaoAuthenticationProvider - Authenticated user
23:22:11.106 DEBUG o.s.security.web.FilterChainProxy - Securing POST /api/auth/login
23:22:11.106 DEBUG o.s.s.w.a.AnonymousAuthenticationFilter - Set SecurityContextHolder to anonymous SecurityContext
23:22:11.106 DEBUG o.s.security.web.FilterChainProxy - Secured POST /api/auth/login
23:22:11.201 DEBUG o.s.s.a.d.DaoAuthenticationProvider - Authenticated user
23:22:11.204 DEBUG o.s.security.web.FilterChainProxy - Securing POST /api/auth/login
23:22:11.204 DEBUG o.s.s.w.a.AnonymousAuthenticationFilter - Set SecurityContextHolder to anonymous SecurityContext
23:22:11.204 DEBUG o.s.security.web.FilterChainProxy - Secured POST /api/auth/login
23:22:11.344 DEBUG o.s.security.web.FilterChainProxy - Securing POST /api/auth/login
23:22:11.344 DEBUG o.s.s.w.a.AnonymousAuthenticationFilter - Set SecurityContextHolder to anonymous SecurityContext
23:22:11.345 DEBUG o.s.security.web.FilterChainProxy - Secured POST /api/auth/login
23:22:11.357 DEBUG o.s.s.a.d.DaoAuthenticationProvider - Authenticated user
23:22:11.439 DEBUG o.s.s.a.d.DaoAuthenticationProvider - Authenticated user
23:22:11.449 DEBUG o.s.security.web.FilterChainProxy - Securing POST /api/auth/login
23:22:11.449 DEBUG o.s.s.w.a.AnonymousAuthenticationFilter - Set SecurityContextHolder to anonymous SecurityContext
23:22:11.449 DEBUG o.s.security.web.FilterChainProxy - Secured POST /api/auth/login
23:22:11.550 DEBUG o.s.s.a.d.DaoAuthenticationProvider - Authenticated user
23:22:11.573 DEBUG o.s.security.web.FilterChainProxy - Securing POST /api/auth/login
23:22:11.573 DEBUG o.s.s.w.a.AnonymousAuthenticationFilter - Set SecurityContextHolder to anonymous SecurityContext
23:22:11.573 DEBUG o.s.security.web.FilterChainProxy - Secured POST /api/auth/login
23:22:11.630 DEBUG o.s.s.a.d.DaoAuthenticationProvider - Authenticated user
23:22:11.705 DEBUG o.s.security.web.FilterChainProxy - Securing POST /api/auth/login
23:22:11.705 DEBUG o.s.s.w.a.AnonymousAuthenticationFilter - Set SecurityContextHolder to anonymous SecurityContext
23:22:11.705 DEBUG o.s.security.web.FilterChainProxy - Secured POST /api/auth/login
23:22:11.769 DEBUG o.s.s.a.d.DaoAuthenticationProvider - Authenticated user
23:22:11.839 DEBUG o.s.security.web.FilterChainProxy - Securing POST /api/auth/login
23:22:11.839 DEBUG o.s.s.w.a.AnonymousAuthenticationFilter - Set SecurityContextHolder to anonymous SecurityContext
23:22:11.839 DEBUG o.s.security.web.FilterChainProxy - Secured POST /api/auth/login
23:22:11.932 DEBUG o.s.s.a.d.DaoAuthenticationProvider - Authenticated user
23:22:11.947 DEBUG o.s.security.web.FilterChainProxy - Securing POST /api/auth/login
23:22:11.947 DEBUG o.s.s.w.a.AnonymousAuthenticationFilter - Set SecurityContextHolder to anonymous SecurityContext
23:22:11.947 DEBUG o.s.security.web.FilterChainProxy - Secured POST /api/auth/login
23:22:12.077 DEBUG o.s.s.a.d.DaoAuthenticationProvider - Authenticated user
23:22:12.090 DEBUG o.s.security.web.FilterChainProxy - Securing POST /api/auth/login
23:22:12.092 DEBUG o.s.s.w.a.AnonymousAuthenticationFilter - Set SecurityContextHolder to anonymous SecurityContext
23:22:12.092 DEBUG o.s.security.web.FilterChainProxy - Secured POST /api/auth/login
23:22:12.188 DEBUG o.s.security.web.FilterChainProxy - Securing POST /api/auth/login
23:22:12.189 DEBUG o.s.s.w.a.AnonymousAuthenticationFilter - Set SecurityContextHolder to anonymous SecurityContext
23:22:12.189 DEBUG o.s.security.web.FilterChainProxy - Secured POST /api/auth/login
23:22:12.224 DEBUG o.s.s.a.d.DaoAuthenticationProvider - Authenticated user
23:22:12.384 DEBUG o.s.security.web.FilterChainProxy - Securing POST /api/auth/login
23:22:12.385 DEBUG o.s.s.w.a.AnonymousAuthenticationFilter - Set SecurityContextHolder to anonymous SecurityContext
23:22:12.385 DEBUG o.s.security.web.FilterChainProxy - Secured POST /api/auth/login
23:22:12.416 DEBUG o.s.s.a.d.DaoAuthenticationProvider - Authenticated user
23:22:12.559 DEBUG o.s.security.web.FilterChainProxy - Securing POST /api/auth/login
23:22:12.560 DEBUG o.s.s.w.a.AnonymousAuthenticationFilter - Set SecurityContextHolder to anonymous SecurityContext
23:22:12.560 DEBUG o.s.security.web.FilterChainProxy - Secured POST /api/auth/login
23:22:12.698 DEBUG o.s.security.web.FilterChainProxy - Securing POST /api/auth/login
23:22:12.698 DEBUG o.s.s.w.a.AnonymousAuthenticationFilter - Set SecurityContextHolder to anonymous SecurityContext
23:22:12.699 DEBUG o.s.security.web.FilterChainProxy - Secured POST /api/auth/login
23:22:12.730 DEBUG o.s.s.a.d.DaoAuthenticationProvider - Authenticated user
23:22:12.758 DEBUG o.s.security.web.FilterChainProxy - Securing POST /api/auth/login
23:22:12.759 DEBUG o.s.s.w.a.AnonymousAuthenticationFilter - Set SecurityContextHolder to anonymous SecurityContext
23:22:12.759 DEBUG o.s.security.web.FilterChainProxy - Secured POST /api/auth/login
23:22:12.862 DEBUG o.s.security.web.FilterChainProxy - Securing POST /api/auth/login
23:22:12.863 DEBUG o.s.s.w.a.AnonymousAuthenticationFilter - Set SecurityContextHolder to anonymous SecurityContext
23:22:12.863 DEBUG o.s.security.web.FilterChainProxy - Secured POST /api/auth/login
23:22:12.977 DEBUG o.s.s.a.d.DaoAuthenticationProvider - Authenticated user
23:22:12.998 DEBUG o.s.security.web.FilterChainProxy - Securing POST /api/auth/login
23:22:12.998 DEBUG o.s.s.w.a.AnonymousAuthenticationFilter - Set SecurityContextHolder to anonymous SecurityContext
23:22:12.998 DEBUG o.s.security.web.FilterChainProxy - Secured POST /api/auth/login
23:22:13.092 DEBUG o.s.security.web.FilterChainProxy - Securing POST /api/auth/login
23:22:13.093 DEBUG o.s.s.w.a.AnonymousAuthenticationFilter - Set SecurityContextHolder to anonymous SecurityContext
23:22:13.093 DEBUG o.s.security.web.FilterChainProxy - Secured POST /api/auth/login
23:22:13.112 DEBUG o.s.s.a.d.DaoAuthenticationProvider - Authenticated user
23:22:13.228 DEBUG o.s.security.web.FilterChainProxy - Securing POST /api/auth/login
23:22:13.228 DEBUG o.s.s.w.a.AnonymousAuthenticationFilter - Set SecurityContextHolder to anonymous SecurityContext
23:22:13.229 DEBUG o.s.security.web.FilterChainProxy - Secured POST /api/auth/login
23:22:13.268 DEBUG o.s.s.a.d.DaoAuthenticationProvider - Authenticated user
23:22:13.331 DEBUG o.s.s.a.d.DaoAuthenticationProvider - Authenticated user
23:22:13.361 DEBUG o.s.security.web.FilterChainProxy - Securing POST /api/auth/login
23:22:13.364 DEBUG o.s.s.w.a.AnonymousAuthenticationFilter - Set SecurityContextHolder to anonymous SecurityContext
23:22:13.364 DEBUG o.s.security.web.FilterChainProxy - Secured POST /api/auth/login
23:22:13.411 DEBUG o.s.s.a.d.DaoAuthenticationProvider - Authenticated user
23:22:13.461 DEBUG o.s.security.web.FilterChainProxy - Securing POST /api/auth/login
23:22:13.462 DEBUG o.s.s.w.a.AnonymousAuthenticationFilter - Set SecurityContextHolder to anonymous SecurityContext
23:22:13.462 DEBUG o.s.security.web.FilterChainProxy - Secured POST /api/auth/login
23:22:13.571 DEBUG o.s.s.a.d.DaoAuthenticationProvider - Authenticated user
23:22:13.602 DEBUG o.s.security.web.FilterChainProxy - Securing POST /api/auth/login
23:22:13.602 DEBUG o.s.s.w.a.AnonymousAuthenticationFilter - Set SecurityContextHolder to anonymous SecurityContext
23:22:13.603 DEBUG o.s.security.web.FilterChainProxy - Secured POST /api/auth/login
23:22:13.710 DEBUG o.s.s.a.d.DaoAuthenticationProvider - Authenticated user
23:22:13.746 DEBUG o.s.security.web.FilterChainProxy - Securing POST /api/auth/login
23:22:13.746 DEBUG o.s.s.w.a.AnonymousAuthenticationFilter - Set SecurityContextHolder to anonymous SecurityContext
23:22:13.747 DEBUG o.s.security.web.FilterChainProxy - Secured POST /api/auth/login
23:22:13.853 DEBUG o.s.s.a.d.DaoAuthenticationProvider - Authenticated user
23:22:13.862 DEBUG o.s.security.web.FilterChainProxy - Securing POST /api/auth/login
23:22:13.863 DEBUG o.s.s.w.a.AnonymousAuthenticationFilter - Set SecurityContextHolder to anonymous SecurityContext
23:22:13.863 DEBUG o.s.security.web.FilterChainProxy - Secured POST /api/auth/login
23:22:13.972 DEBUG o.s.s.a.d.DaoAuthenticationProvider - Authenticated user
23:22:13.980 DEBUG o.s.security.web.FilterChainProxy - Securing POST /api/auth/login
23:22:13.981 DEBUG o.s.s.w.a.AnonymousAuthenticationFilter - Set SecurityContextHolder to anonymous SecurityContext
23:22:13.982 DEBUG o.s.security.web.FilterChainProxy - Secured POST /api/auth/login
23:22:14.147 DEBUG o.s.security.web.FilterChainProxy - Securing POST /api/auth/login
23:22:14.147 DEBUG o.s.s.w.a.AnonymousAuthenticationFilter - Set SecurityContextHolder to anonymous SecurityContext
23:22:14.147 DEBUG o.s.security.web.FilterChainProxy - Secured POST /api/auth/login
23:22:14.152 DEBUG o.s.s.a.d.DaoAuthenticationProvider - Authenticated user
23:22:14.246 DEBUG o.s.security.web.FilterChainProxy - Securing POST /api/auth/login
23:22:14.247 DEBUG o.s.s.w.a.AnonymousAuthenticationFilter - Set SecurityContextHolder to anonymous SecurityContext
23:22:14.247 DEBUG o.s.security.web.FilterChainProxy - Secured POST /api/auth/login
23:22:14.263 DEBUG o.s.s.a.d.DaoAuthenticationProvider - Authenticated user
23:22:14.336 DEBUG o.s.security.web.FilterChainProxy - Securing POST /api/auth/login
23:22:14.336 DEBUG o.s.s.w.a.AnonymousAuthenticationFilter - Set SecurityContextHolder to anonymous SecurityContext
23:22:14.336 DEBUG o.s.security.web.FilterChainProxy - Secured POST /api/auth/login
23:22:14.463 DEBUG o.s.security.web.FilterChainProxy - Securing POST /api/auth/login
23:22:14.463 DEBUG o.s.s.w.a.AnonymousAuthenticationFilter - Set SecurityContextHolder to anonymous SecurityContext
23:22:14.463 DEBUG o.s.security.web.FilterChainProxy - Secured POST /api/auth/login
23:22:14.520 DEBUG o.s.s.a.d.DaoAuthenticationProvider - Authenticated user
23:22:14.623 DEBUG o.s.s.a.d.DaoAuthenticationProvider - Authenticated user
23:22:14.641 DEBUG o.s.security.web.FilterChainProxy - Securing POST /api/auth/login
23:22:14.642 DEBUG o.s.s.w.a.AnonymousAuthenticationFilter - Set SecurityContextHolder to anonymous SecurityContext
23:22:14.642 DEBUG o.s.security.web.FilterChainProxy - Secured POST /api/auth/login
23:22:14.758 DEBUG o.s.security.web.FilterChainProxy - Securing POST /api/auth/login
23:22:14.758 DEBUG o.s.s.w.a.AnonymousAuthenticationFilter - Set SecurityContextHolder to anonymous SecurityContext
23:22:14.759 DEBUG o.s.security.web.FilterChainProxy - Secured POST /api/auth/login
23:22:14.793 DEBUG o.s.s.a.d.DaoAuthenticationProvider - Authenticated user
23:22:14.951 DEBUG o.s.s.a.d.DaoAuthenticationProvider - Authenticated user
23:22:14.975 DEBUG o.s.security.web.FilterChainProxy - Securing POST /api/auth/login
23:22:14.976 DEBUG o.s.s.w.a.AnonymousAuthenticationFilter - Set SecurityContextHolder to anonymous SecurityContext
23:22:14.976 DEBUG o.s.security.web.FilterChainProxy - Secured POST /api/auth/login
23:22:15.035 DEBUG o.s.security.web.FilterChainProxy - Securing POST /api/auth/login
23:22:15.035 DEBUG o.s.s.w.a.AnonymousAuthenticationFilter - Set SecurityContextHolder to anonymous SecurityContext
23:22:15.035 DEBUG o.s.security.web.FilterChainProxy - Secured POST /api/auth/login
23:22:15.038 DEBUG o.s.s.a.d.DaoAuthenticationProvider - Authenticated user
23:22:15.076 DEBUG o.s.security.web.FilterChainProxy - Securing POST /api/auth/login
23:22:15.076 DEBUG o.s.s.w.a.AnonymousAuthenticationFilter - Set SecurityContextHolder to anonymous SecurityContext
23:22:15.076 DEBUG o.s.security.web.FilterChainProxy - Secured POST /api/auth/login
23:22:15.163 DEBUG o.s.security.web.FilterChainProxy - Securing POST /api/auth/login
23:22:15.163 DEBUG o.s.s.w.a.AnonymousAuthenticationFilter - Set SecurityContextHolder to anonymous SecurityContext
23:22:15.164 DEBUG o.s.security.web.FilterChainProxy - Secured POST /api/auth/login
23:22:15.320 DEBUG o.s.security.web.FilterChainProxy - Securing POST /api/auth/login
23:22:15.320 DEBUG o.s.s.w.a.AnonymousAuthenticationFilter - Set SecurityContextHolder to anonymous SecurityContext
23:22:15.320 DEBUG o.s.security.web.FilterChainProxy - Secured POST /api/auth/login
23:22:15.321 DEBUG o.s.s.a.d.DaoAuthenticationProvider - Authenticated user
23:22:15.396 DEBUG o.s.security.web.FilterChainProxy - Securing POST /api/auth/login
23:22:15.396 DEBUG o.s.s.w.a.AnonymousAuthenticationFilter - Set SecurityContextHolder to anonymous SecurityContext
23:22:15.397 DEBUG o.s.security.web.FilterChainProxy - Secured POST /api/auth/login
23:22:15.567 DEBUG o.s.s.a.d.DaoAuthenticationProvider - Authenticated user
23:22:15.626 DEBUG o.s.security.web.FilterChainProxy - Securing POST /api/auth/login
23:22:15.626 DEBUG o.s.s.w.a.AnonymousAuthenticationFilter - Set SecurityContextHolder to anonymous SecurityContext
23:22:15.626 DEBUG o.s.security.web.FilterChainProxy - Secured POST /api/auth/login
23:22:15.657 DEBUG o.s.s.a.d.DaoAuthenticationProvider - Authenticated user
23:22:15.681 DEBUG o.s.security.web.FilterChainProxy - Securing POST /api/auth/login
23:22:15.681 DEBUG o.s.s.w.a.AnonymousAuthenticationFilter - Set SecurityContextHolder to anonymous SecurityContext
23:22:15.681 DEBUG o.s.security.web.FilterChainProxy - Secured POST /api/auth/login
23:22:15.705 DEBUG o.s.s.a.d.DaoAuthenticationProvider - Authenticated user
23:22:15.844 DEBUG o.s.security.web.FilterChainProxy - Securing POST /api/auth/login
23:22:15.844 DEBUG o.s.s.w.a.AnonymousAuthenticationFilter - Set SecurityContextHolder to anonymous SecurityContext
23:22:15.845 DEBUG o.s.security.web.FilterChainProxy - Secured POST /api/auth/login
23:22:16.045 DEBUG o.s.security.web.FilterChainProxy - Securing POST /api/auth/login
23:22:16.045 DEBUG o.s.s.w.a.AnonymousAuthenticationFilter - Set SecurityContextHolder to anonymous SecurityContext
23:22:16.045 DEBUG o.s.security.web.FilterChainProxy - Secured POST /api/auth/login
23:22:16.108 DEBUG o.s.s.a.d.DaoAuthenticationProvider - Authenticated user
23:22:16.163 DEBUG o.s.s.a.d.DaoAuthenticationProvider - Authenticated user
23:22:16.259 DEBUG o.s.security.web.FilterChainProxy - Securing POST /api/auth/login
23:22:16.259 DEBUG o.s.s.w.a.AnonymousAuthenticationFilter - Set SecurityContextHolder to anonymous SecurityContext
23:22:16.259 DEBUG o.s.security.web.FilterChainProxy - Secured POST /api/auth/login
23:22:16.282 DEBUG o.s.s.a.d.DaoAuthenticationProvider - Authenticated user
23:22:16.344 DEBUG o.s.security.web.FilterChainProxy - Securing POST /api/auth/login
23:22:16.344 DEBUG o.s.s.w.a.AnonymousAuthenticationFilter - Set SecurityContextHolder to anonymous SecurityContext
23:22:16.344 DEBUG o.s.security.web.FilterChainProxy - Secured POST /api/auth/login
23:22:16.408 DEBUG o.s.s.a.d.DaoAuthenticationProvider - Authenticated user
23:22:16.436 DEBUG o.s.s.a.d.DaoAuthenticationProvider - Authenticated user
23:22:16.453 DEBUG o.s.s.a.d.DaoAuthenticationProvider - Authenticated user
23:22:16.489 DEBUG o.s.security.web.FilterChainProxy - Securing POST /api/auth/login
23:22:16.490 DEBUG o.s.s.w.a.AnonymousAuthenticationFilter - Set SecurityContextHolder to anonymous SecurityContext
23:22:16.490 DEBUG o.s.security.web.FilterChainProxy - Secured POST /api/auth/login
23:22:16.516 DEBUG o.s.s.a.d.DaoAuthenticationProvider - Authenticated user
23:22:16.568 DEBUG o.s.security.web.FilterChainProxy - Securing POST /api/auth/login
23:22:16.568 DEBUG o.s.s.w.a.AnonymousAuthenticationFilter - Set SecurityContextHolder to anonymous SecurityContext
23:22:16.568 DEBUG o.s.security.web.FilterChainProxy - Secured POST /api/auth/login
23:22:16.692 DEBUG o.s.security.web.FilterChainProxy - Securing POST /api/auth/login
23:22:16.693 DEBUG o.s.s.w.a.AnonymousAuthenticationFilter - Set SecurityContextHolder to anonymous SecurityContext
23:22:16.694 DEBUG o.s.security.web.FilterChainProxy - Secured POST /api/auth/login
23:22:16.743 DEBUG o.s.s.a.d.DaoAuthenticationProvider - Authenticated user
23:22:16.798 DEBUG o.s.security.web.FilterChainProxy - Securing POST /api/auth/login
23:22:16.799 DEBUG o.s.s.w.a.AnonymousAuthenticationFilter - Set SecurityContextHolder to anonymous SecurityContext
23:22:16.799 DEBUG o.s.security.web.FilterChainProxy - Secured POST /api/auth/login
23:22:16.937 DEBUG o.s.security.web.FilterChainProxy - Securing POST /api/auth/login
23:22:16.937 DEBUG o.s.s.w.a.AnonymousAuthenticationFilter - Set SecurityContextHolder to anonymous SecurityContext
23:22:16.937 DEBUG o.s.security.web.FilterChainProxy - Secured POST /api/auth/login
23:22:16.999 DEBUG o.s.s.a.d.DaoAuthenticationProvider - Authenticated user
23:22:17.009 DEBUG o.s.s.a.d.DaoAuthenticationProvider - Authenticated user
23:22:17.081 DEBUG o.s.security.web.FilterChainProxy - Securing POST /api/auth/login
23:22:17.081 DEBUG o.s.s.w.a.AnonymousAuthenticationFilter - Set SecurityContextHolder to anonymous SecurityContext
23:22:17.082 DEBUG o.s.security.web.FilterChainProxy - Secured POST /api/auth/login
23:22:17.117 DEBUG o.s.security.web.FilterChainProxy - Securing POST /api/auth/login
23:22:17.118 DEBUG o.s.s.w.a.AnonymousAuthenticationFilter - Set SecurityContextHolder to anonymous SecurityContext
23:22:17.118 DEBUG o.s.security.web.FilterChainProxy - Secured POST /api/auth/login
23:22:17.118 DEBUG o.s.security.web.FilterChainProxy - Securing POST /api/auth/login
23:22:17.119 DEBUG o.s.s.w.a.AnonymousAuthenticationFilter - Set SecurityContextHolder to anonymous SecurityContext
23:22:17.119 DEBUG o.s.security.web.FilterChainProxy - Secured POST /api/auth/login
23:22:17.120 DEBUG o.s.s.a.d.DaoAuthenticationProvider - Authenticated user
23:22:17.249 DEBUG o.s.security.web.FilterChainProxy - Securing POST /api/auth/login
23:22:17.251 DEBUG o.s.s.w.a.AnonymousAuthenticationFilter - Set SecurityContextHolder to anonymous SecurityContext
23:22:17.251 DEBUG o.s.security.web.FilterChainProxy - Secured POST /api/auth/login
23:22:17.325 DEBUG o.s.s.a.d.DaoAuthenticationProvider - Authenticated user
23:22:17.505 DEBUG o.s.security.web.FilterChainProxy - Securing POST /api/auth/login
23:22:17.505 DEBUG o.s.s.w.a.AnonymousAuthenticationFilter - Set SecurityContextHolder to anonymous SecurityContext
23:22:17.505 DEBUG o.s.security.web.FilterChainProxy - Secured POST /api/auth/login
23:22:17.560 DEBUG o.s.security.web.FilterChainProxy - Securing POST /api/auth/login
23:22:17.560 DEBUG o.s.s.w.a.AnonymousAuthenticationFilter - Set SecurityContextHolder to anonymous SecurityContext
23:22:17.560 DEBUG o.s.security.web.FilterChainProxy - Secured POST /api/auth/login
23:22:17.601 DEBUG o.s.s.a.d.DaoAuthenticationProvider - Authenticated user
23:22:17.714 DEBUG o.s.security.web.FilterChainProxy - Securing POST /api/auth/login
23:22:17.715 DEBUG o.s.s.w.a.AnonymousAuthenticationFilter - Set SecurityContextHolder to anonymous SecurityContext
23:22:17.715 DEBUG o.s.security.web.FilterChainProxy - Secured POST /api/auth/login
23:22:17.772 DEBUG o.s.security.web.FilterChainProxy - Securing POST /api/auth/login
23:22:17.773 DEBUG o.s.s.w.a.AnonymousAuthenticationFilter - Set SecurityContextHolder to anonymous SecurityContext
23:22:17.773 DEBUG o.s.security.web.FilterChainProxy - Secured POST /api/auth/login
23:22:17.958 DEBUG o.s.s.a.d.DaoAuthenticationProvider - Authenticated user
23:22:18.010 DEBUG o.s.security.web.FilterChainProxy - Securing POST /api/auth/login
23:22:18.010 DEBUG o.s.s.w.a.AnonymousAuthenticationFilter - Set SecurityContextHolder to anonymous SecurityContext
23:22:18.010 DEBUG o.s.security.web.FilterChainProxy - Secured POST /api/auth/login
23:22:18.032 DEBUG o.s.s.a.d.DaoAuthenticationProvider - Authenticated user
23:22:18.042 DEBUG o.s.security.web.FilterChainProxy - Securing POST /api/auth/login
23:22:18.042 DEBUG o.s.s.w.a.AnonymousAuthenticationFilter - Set SecurityContextHolder to anonymous SecurityContext
23:22:18.042 DEBUG o.s.security.web.FilterChainProxy - Secured POST /api/auth/login
23:22:18.083 DEBUG o.s.s.a.d.DaoAuthenticationProvider - Authenticated user
23:22:18.102 DEBUG o.s.security.web.FilterChainProxy - Securing POST /api/auth/login
23:22:18.102 DEBUG o.s.s.w.a.AnonymousAuthenticationFilter - Set SecurityContextHolder to anonymous SecurityContext
23:22:18.102 DEBUG o.s.security.web.FilterChainProxy - Secured POST /api/auth/login
23:22:18.185 DEBUG o.s.s.a.d.DaoAuthenticationProvider - Authenticated user
23:22:18.191 DEBUG o.s.security.web.FilterChainProxy - Securing POST /api/auth/login
23:22:18.191 DEBUG o.s.s.w.a.AnonymousAuthenticationFilter - Set SecurityContextHolder to anonymous SecurityContext
23:22:18.191 DEBUG o.s.security.web.FilterChainProxy - Secured POST /api/auth/login
23:22:18.322 DEBUG o.s.security.web.FilterChainProxy - Securing POST /api/auth/login
23:22:18.323 DEBUG o.s.s.w.a.AnonymousAuthenticationFilter - Set SecurityContextHolder to anonymous SecurityContext
23:22:18.323 DEBUG o.s.security.web.FilterChainProxy - Secured POST /api/auth/login
23:22:18.341 DEBUG o.s.s.a.d.DaoAuthenticationProvider - Authenticated user
23:22:18.351 DEBUG o.s.s.a.d.DaoAuthenticationProvider - Authenticated user
23:22:18.413 DEBUG o.s.security.web.FilterChainProxy - Securing POST /api/auth/login
23:22:18.413 DEBUG o.s.s.w.a.AnonymousAuthenticationFilter - Set SecurityContextHolder to anonymous SecurityContext
23:22:18.413 DEBUG o.s.security.web.FilterChainProxy - Secured POST /api/auth/login
23:22:18.417 DEBUG o.s.s.a.d.DaoAuthenticationProvider - Authenticated user
23:22:18.471 DEBUG o.s.s.a.d.DaoAuthenticationProvider - Authenticated user
23:22:18.475 DEBUG o.s.s.a.d.DaoAuthenticationProvider - Authenticated user
23:22:18.582 DEBUG o.s.security.web.FilterChainProxy - Securing POST /api/auth/login
23:22:18.582 DEBUG o.s.s.w.a.AnonymousAuthenticationFilter - Set SecurityContextHolder to anonymous SecurityContext
23:22:18.582 DEBUG o.s.security.web.FilterChainProxy - Secured POST /api/auth/login
23:22:18.654 DEBUG o.s.s.a.d.DaoAuthenticationProvider - Authenticated user
23:22:18.704 DEBUG o.s.security.web.FilterChainProxy - Securing POST /api/auth/login
23:22:18.705 DEBUG o.s.s.w.a.AnonymousAuthenticationFilter - Set SecurityContextHolder to anonymous SecurityContext
23:22:18.705 DEBUG o.s.security.web.FilterChainProxy - Secured POST /api/auth/login
23:22:18.756 DEBUG o.s.security.web.FilterChainProxy - Securing POST /api/auth/login
23:22:18.756 DEBUG o.s.s.w.a.AnonymousAuthenticationFilter - Set SecurityContextHolder to anonymous SecurityContext
23:22:18.756 DEBUG o.s.security.web.FilterChainProxy - Secured POST /api/auth/login
23:22:18.800 DEBUG o.s.s.a.d.DaoAuthenticationProvider - Authenticated user
23:22:18.811 DEBUG o.s.s.a.d.DaoAuthenticationProvider - Authenticated user
23:22:18.819 DEBUG o.s.s.a.d.DaoAuthenticationProvider - Authenticated user
23:22:18.851 DEBUG o.s.security.web.FilterChainProxy - Securing POST /api/auth/login
23:22:18.851 DEBUG o.s.s.w.a.AnonymousAuthenticationFilter - Set SecurityContextHolder to anonymous SecurityContext
23:22:18.851 DEBUG o.s.security.web.FilterChainProxy - Secured POST /api/auth/login
23:22:19.061 DEBUG o.s.s.a.d.DaoAuthenticationProvider - Authenticated user
23:22:19.066 DEBUG o.s.security.web.FilterChainProxy - Securing POST /api/auth/login
23:22:19.066 DEBUG o.s.s.w.a.AnonymousAuthenticationFilter - Set SecurityContextHolder to anonymous SecurityContext
23:22:19.067 DEBUG o.s.security.web.FilterChainProxy - Secured POST /api/auth/login
23:22:19.081 DEBUG o.s.s.a.d.DaoAuthenticationProvider - Authenticated user
23:22:19.147 DEBUG o.s.s.a.d.DaoAuthenticationProvider - Authenticated user
23:22:19.236 DEBUG o.s.s.a.d.DaoAuthenticationProvider - Authenticated user
23:22:19.244 DEBUG o.s.security.web.FilterChainProxy - Securing POST /api/auth/login
23:22:19.244 DEBUG o.s.s.w.a.AnonymousAuthenticationFilter - Set SecurityContextHolder to anonymous SecurityContext
23:22:19.244 DEBUG o.s.security.web.FilterChainProxy - Secured POST /api/auth/login
23:22:19.300 DEBUG o.s.s.a.d.DaoAuthenticationProvider - Authenticated user
23:22:19.329 DEBUG o.s.security.web.FilterChainProxy - Securing POST /api/auth/login
23:22:19.329 DEBUG o.s.s.w.a.AnonymousAuthenticationFilter - Set SecurityContextHolder to anonymous SecurityContext
23:22:19.329 DEBUG o.s.security.web.FilterChainProxy - Secured POST /api/auth/login
23:22:19.365 DEBUG o.s.s.a.d.DaoAuthenticationProvider - Authenticated user
23:22:19.399 DEBUG o.s.s.a.d.DaoAuthenticationProvider - Authenticated user
23:22:19.436 DEBUG o.s.security.web.FilterChainProxy - Securing POST /api/auth/login
23:22:19.436 DEBUG o.s.s.w.a.AnonymousAuthenticationFilter - Set SecurityContextHolder to anonymous SecurityContext
23:22:19.437 DEBUG o.s.security.web.FilterChainProxy - Secured POST /api/auth/login
23:22:19.564 DEBUG o.s.security.web.FilterChainProxy - Securing POST /api/auth/login
23:22:19.564 DEBUG o.s.s.w.a.AnonymousAuthenticationFilter - Set SecurityContextHolder to anonymous SecurityContext
23:22:19.564 DEBUG o.s.security.web.FilterChainProxy - Secured POST /api/auth/login
23:22:19.623 DEBUG o.s.security.web.FilterChainProxy - Securing POST /api/auth/login
23:22:19.623 DEBUG o.s.s.w.a.AnonymousAuthenticationFilter - Set SecurityContextHolder to anonymous SecurityContext
23:22:19.623 DEBUG o.s.security.web.FilterChainProxy - Secured POST /api/auth/login
23:22:19.718 DEBUG o.s.s.a.d.DaoAuthenticationProvider - Authenticated user
23:22:19.741 DEBUG o.s.security.web.FilterChainProxy - Securing POST /api/auth/login
23:22:19.741 DEBUG o.s.s.w.a.AnonymousAuthenticationFilter - Set SecurityContextHolder to anonymous SecurityContext
23:22:19.741 DEBUG o.s.security.web.FilterChainProxy - Secured POST /api/auth/login
23:22:19.759 DEBUG o.s.s.a.d.DaoAuthenticationProvider - Authenticated user
23:22:19.817 DEBUG o.s.s.a.d.DaoAuthenticationProvider - Authenticated user
23:22:19.966 DEBUG o.s.security.web.FilterChainProxy - Securing POST /api/auth/login
23:22:19.967 DEBUG o.s.s.w.a.AnonymousAuthenticationFilter - Set SecurityContextHolder to anonymous SecurityContext
23:22:19.967 DEBUG o.s.security.web.FilterChainProxy - Secured POST /api/auth/login
23:22:20.045 DEBUG o.s.security.web.FilterChainProxy - Securing POST /api/auth/login
23:22:20.046 DEBUG o.s.s.w.a.AnonymousAuthenticationFilter - Set SecurityContextHolder to anonymous SecurityContext
23:22:20.046 DEBUG o.s.security.web.FilterChainProxy - Secured POST /api/auth/login
23:22:20.110 DEBUG o.s.s.a.d.DaoAuthenticationProvider - Authenticated user
23:22:20.116 DEBUG o.s.s.a.d.DaoAuthenticationProvider - Authenticated user
23:22:20.136 DEBUG o.s.security.web.FilterChainProxy - Securing POST /api/auth/login
23:22:20.136 DEBUG o.s.s.w.a.AnonymousAuthenticationFilter - Set SecurityContextHolder to anonymous SecurityContext
23:22:20.137 DEBUG o.s.security.web.FilterChainProxy - Secured POST /api/auth/login
23:22:20.225 DEBUG o.s.security.web.FilterChainProxy - Securing POST /api/auth/login
23:22:20.225 DEBUG o.s.s.w.a.AnonymousAuthenticationFilter - Set SecurityContextHolder to anonymous SecurityContext
23:22:20.225 DEBUG o.s.security.web.FilterChainProxy - Secured POST /api/auth/login
23:22:20.281 DEBUG o.s.s.a.d.DaoAuthenticationProvider - Authenticated user
23:22:20.330 DEBUG o.s.security.web.FilterChainProxy - Securing POST /api/auth/login
23:22:20.330 DEBUG o.s.s.w.a.AnonymousAuthenticationFilter - Set SecurityContextHolder to anonymous SecurityContext
23:22:20.330 DEBUG o.s.security.web.FilterChainProxy - Secured POST /api/auth/login
23:22:20.344 DEBUG o.s.s.a.d.DaoAuthenticationProvider - Authenticated user
23:22:20.417 DEBUG o.s.s.a.d.DaoAuthenticationProvider - Authenticated user
23:22:20.422 DEBUG o.s.security.web.FilterChainProxy - Securing POST /api/auth/login
23:22:20.422 DEBUG o.s.s.w.a.AnonymousAuthenticationFilter - Set SecurityContextHolder to anonymous SecurityContext
23:22:20.422 DEBUG o.s.security.web.FilterChainProxy - Secured POST /api/auth/login
23:22:20.500 DEBUG o.s.s.a.d.DaoAuthenticationProvider - Authenticated user
23:22:20.599 DEBUG o.s.security.web.FilterChainProxy - Securing POST /api/auth/login
23:22:20.599 DEBUG o.s.s.w.a.AnonymousAuthenticationFilter - Set SecurityContextHolder to anonymous SecurityContext
23:22:20.599 DEBUG o.s.security.web.FilterChainProxy - Secured POST /api/auth/login
23:22:20.667 DEBUG o.s.security.web.FilterChainProxy - Securing POST /api/auth/login
23:22:20.667 DEBUG o.s.s.w.a.AnonymousAuthenticationFilter - Set SecurityContextHolder to anonymous SecurityContext
23:22:20.667 DEBUG o.s.security.web.FilterChainProxy - Secured POST /api/auth/login
23:22:20.692 DEBUG o.s.s.a.d.DaoAuthenticationProvider - Authenticated user
23:22:20.733 DEBUG o.s.s.a.d.DaoAuthenticationProvider - Authenticated user
23:22:20.766 DEBUG o.s.security.web.FilterChainProxy - Securing POST /api/auth/login
23:22:20.766 DEBUG o.s.s.w.a.AnonymousAuthenticationFilter - Set SecurityContextHolder to anonymous SecurityContext
23:22:20.767 DEBUG o.s.security.web.FilterChainProxy - Secured POST /api/auth/login
23:22:20.773 DEBUG o.s.s.a.d.DaoAuthenticationProvider - Authenticated user
23:22:20.838 DEBUG o.s.s.a.d.DaoAuthenticationProvider - Authenticated user
23:22:20.897 DEBUG o.s.security.web.FilterChainProxy - Securing POST /api/auth/login
23:22:20.897 DEBUG o.s.s.w.a.AnonymousAuthenticationFilter - Set SecurityContextHolder to anonymous SecurityContext
23:22:20.897 DEBUG o.s.security.web.FilterChainProxy - Secured POST /api/auth/login
23:22:20.901 DEBUG o.s.s.a.d.DaoAuthenticationProvider - Authenticated user
23:22:20.986 DEBUG o.s.s.a.d.DaoAuthenticationProvider - Authenticated user
23:22:21.034 DEBUG o.s.security.web.FilterChainProxy - Securing POST /api/auth/login
23:22:21.035 DEBUG o.s.s.w.a.AnonymousAuthenticationFilter - Set SecurityContextHolder to anonymous SecurityContext
23:22:21.035 DEBUG o.s.security.web.FilterChainProxy - Secured POST /api/auth/login
23:22:21.093 DEBUG o.s.s.a.d.DaoAuthenticationProvider - Authenticated user
23:22:21.104 DEBUG o.s.security.web.FilterChainProxy - Securing POST /api/auth/login
23:22:21.104 DEBUG o.s.s.w.a.AnonymousAuthenticationFilter - Set SecurityContextHolder to anonymous SecurityContext
23:22:21.104 DEBUG o.s.security.web.FilterChainProxy - Secured POST /api/auth/login
23:22:21.119 DEBUG o.s.s.a.d.DaoAuthenticationProvider - Authenticated user
23:22:21.226 DEBUG o.s.s.a.d.DaoAuthenticationProvider - Authenticated user
23:22:21.232 DEBUG o.s.security.web.FilterChainProxy - Securing POST /api/auth/login
23:22:21.232 DEBUG o.s.s.w.a.AnonymousAuthenticationFilter - Set SecurityContextHolder to anonymous SecurityContext
23:22:21.232 DEBUG o.s.security.web.FilterChainProxy - Secured POST /api/auth/login
23:22:21.323 DEBUG o.s.s.a.d.DaoAuthenticationProvider - Authenticated user
23:22:21.338 DEBUG o.s.security.web.FilterChainProxy - Securing POST /api/auth/login
23:22:21.338 DEBUG o.s.s.w.a.AnonymousAuthenticationFilter - Set SecurityContextHolder to anonymous SecurityContext
23:22:21.338 DEBUG o.s.security.web.FilterChainProxy - Secured POST /api/auth/login
23:22:21.430 DEBUG o.s.s.a.d.DaoAuthenticationProvider - Authenticated user
23:22:21.458 DEBUG o.s.security.web.FilterChainProxy - Securing POST /api/auth/login
23:22:21.458 DEBUG o.s.s.w.a.AnonymousAuthenticationFilter - Set SecurityContextHolder to anonymous SecurityContext
23:22:21.458 DEBUG o.s.security.web.FilterChainProxy - Secured POST /api/auth/login
23:22:21.475 DEBUG o.s.s.a.d.DaoAuthenticationProvider - Authenticated user
23:22:21.548 DEBUG o.s.s.a.d.DaoAuthenticationProvider - Authenticated user
23:22:21.558 DEBUG o.s.security.web.FilterChainProxy - Securing POST /api/auth/login
23:22:21.558 DEBUG o.s.s.w.a.AnonymousAuthenticationFilter - Set SecurityContextHolder to anonymous SecurityContext
23:22:21.558 DEBUG o.s.security.web.FilterChainProxy - Secured POST /api/auth/login
23:22:21.637 DEBUG o.s.s.a.d.DaoAuthenticationProvider - Authenticated user
23:22:21.662 DEBUG o.s.security.web.FilterChainProxy - Securing POST /api/auth/login
23:22:21.662 DEBUG o.s.s.w.a.AnonymousAuthenticationFilter - Set SecurityContextHolder to anonymous SecurityContext
23:22:21.662 DEBUG o.s.security.web.FilterChainProxy - Secured POST /api/auth/login
23:22:21.704 DEBUG o.s.s.a.d.DaoAuthenticationProvider - Authenticated user
23:22:21.753 DEBUG o.s.s.a.d.DaoAuthenticationProvider - Authenticated user
23:22:21.780 DEBUG o.s.security.web.FilterChainProxy - Securing POST /api/auth/login
23:22:21.780 DEBUG o.s.s.w.a.AnonymousAuthenticationFilter - Set SecurityContextHolder to anonymous SecurityContext
23:22:21.780 DEBUG o.s.security.web.FilterChainProxy - Secured POST /api/auth/login
23:22:21.891 DEBUG o.s.s.a.d.DaoAuthenticationProvider - Authenticated user
23:22:21.895 DEBUG o.s.security.web.FilterChainProxy - Securing POST /api/auth/login
23:22:21.895 DEBUG o.s.s.w.a.AnonymousAuthenticationFilter - Set SecurityContextHolder to anonymous SecurityContext
23:22:21.895 DEBUG o.s.security.web.FilterChainProxy - Secured POST /api/auth/login
23:22:22.000 DEBUG o.s.s.a.d.DaoAuthenticationProvider - Authenticated user
23:22:22.034 DEBUG o.s.security.web.FilterChainProxy - Securing POST /api/auth/login
23:22:22.036 DEBUG o.s.s.w.a.AnonymousAuthenticationFilter - Set SecurityContextHolder to anonymous SecurityContext
23:22:22.036 DEBUG o.s.security.web.FilterChainProxy - Secured POST /api/auth/login
23:22:22.154 DEBUG o.s.security.web.FilterChainProxy - Securing POST /api/auth/login
23:22:22.154 DEBUG o.s.s.w.a.AnonymousAuthenticationFilter - Set SecurityContextHolder to anonymous SecurityContext
23:22:22.155 DEBUG o.s.security.web.FilterChainProxy - Secured POST /api/auth/login
23:22:22.155 DEBUG o.s.s.a.d.DaoAuthenticationProvider - Authenticated user
23:22:22.267 DEBUG o.s.s.a.d.DaoAuthenticationProvider - Authenticated user
23:22:22.268 DEBUG o.s.security.web.FilterChainProxy - Securing POST /api/auth/login
23:22:22.268 DEBUG o.s.s.w.a.AnonymousAuthenticationFilter - Set SecurityContextHolder to anonymous SecurityContext
23:22:22.269 DEBUG o.s.security.web.FilterChainProxy - Secured POST /api/auth/login
23:22:22.377 DEBUG o.s.security.web.FilterChainProxy - Securing POST /api/auth/login
23:22:22.377 DEBUG o.s.s.w.a.AnonymousAuthenticationFilter - Set SecurityContextHolder to anonymous SecurityContext
23:22:22.377 DEBUG o.s.security.web.FilterChainProxy - Secured POST /api/auth/login
23:22:22.379 DEBUG o.s.s.a.d.DaoAuthenticationProvider - Authenticated user
23:22:22.480 DEBUG o.s.s.a.d.DaoAuthenticationProvider - Authenticated user
23:22:22.494 DEBUG o.s.security.web.FilterChainProxy - Securing POST /api/auth/login
23:22:22.494 DEBUG o.s.s.w.a.AnonymousAuthenticationFilter - Set SecurityContextHolder to anonymous SecurityContext
23:22:22.495 DEBUG o.s.security.web.FilterChainProxy - Secured POST /api/auth/login
23:22:22.592 DEBUG o.s.s.a.d.DaoAuthenticationProvider - Authenticated user
23:22:22.617 DEBUG o.s.security.web.FilterChainProxy - Securing POST /api/auth/login
23:22:22.617 DEBUG o.s.s.w.a.AnonymousAuthenticationFilter - Set SecurityContextHolder to anonymous SecurityContext
23:22:22.617 DEBUG o.s.security.web.FilterChainProxy - Secured POST /api/auth/login
23:22:22.698 DEBUG o.s.s.a.d.DaoAuthenticationProvider - Authenticated user
23:22:22.798 DEBUG o.s.security.web.FilterChainProxy - Securing POST /api/auth/login
23:22:22.799 DEBUG o.s.s.w.a.AnonymousAuthenticationFilter - Set SecurityContextHolder to anonymous SecurityContext
23:22:22.799 DEBUG o.s.security.web.FilterChainProxy - Secured POST /api/auth/login
23:22:23.061 DEBUG o.s.security.web.FilterChainProxy - Securing POST /api/auth/login
23:22:23.061 DEBUG o.s.s.w.a.AnonymousAuthenticationFilter - Set SecurityContextHolder to anonymous SecurityContext
23:22:23.062 DEBUG o.s.security.web.FilterChainProxy - Secured POST /api/auth/login
23:22:23.106 DEBUG o.s.security.web.FilterChainProxy - Securing POST /api/auth/login
23:22:23.106 DEBUG o.s.s.w.a.AnonymousAuthenticationFilter - Set SecurityContextHolder to anonymous SecurityContext
23:22:23.106 DEBUG o.s.security.web.FilterChainProxy - Secured POST /api/auth/login
23:22:23.131 DEBUG o.s.s.a.d.DaoAuthenticationProvider - Authenticated user
23:22:23.143 DEBUG o.s.security.web.FilterChainProxy - Securing POST /api/auth/login
23:22:23.143 DEBUG o.s.s.w.a.AnonymousAuthenticationFilter - Set SecurityContextHolder to anonymous SecurityContext
23:22:23.143 DEBUG o.s.security.web.FilterChainProxy - Secured POST /api/auth/login
23:22:23.240 DEBUG o.s.security.web.FilterChainProxy - Securing POST /api/auth/login
23:22:23.240 DEBUG o.s.s.w.a.AnonymousAuthenticationFilter - Set SecurityContextHolder to anonymous SecurityContext
23:22:23.240 DEBUG o.s.security.web.FilterChainProxy - Secured POST /api/auth/login
23:22:23.297 DEBUG o.s.s.a.d.DaoAuthenticationProvider - Authenticated user
23:22:23.357 DEBUG o.s.security.web.FilterChainProxy - Securing POST /api/auth/login
23:22:23.357 DEBUG o.s.s.w.a.AnonymousAuthenticationFilter - Set SecurityContextHolder to anonymous SecurityContext
23:22:23.357 DEBUG o.s.security.web.FilterChainProxy - Secured POST /api/auth/login
23:22:23.361 DEBUG o.s.s.a.d.DaoAuthenticationProvider - Authenticated user
23:22:23.388 DEBUG o.s.s.a.d.DaoAuthenticationProvider - Authenticated user
23:22:23.442 DEBUG o.s.s.a.d.DaoAuthenticationProvider - Authenticated user
23:22:23.476 DEBUG o.s.security.web.FilterChainProxy - Securing POST /api/auth/login
23:22:23.477 DEBUG o.s.s.w.a.AnonymousAuthenticationFilter - Set SecurityContextHolder to anonymous SecurityContext
23:22:23.477 DEBUG o.s.security.web.FilterChainProxy - Secured POST /api/auth/login
23:22:23.507 DEBUG o.s.s.a.d.DaoAuthenticationProvider - Authenticated user
23:22:23.596 DEBUG o.s.security.web.FilterChainProxy - Securing POST /api/auth/login
23:22:23.596 DEBUG o.s.s.w.a.AnonymousAuthenticationFilter - Set SecurityContextHolder to anonymous SecurityContext
23:22:23.596 DEBUG o.s.security.web.FilterChainProxy - Secured POST /api/auth/login
23:22:23.622 DEBUG o.s.s.a.d.DaoAuthenticationProvider - Authenticated user
23:22:23.748 DEBUG o.s.security.web.FilterChainProxy - Securing POST /api/auth/login
23:22:23.748 DEBUG o.s.s.w.a.AnonymousAuthenticationFilter - Set SecurityContextHolder to anonymous SecurityContext
23:22:23.748 DEBUG o.s.security.web.FilterChainProxy - Secured POST /api/auth/login
23:22:23.823 DEBUG o.s.s.a.d.DaoAuthenticationProvider - Authenticated user
23:22:23.906 DEBUG o.s.security.web.FilterChainProxy - Securing POST /api/auth/login
23:22:23.906 DEBUG o.s.s.w.a.AnonymousAuthenticationFilter - Set SecurityContextHolder to anonymous SecurityContext
23:22:23.906 DEBUG o.s.security.web.FilterChainProxy - Secured POST /api/auth/login
23:22:24.021 DEBUG o.s.security.web.FilterChainProxy - Securing POST /api/auth/login
23:22:24.021 DEBUG o.s.s.w.a.AnonymousAuthenticationFilter - Set SecurityContextHolder to anonymous SecurityContext
23:22:24.021 DEBUG o.s.security.web.FilterChainProxy - Secured POST /api/auth/login
23:22:24.068 DEBUG o.s.s.a.d.DaoAuthenticationProvider - Authenticated user
23:22:24.143 DEBUG o.s.security.web.FilterChainProxy - Securing POST /api/auth/login
23:22:24.144 DEBUG o.s.s.w.a.AnonymousAuthenticationFilter - Set SecurityContextHolder to anonymous SecurityContext
23:22:24.144 DEBUG o.s.security.web.FilterChainProxy - Secured POST /api/auth/login
23:22:24.284 DEBUG o.s.s.a.d.DaoAuthenticationProvider - Authenticated user
23:22:24.563 DEBUG o.s.s.a.d.DaoAuthenticationProvider - Authenticated user
23:22:24.737 DEBUG o.s.s.a.d.DaoAuthenticationProvider - Authenticated user
23:22:24.765 DEBUG o.s.s.a.d.DaoAuthenticationProvider - Authenticated user
